PRIV-00001 | 0.9591 | 2.7058 | 0.8468 | CRITICAL_MEMORIZATION_LEAK_HAZARD | TRIGGER_DYNAMIC_DIFFERENTIAL_PRIVACY_NOISE | 422
PRIV-00002 | 0.9012 | 0.9180 | 0.5176 | DATA_PRIVACY_SECURE | MAINTAIN_BASELINE_PRIVACY_BUDGET | 200
PRIV-00003 | 0.6174 | 1.0218 | 0.199 | DATA_PRIVACY_SECURE | MAINTAIN_BASELINE_PRIVACY_BUDGET | 200
PRIV-00004 | 0.5664 | 2.5320 | 0.2293 | DATA_PRIVACY_SECURE | MAINTAIN_BASELINE_PRIVACY_BUDGET | 200
PRIV-00005 | 0.6708 | 1.0134 | 0.2121 | DATA_PRIVACY_SECURE | MAINTAIN_BASELINE_PRIVACY_BUDGET | 200
PRIV-00006 | 0.9131 | 2.2175 | 0.6771 | DATA_PRIVACY_SECURE | MAINTAIN_BASELINE_PRIVACY_BUDGET | 200
PRIV-00007 | 0.8529 | 2.9014 | 0.6513 | DATA_PRIVACY_SECURE | MAINTAIN_BASELINE_PRIVACY_BUDGET | 200
PRIV-00008 | 0.7578 | 1.9222 | 0.4104 | DATA_PRIVACY_SECURE | MAINTAIN_BASELINE_PRIVACY_BUDGET | 200
PRIV-00009 | 0.9965 | 1.8589 | 0.8374 | CRITICAL_MEMORIZATION_LEAK_HAZARD | TRIGGER_DYNAMIC_DIFFERENTIAL_PRIVACY_NOISE | 422
PRIV-00010 | 0.7785 | 2.3767 | 0.4534 | DATA_PRIVACY_SECURE | MAINTAIN_BASELINE_PRIVACY_BUDGET | 200
PRIV-00011 | 0.5514 | 3.0311 | 0.1414 | DATA_PRIVACY_SECURE | MAINTAIN_BASELINE_PRIVACY_BUDGET | 200
PRIV-00012 | 0.6466 | 0.9577 | 0.1767 | DATA_PRIVACY_SECURE | MAINTAIN_BASELINE_PRIVACY_BUDGET | 200
PRIV-00013 | 0.8841 | 2.7267 | 0.6583 | DATA_PRIVACY_SECURE | MAINTAIN_BASELINE_PRIVACY_BUDGET | 200
PRIV-00014 | 0.5974 | 1.2587 | 0.0895 | DATA_PRIVACY_SECURE | MAINTAIN_BASELINE_PRIVACY_BUDGET | 200
PRIV-00015 | 0.8588 | 2.8239 | 0.5288 | DATA_PRIVACY_SECURE | MAINTAIN_BASELINE_PRIVACY_BUDGET | 200
PRIV-00016 | 0.5764 | 2.3915 | 0.153 | DATA_PRIVACY_SECURE | MAINTAIN_BASELINE_PRIVACY_BUDGET | 200
PRIV-00017 | 0.8589 | 1.5126 | 0.4788 | DATA_PRIVACY_SECURE | MAINTAIN_BASELINE_PRIVACY_BUDGET | 200
PRIV-00018 | 0.6582 | 0.1342 | 0.1647 | DATA_PRIVACY_SECURE | MAINTAIN_BASELINE_PRIVACY_BUDGET | 200
PRIV-00019 | 0.9780 | 1.1853 | 0.6802 | DATA_PRIVACY_SECURE | MAINTAIN_BASELINE_PRIVACY_BUDGET | 200
PRIV-00020 | 0.9978 | 0.1863 | 0.4864 | DATA_PRIVACY_SECURE | MAINTAIN_BASELINE_PRIVACY_BUDGET | 200
PRIV-00021 | 0.5565 | 2.5317 | 0.2183 | DATA_PRIVACY_SECURE | MAINTAIN_BASELINE_PRIVACY_BUDGET | 200
PRIV-00022 | 0.8742 | 2.2950 | 0.598 | DATA_PRIVACY_SECURE | MAINTAIN_BASELINE_PRIVACY_BUDGET | 200
PRIV-00023 | 0.8918 | 3.0576 | 0.6802 | DATA_PRIVACY_SECURE | MAINTAIN_BASELINE_PRIVACY_BUDGET | 200
PRIV-00024 | 0.5781 | 2.8607 | 0.1257 | DATA_PRIVACY_SECURE | MAINTAIN_BASELINE_PRIVACY_BUDGET | 200
PRIV-00025 | 0.5101 | 3.3030 | 0.1063 | DATA_PRIVACY_SECURE | MAINTAIN_BASELINE_PRIVACY_BUDGET | 200
PRIV-00026 | 0.6084 | 1.6471 | 0.1932 | DATA_PRIVACY_SECURE | MAINTAIN_BASELINE_PRIVACY_BUDGET | 200
PRIV-00027 | 0.8131 | 0.2187 | 0.2521 | DATA_PRIVACY_SECURE | MAINTAIN_BASELINE_PRIVACY_BUDGET | 200
PRIV-00028 | 0.5575 | 2.8888 | 0.1792 | DATA_PRIVACY_SECURE | MAINTAIN_BASELINE_PRIVACY_BUDGET | 200
PRIV-00029 | 0.7905 | 2.6528 | 0.4374 | DATA_PRIVACY_SECURE | MAINTAIN_BASELINE_PRIVACY_BUDGET | 200
PRIV-00030 | 0.5234 | 1.5520 | 0.1067 | DATA_PRIVACY_SECURE | MAINTAIN_BASELINE_PRIVACY_BUDGET | 200
PRIV-00031 | 0.8770 | 0.8055 | 0.4422 | DATA_PRIVACY_SECURE | MAINTAIN_BASELINE_PRIVACY_BUDGET | 200
PRIV-00032 | 0.6090 | 0.6438 | 0.2222 | DATA_PRIVACY_SECURE | MAINTAIN_BASELINE_PRIVACY_BUDGET | 200
PRIV-00033 | 0.9342 | 1.9255 | 0.711 | DATA_PRIVACY_SECURE | MAINTAIN_BASELINE_PRIVACY_BUDGET | 200
PRIV-00034 | 0.9962 | 2.8698 | 0.8933 | CRITICAL_MEMORIZATION_LEAK_HAZARD | TRIGGER_DYNAMIC_DIFFERENTIAL_PRIVACY_NOISE | 422
PRIV-00035 | 0.7606 | 2.7978 | 0.4477 | DATA_PRIVACY_SECURE | MAINTAIN_BASELINE_PRIVACY_BUDGET | 200
PRIV-00036 | 0.9006 | 0.2949 | 0.3699 | DATA_PRIVACY_SECURE | MAINTAIN_BASELINE_PRIVACY_BUDGET | 200
PRIV-00037 | 0.9476 | 1.9609 | 0.7542 | DATA_PRIVACY_SECURE | MAINTAIN_BASELINE_PRIVACY_BUDGET | 200
PRIV-00038 | 0.8334 | 2.2059 | 0.443 | DATA_PRIVACY_SECURE | MAINTAIN_BASELINE_PRIVACY_BUDGET | 200
PRIV-00039 | 0.6405 | 1.5219 | 0.1626 | DATA_PRIVACY_SECURE | MAINTAIN_BASELINE_PRIVACY_BUDGET | 200
PRIV-00040 | 0.9513 | 1.6222 | 0.7268 | DATA_PRIVACY_SECURE | MAINTAIN_BASELINE_PRIVACY_BUDGET | 200
PRIV-00041 | 0.6268 | 0.8923 | 0.2042 | DATA_PRIVACY_SECURE | MAINTAIN_BASELINE_PRIVACY_BUDGET | 200
PRIV-00042 | 0.5370 | 1.3723 | 0.1304 | DATA_PRIVACY_SECURE | MAINTAIN_BASELINE_PRIVACY_BUDGET | 200
PRIV-00043 | 0.6992 | 3.1118 | 0.3227 | DATA_PRIVACY_SECURE | MAINTAIN_BASELINE_PRIVACY_BUDGET | 200
PRIV-00044 | 0.5914 | 3.0325 | 0.1853 | DATA_PRIVACY_SECURE | MAINTAIN_BASELINE_PRIVACY_BUDGET | 200
PRIV-00045 | 0.9933 | 0.6976 | 0.5953 | DATA_PRIVACY_SECURE | MAINTAIN_BASELINE_PRIVACY_BUDGET | 200
PRIV-00046 | 0.7106 | 2.4671 | 0.302 | DATA_PRIVACY_SECURE | MAINTAIN_BASELINE_PRIVACY_BUDGET | 200
PRIV-00047 | 0.8229 | 1.4690 | 0.4345 | DATA_PRIVACY_SECURE | MAINTAIN_BASELINE_PRIVACY_BUDGET | 200
PRIV-00048 | 0.8230 | 1.8510 | 0.5241 | DATA_PRIVACY_SECURE | MAINTAIN_BASELINE_PRIVACY_BUDGET | 200
PRIV-00049 | 0.6638 | 1.0199 | 0.2287 | DATA_PRIVACY_SECURE | MAINTAIN_BASELINE_PRIVACY_BUDGET | 200
PRIV-00050 | 0.7982 | 0.5518 | 0.2522 | DATA_PRIVACY_SECURE | MAINTAIN_BASELINE_PRIVACY_BUDGET | 200
PRIV-00051 | 0.7004 | 0.2704 | 0.2078 | DATA_PRIVACY_SECURE | MAINTAIN_BASELINE_PRIVACY_BUDGET | 200
PRIV-00052 | 0.7324 | 2.7133 | 0.353 | DATA_PRIVACY_SECURE | MAINTAIN_BASELINE_PRIVACY_BUDGET | 200
PRIV-00053 | 0.9410 | 2.9975 | 0.7667 | CRITICAL_MEMORIZATION_LEAK_HAZARD | TRIGGER_DYNAMIC_DIFFERENTIAL_PRIVACY_NOISE | 422
PRIV-00054 | 0.8305 | 3.4493 | 0.5796 | DATA_PRIVACY_SECURE | MAINTAIN_BASELINE_PRIVACY_BUDGET | 200
PRIV-00055 | 0.6029 | 2.8810 | 0.2488 | DATA_PRIVACY_SECURE | MAINTAIN_BASELINE_PRIVACY_BUDGET | 200
PRIV-00056 | 0.8449 | 2.8232 | 0.6066 | DATA_PRIVACY_SECURE | MAINTAIN_BASELINE_PRIVACY_BUDGET | 200
PRIV-00057 | 0.8574 | 1.6388 | 0.4942 | DATA_PRIVACY_SECURE | MAINTAIN_BASELINE_PRIVACY_BUDGET | 200
PRIV-00058 | 0.6138 | 1.2228 | 0.1663 | DATA_PRIVACY_SECURE | MAINTAIN_BASELINE_PRIVACY_BUDGET | 200
PRIV-00059 | 0.7014 | 1.4385 | 0.2921 | DATA_PRIVACY_SECURE | MAINTAIN_BASELINE_PRIVACY_BUDGET | 200
PRIV-00060 | 0.8045 | 0.3969 | 0.3504 | DATA_PRIVACY_SECURE | MAINTAIN_BASELINE_PRIVACY_BUDGET | 200
PRIV-00061 | 0.6990 | 1.9996 | 0.2817 | DATA_PRIVACY_SECURE | MAINTAIN_BASELINE_PRIVACY_BUDGET | 200
PRIV-00062 | 0.9899 | 2.0323 | 0.8502 | CRITICAL_MEMORIZATION_LEAK_HAZARD | TRIGGER_DYNAMIC_DIFFERENTIAL_PRIVACY_NOISE | 422
PRIV-00063 | 0.9790 | 2.4307 | 0.8183 | CRITICAL_MEMORIZATION_LEAK_HAZARD | TRIGGER_DYNAMIC_DIFFERENTIAL_PRIVACY_NOISE | 422
PRIV-00064 | 0.7037 | 0.1890 | 0.1428 | DATA_PRIVACY_SECURE | MAINTAIN_BASELINE_PRIVACY_BUDGET | 200
PRIV-00065 | 0.8425 | 2.0397 | 0.5617 | DATA_PRIVACY_SECURE | MAINTAIN_BASELINE_PRIVACY_BUDGET | 200
PRIV-00066 | 0.7739 | 1.1371 | 0.4052 | DATA_PRIVACY_SECURE | MAINTAIN_BASELINE_PRIVACY_BUDGET | 200
PRIV-00067 | 0.6188 | 2.6742 | 0.2188 | DATA_PRIVACY_SECURE | MAINTAIN_BASELINE_PRIVACY_BUDGET | 200
PRIV-00068 | 0.7348 | 2.8272 | 0.4147 | DATA_PRIVACY_SECURE | MAINTAIN_BASELINE_PRIVACY_BUDGET | 200
PRIV-00069 | 0.6854 | 0.3002 | 0.1995 | DATA_PRIVACY_SECURE | MAINTAIN_BASELINE_PRIVACY_BUDGET | 200
PRIV-00070 | 0.7273 | 2.2695 | 0.3228 | DATA_PRIVACY_SECURE | MAINTAIN_BASELINE_PRIVACY_BUDGET | 200
PRIV-00071 | 0.9053 | 2.8480 | 0.7157 | DATA_PRIVACY_SECURE | MAINTAIN_BASELINE_PRIVACY_BUDGET | 200
PRIV-00072 | 0.7517 | 0.6245 | 0.3381 | DATA_PRIVACY_SECURE | MAINTAIN_BASELINE_PRIVACY_BUDGET | 200
PRIV-00073 | 0.8159 | 2.1414 | 0.4846 | DATA_PRIVACY_SECURE | MAINTAIN_BASELINE_PRIVACY_BUDGET | 200
PRIV-00074 | 0.6482 | 0.3768 | 0.2241 | DATA_PRIVACY_SECURE | MAINTAIN_BASELINE_PRIVACY_BUDGET | 200
PRIV-00075 | 0.5981 | 1.1370 | 0.0572 | DATA_PRIVACY_SECURE | MAINTAIN_BASELINE_PRIVACY_BUDGET | 200
PRIV-00076 | 0.7958 | 0.7615 | 0.3764 | DATA_PRIVACY_SECURE | MAINTAIN_BASELINE_PRIVACY_BUDGET | 200
PRIV-00077 | 0.9104 | 1.0922 | 0.5685 | DATA_PRIVACY_SECURE | MAINTAIN_BASELINE_PRIVACY_BUDGET | 200
PRIV-00078 | 0.6077 | 3.3296 | 0.2047 | DATA_PRIVACY_SECURE | MAINTAIN_BASELINE_PRIVACY_BUDGET | 200
PRIV-00079 | 0.5099 | 0.8200 | 0.0957 | DATA_PRIVACY_SECURE | MAINTAIN_BASELINE_PRIVACY_BUDGET | 200
PRIV-00080 | 0.6549 | 2.3548 | 0.1771 | DATA_PRIVACY_SECURE | MAINTAIN_BASELINE_PRIVACY_BUDGET | 200
PRIV-00081 | 0.5741 | 2.3071 | 0.1633 | DATA_PRIVACY_SECURE | MAINTAIN_BASELINE_PRIVACY_BUDGET | 200
PRIV-00082 | 0.7654 | 1.8653 | 0.4026 | DATA_PRIVACY_SECURE | MAINTAIN_BASELINE_PRIVACY_BUDGET | 200
PRIV-00083 | 0.6493 | 0.5390 | 0.232 | DATA_PRIVACY_SECURE | MAINTAIN_BASELINE_PRIVACY_BUDGET | 200
PRIV-00084 | 0.8783 | 0.2238 | 0.3558 | DATA_PRIVACY_SECURE | MAINTAIN_BASELINE_PRIVACY_BUDGET | 200
PRIV-00085 | 0.6949 | 0.8099 | 0.1999 | DATA_PRIVACY_SECURE | MAINTAIN_BASELINE_PRIVACY_BUDGET | 200
PRIV-00086 | 0.9782 | 0.3809 | 0.5361 | DATA_PRIVACY_SECURE | MAINTAIN_BASELINE_PRIVACY_BUDGET | 200
PRIV-00087 | 0.7549 | 1.2826 | 0.3734 | DATA_PRIVACY_SECURE | MAINTAIN_BASELINE_PRIVACY_BUDGET | 200
PRIV-00088 | 0.5460 | 1.1673 | 0.1373 | DATA_PRIVACY_SECURE | MAINTAIN_BASELINE_PRIVACY_BUDGET | 200
PRIV-00089 | 0.6121 | 0.2064 | 0.1053 | DATA_PRIVACY_SECURE | MAINTAIN_BASELINE_PRIVACY_BUDGET | 200
PRIV-00090 | 0.6062 | 2.5231 | 0.2267 | DATA_PRIVACY_SECURE | MAINTAIN_BASELINE_PRIVACY_BUDGET | 200
PRIV-00091 | 0.8003 | 2.9749 | 0.4916 | DATA_PRIVACY_SECURE | MAINTAIN_BASELINE_PRIVACY_BUDGET | 200
PRIV-00092 | 0.5734 | 0.7748 | 0.1678 | DATA_PRIVACY_SECURE | MAINTAIN_BASELINE_PRIVACY_BUDGET | 200
PRIV-00093 | 0.9865 | 0.2051 | 0.5009 | DATA_PRIVACY_SECURE | MAINTAIN_BASELINE_PRIVACY_BUDGET | 200
PRIV-00094 | 0.9960 | 3.0056 | 0.9284 | CRITICAL_MEMORIZATION_LEAK_HAZARD | TRIGGER_DYNAMIC_DIFFERENTIAL_PRIVACY_NOISE | 422
PRIV-00095 | 0.6026 | 0.8113 | 0.1358 | DATA_PRIVACY_SECURE | MAINTAIN_BASELINE_PRIVACY_BUDGET | 200
PRIV-00096 | 0.5013 | 3.1474 | 0.0623 | DATA_PRIVACY_SECURE | MAINTAIN_BASELINE_PRIVACY_BUDGET | 200
PRIV-00097 | 0.6905 | 2.1096 | 0.3055 | DATA_PRIVACY_SECURE | MAINTAIN_BASELINE_PRIVACY_BUDGET | 200
PRIV-00098 | 0.8014 | 1.5445 | 0.4345 | DATA_PRIVACY_SECURE | MAINTAIN_BASELINE_PRIVACY_BUDGET | 200
PRIV-00099 | 0.6218 | 2.7354 | 0.226 | DATA_PRIVACY_SECURE | MAINTAIN_BASELINE_PRIVACY_BUDGET | 200
PRIV-00100 | 0.9862 | 2.0217 | 0.8376 | CRITICAL_MEMORIZATION_LEAK_HAZARD | TRIGGER_DYNAMIC_DIFFERENTIAL_PRIVACY_NOISE | 422
PRIV-00101 | 0.7123 | 0.4344 | 0.1627 | DATA_PRIVACY_SECURE | MAINTAIN_BASELINE_PRIVACY_BUDGET | 200
PRIV-00102 | 0.8447 | 0.4021 | 0.3443 | DATA_PRIVACY_SECURE | MAINTAIN_BASELINE_PRIVACY_BUDGET | 200
PRIV-00103 | 0.7229 | 1.9835 | 0.3184 | DATA_PRIVACY_SECURE | MAINTAIN_BASELINE_PRIVACY_BUDGET | 200
PRIV-00104 | 0.5085 | 0.2474 | 0.0418 | DATA_PRIVACY_SECURE | MAINTAIN_BASELINE_PRIVACY_BUDGET | 200
PRIV-00105 | 0.7458 | 1.6717 | 0.3427 | DATA_PRIVACY_SECURE | MAINTAIN_BASELINE_PRIVACY_BUDGET | 200
PRIV-00106 | 0.8879 | 0.7182 | 0.4866 | DATA_PRIVACY_SECURE | MAINTAIN_BASELINE_PRIVACY_BUDGET | 200
PRIV-00107 | 0.8775 | 0.5571 | 0.505 | DATA_PRIVACY_SECURE | MAINTAIN_BASELINE_PRIVACY_BUDGET | 200
PRIV-00108 | 0.8356 | 1.8724 | 0.5127 | DATA_PRIVACY_SECURE | MAINTAIN_BASELINE_PRIVACY_BUDGET | 200
PRIV-00109 | 0.8228 | 1.5903 | 0.4731 | DATA_PRIVACY_SECURE | MAINTAIN_BASELINE_PRIVACY_BUDGET | 200
PRIV-00110 | 0.6500 | 0.6802 | 0.1794 | DATA_PRIVACY_SECURE | MAINTAIN_BASELINE_PRIVACY_BUDGET | 200
PRIV-00111 | 0.6503 | 1.0364 | 0.1263 | DATA_PRIVACY_SECURE | MAINTAIN_BASELINE_PRIVACY_BUDGET | 200
PRIV-00112 | 0.9831 | 3.4602 | 0.9201 | CRITICAL_MEMORIZATION_LEAK_HAZARD | TRIGGER_DYNAMIC_DIFFERENTIAL_PRIVACY_NOISE | 422
PRIV-00113 | 0.9640 | 1.4733 | 0.7312 | DATA_PRIVACY_SECURE | MAINTAIN_BASELINE_PRIVACY_BUDGET | 200
PRIV-00114 | 0.5568 | 1.1956 | 0.2311 | DATA_PRIVACY_SECURE | MAINTAIN_BASELINE_PRIVACY_BUDGET | 200
PRIV-00115 | 0.5832 | 2.7329 | 0.1785 | DATA_PRIVACY_SECURE | MAINTAIN_BASELINE_PRIVACY_BUDGET | 200
PRIV-00116 | 0.9423 | 2.6053 | 0.7912 | CRITICAL_MEMORIZATION_LEAK_HAZARD | TRIGGER_DYNAMIC_DIFFERENTIAL_PRIVACY_NOISE | 422
PRIV-00117 | 0.7239 | 2.6992 | 0.3541 | DATA_PRIVACY_SECURE | MAINTAIN_BASELINE_PRIVACY_BUDGET | 200
PRIV-00118 | 0.8230 | 0.6898 | 0.3244 | DATA_PRIVACY_SECURE | MAINTAIN_BASELINE_PRIVACY_BUDGET | 200
PRIV-00119 | 0.5610 | 3.0990 | 0.2147 | DATA_PRIVACY_SECURE | MAINTAIN_BASELINE_PRIVACY_BUDGET | 200
PRIV-00120 | 0.9022 | 0.5677 | 0.4987 | DATA_PRIVACY_SECURE | MAINTAIN_BASELINE_PRIVACY_BUDGET | 200
PRIV-00121 | 0.7364 | 2.8764 | 0.4097 | DATA_PRIVACY_SECURE | MAINTAIN_BASELINE_PRIVACY_BUDGET | 200
PRIV-00122 | 0.6750 | 0.5403 | 0.1579 | DATA_PRIVACY_SECURE | MAINTAIN_BASELINE_PRIVACY_BUDGET | 200
PRIV-00123 | 0.9865 | 2.3146 | 0.9299 | CRITICAL_MEMORIZATION_LEAK_HAZARD | TRIGGER_DYNAMIC_DIFFERENTIAL_PRIVACY_NOISE | 422
PRIV-00124 | 0.5739 | 1.0878 | 0.0853 | DATA_PRIVACY_SECURE | MAINTAIN_BASELINE_PRIVACY_BUDGET | 200
PRIV-00125 | 0.7011 | 2.9290 | 0.3505 | DATA_PRIVACY_SECURE | MAINTAIN_BASELINE_PRIVACY_BUDGET | 200
PRIV-00126 | 0.5799 | 2.1506 | 0.2623 | DATA_PRIVACY_SECURE | MAINTAIN_BASELINE_PRIVACY_BUDGET | 200
PRIV-00127 | 0.6591 | 0.9703 | 0.1681 | DATA_PRIVACY_SECURE | MAINTAIN_BASELINE_PRIVACY_BUDGET | 200
PRIV-00128 | 0.5512 | 3.3424 | 0.1391 | DATA_PRIVACY_SECURE | MAINTAIN_BASELINE_PRIVACY_BUDGET | 200
PRIV-00129 | 0.7518 | 2.6839 | 0.4017 | DATA_PRIVACY_SECURE | MAINTAIN_BASELINE_PRIVACY_BUDGET | 200
PRIV-00130 | 0.9556 | 0.4349 | 0.5096 | DATA_PRIVACY_SECURE | MAINTAIN_BASELINE_PRIVACY_BUDGET | 200
PRIV-00131 | 0.6776 | 1.1578 | 0.1747 | DATA_PRIVACY_SECURE | MAINTAIN_BASELINE_PRIVACY_BUDGET | 200
PRIV-00132 | 0.9989 | 2.3336 | 0.9113 | CRITICAL_MEMORIZATION_LEAK_HAZARD | TRIGGER_DYNAMIC_DIFFERENTIAL_PRIVACY_NOISE | 422
PRIV-00133 | 0.8776 | 1.2216 | 0.4795 | DATA_PRIVACY_SECURE | MAINTAIN_BASELINE_PRIVACY_BUDGET | 200
PRIV-00134 | 0.7874 | 2.7977 | 0.4791 | DATA_PRIVACY_SECURE | MAINTAIN_BASELINE_PRIVACY_BUDGET | 200
PRIV-00135 | 0.5474 | 1.6701 | 0.1013 | DATA_PRIVACY_SECURE | MAINTAIN_BASELINE_PRIVACY_BUDGET | 200
PRIV-00136 | 0.7550 | 1.9449 | 0.4385 | DATA_PRIVACY_SECURE | MAINTAIN_BASELINE_PRIVACY_BUDGET | 200
PRIV-00137 | 0.8597 | 3.1894 | 0.579 | DATA_PRIVACY_SECURE | MAINTAIN_BASELINE_PRIVACY_BUDGET | 200
PRIV-00138 | 0.7287 | 1.3521 | 0.2945 | DATA_PRIVACY_SECURE | MAINTAIN_BASELINE_PRIVACY_BUDGET | 200
PRIV-00139 | 0.7876 | 3.2447 | 0.5027 | DATA_PRIVACY_SECURE | MAINTAIN_BASELINE_PRIVACY_BUDGET | 200
PRIV-00140 | 0.5886 | 3.0329 | 0.1453 | DATA_PRIVACY_SECURE | MAINTAIN_BASELINE_PRIVACY_BUDGET | 200
PRIV-00141 | 0.7972 | 1.8791 | 0.4486 | DATA_PRIVACY_SECURE | MAINTAIN_BASELINE_PRIVACY_BUDGET | 200
PRIV-00142 | 0.9780 | 2.5230 | 0.9183 | CRITICAL_MEMORIZATION_LEAK_HAZARD | TRIGGER_DYNAMIC_DIFFERENTIAL_PRIVACY_NOISE | 422
PRIV-00143 | 0.7920 | 3.0620 | 0.4104 | DATA_PRIVACY_SECURE | MAINTAIN_BASELINE_PRIVACY_BUDGET | 200
PRIV-00144 | 0.7410 | 3.1521 | 0.3975 | DATA_PRIVACY_SECURE | MAINTAIN_BASELINE_PRIVACY_BUDGET | 200
PRIV-00145 | 0.7611 | 0.1805 | 0.2506 | DATA_PRIVACY_SECURE | MAINTAIN_BASELINE_PRIVACY_BUDGET | 200
PRIV-00146 | 0.6698 | 0.7982 | 0.2385 | DATA_PRIVACY_SECURE | MAINTAIN_BASELINE_PRIVACY_BUDGET | 200
PRIV-00147 | 0.9142 | 0.3066 | 0.3906 | DATA_PRIVACY_SECURE | MAINTAIN_BASELINE_PRIVACY_BUDGET | 200
PRIV-00148 | 0.9643 | 3.1191 | 0.8059 | CRITICAL_MEMORIZATION_LEAK_HAZARD | TRIGGER_DYNAMIC_DIFFERENTIAL_PRIVACY_NOISE | 422
PRIV-00149 | 0.6450 | 1.3012 | 0.2318 | DATA_PRIVACY_SECURE | MAINTAIN_BASELINE_PRIVACY_BUDGET | 200
PRIV-00150 | 0.6243 | 0.5149 | 0.1642 | DATA_PRIVACY_SECURE | MAINTAIN_BASELINE_PRIVACY_BUDGET | 200
PRIV-00151 | 0.7917 | 3.3621 | 0.4897 | DATA_PRIVACY_SECURE | MAINTAIN_BASELINE_PRIVACY_BUDGET | 200
PRIV-00152 | 0.8082 | 3.3088 | 0.5231 | DATA_PRIVACY_SECURE | MAINTAIN_BASELINE_PRIVACY_BUDGET | 200
PRIV-00153 | 0.7744 | 1.1694 | 0.3272 | DATA_PRIVACY_SECURE | MAINTAIN_BASELINE_PRIVACY_BUDGET | 200
PRIV-00154 | 0.8782 | 0.6384 | 0.4526 | DATA_PRIVACY_SECURE | MAINTAIN_BASELINE_PRIVACY_BUDGET | 200
PRIV-00155 | 0.6804 | 2.0454 | 0.2907 | DATA_PRIVACY_SECURE | MAINTAIN_BASELINE_PRIVACY_BUDGET | 200
PRIV-00156 | 0.7182 | 0.1965 | 0.1748 | DATA_PRIVACY_SECURE | MAINTAIN_BASELINE_PRIVACY_BUDGET | 200
PRIV-00157 | 0.8980 | 2.3204 | 0.7339 | DATA_PRIVACY_SECURE | MAINTAIN_BASELINE_PRIVACY_BUDGET | 200
PRIV-00158 | 0.6315 | 2.0349 | 0.2417 | DATA_PRIVACY_SECURE | MAINTAIN_BASELINE_PRIVACY_BUDGET | 200
PRIV-00159 | 0.6260 | 2.4857 | 0.1788 | DATA_PRIVACY_SECURE | MAINTAIN_BASELINE_PRIVACY_BUDGET | 200
PRIV-00160 | 0.6384 | 0.9535 | 0.214 | DATA_PRIVACY_SECURE | MAINTAIN_BASELINE_PRIVACY_BUDGET | 200
PRIV-00161 | 0.8561 | 3.0962 | 0.5614 | DATA_PRIVACY_SECURE | MAINTAIN_BASELINE_PRIVACY_BUDGET | 200
PRIV-00162 | 0.9424 | 2.8607 | 0.8232 | CRITICAL_MEMORIZATION_LEAK_HAZARD | TRIGGER_DYNAMIC_DIFFERENTIAL_PRIVACY_NOISE | 422
PRIV-00163 | 0.7292 | 1.8437 | 0.3811 | DATA_PRIVACY_SECURE | MAINTAIN_BASELINE_PRIVACY_BUDGET | 200
PRIV-00164 | 0.7008 | 2.7908 | 0.2914 | DATA_PRIVACY_SECURE | MAINTAIN_BASELINE_PRIVACY_BUDGET | 200
PRIV-00165 | 0.7048 | 0.9127 | 0.2884 | DATA_PRIVACY_SECURE | MAINTAIN_BASELINE_PRIVACY_BUDGET | 200
PRIV-00166 | 0.6941 | 3.1119 | 0.3367 | DATA_PRIVACY_SECURE | MAINTAIN_BASELINE_PRIVACY_BUDGET | 200
PRIV-00167 | 0.7497 | 2.9357 | 0.433 | DATA_PRIVACY_SECURE | MAINTAIN_BASELINE_PRIVACY_BUDGET | 200
PRIV-00168 | 0.7259 | 3.0199 | 0.4406 | DATA_PRIVACY_SECURE | MAINTAIN_BASELINE_PRIVACY_BUDGET | 200
PRIV-00169 | 0.8179 | 3.4623 | 0.5208 | DATA_PRIVACY_SECURE | MAINTAIN_BASELINE_PRIVACY_BUDGET | 200
PRIV-00170 | 0.8733 | 0.4205 | 0.3719 | DATA_PRIVACY_SECURE | MAINTAIN_BASELINE_PRIVACY_BUDGET | 200
PRIV-00171 | 0.9919 | 0.6293 | 0.601 | DATA_PRIVACY_SECURE | MAINTAIN_BASELINE_PRIVACY_BUDGET | 200
PRIV-00172 | 0.5793 | 0.1791 | 0.0732 | DATA_PRIVACY_SECURE | MAINTAIN_BASELINE_PRIVACY_BUDGET | 200
PRIV-00173 | 0.9221 | 0.9652 | 0.5647 | DATA_PRIVACY_SECURE | MAINTAIN_BASELINE_PRIVACY_BUDGET | 200
PRIV-00174 | 0.5802 | 0.7992 | 0.1484 | DATA_PRIVACY_SECURE | MAINTAIN_BASELINE_PRIVACY_BUDGET | 200
PRIV-00175 | 0.7673 | 3.0934 | 0.4432 | DATA_PRIVACY_SECURE | MAINTAIN_BASELINE_PRIVACY_BUDGET | 200
PRIV-00176 | 0.7615 | 0.6646 | 0.3247 | DATA_PRIVACY_SECURE | MAINTAIN_BASELINE_PRIVACY_BUDGET | 200
PRIV-00177 | 0.7042 | 0.2312 | 0.1952 | DATA_PRIVACY_SECURE | MAINTAIN_BASELINE_PRIVACY_BUDGET | 200
PRIV-00178 | 0.7310 | 1.9813 | 0.4014 | DATA_PRIVACY_SECURE | MAINTAIN_BASELINE_PRIVACY_BUDGET | 200
PRIV-00179 | 0.7687 | 1.6204 | 0.3686 | DATA_PRIVACY_SECURE | MAINTAIN_BASELINE_PRIVACY_BUDGET | 200
PRIV-00180 | 0.8924 | 1.2748 | 0.6643 | DATA_PRIVACY_SECURE | MAINTAIN_BASELINE_PRIVACY_BUDGET | 200
PRIV-00181 | 0.9774 | 3.0331 | 0.9157 | CRITICAL_MEMORIZATION_LEAK_HAZARD | TRIGGER_DYNAMIC_DIFFERENTIAL_PRIVACY_NOISE | 422
PRIV-00182 | 0.7276 | 3.3477 | 0.3378 | DATA_PRIVACY_SECURE | MAINTAIN_BASELINE_PRIVACY_BUDGET | 200
PRIV-00183 | 0.7195 | 1.7317 | 0.2736 | DATA_PRIVACY_SECURE | MAINTAIN_BASELINE_PRIVACY_BUDGET | 200
PRIV-00184 | 0.9956 | 0.8409 | 0.7088 | DATA_PRIVACY_SECURE | MAINTAIN_BASELINE_PRIVACY_BUDGET | 200
PRIV-00185 | 0.7548 | 2.3954 | 0.3852 | DATA_PRIVACY_SECURE | MAINTAIN_BASELINE_PRIVACY_BUDGET | 200
PRIV-00186 | 0.9221 | 3.3855 | 0.7868 | CRITICAL_MEMORIZATION_LEAK_HAZARD | TRIGGER_DYNAMIC_DIFFERENTIAL_PRIVACY_NOISE | 422
PRIV-00187 | 0.8872 | 1.2175 | 0.5579 | DATA_PRIVACY_SECURE | MAINTAIN_BASELINE_PRIVACY_BUDGET | 200
PRIV-00188 | 0.8711 | 2.8491 | 0.6219 | DATA_PRIVACY_SECURE | MAINTAIN_BASELINE_PRIVACY_BUDGET | 200
PRIV-00189 | 0.9799 | 2.1142 | 0.8058 | CRITICAL_MEMORIZATION_LEAK_HAZARD | TRIGGER_DYNAMIC_DIFFERENTIAL_PRIVACY_NOISE | 422
PRIV-00190 | 0.6069 | 2.7968 | 0.1501 | DATA_PRIVACY_SECURE | MAINTAIN_BASELINE_PRIVACY_BUDGET | 200
PRIV-00191 | 0.8341 | 2.6718 | 0.525 | DATA_PRIVACY_SECURE | MAINTAIN_BASELINE_PRIVACY_BUDGET | 200
PRIV-00192 | 0.6331 | 1.5478 | 0.2435 | DATA_PRIVACY_SECURE | MAINTAIN_BASELINE_PRIVACY_BUDGET | 200
PRIV-00193 | 0.7143 | 2.3709 | 0.3418 | DATA_PRIVACY_SECURE | MAINTAIN_BASELINE_PRIVACY_BUDGET | 200
PRIV-00194 | 0.6411 | 0.1463 | 0.0915 | DATA_PRIVACY_SECURE | MAINTAIN_BASELINE_PRIVACY_BUDGET | 200
PRIV-00195 | 0.5075 | 3.3127 | 0.1331 | DATA_PRIVACY_SECURE | MAINTAIN_BASELINE_PRIVACY_BUDGET | 200
PRIV-00196 | 0.9066 | 2.4542 | 0.7015 | DATA_PRIVACY_SECURE | MAINTAIN_BASELINE_PRIVACY_BUDGET | 200
PRIV-00197 | 0.9878 | 3.3072 | 0.8945 | CRITICAL_MEMORIZATION_LEAK_HAZARD | TRIGGER_DYNAMIC_DIFFERENTIAL_PRIVACY_NOISE | 422
PRIV-00198 | 0.6882 | 1.2225 | 0.258 | DATA_PRIVACY_SECURE | MAINTAIN_BASELINE_PRIVACY_BUDGET | 200
PRIV-00199 | 0.8332 | 3.0568 | 0.5548 | DATA_PRIVACY_SECURE | MAINTAIN_BASELINE_PRIVACY_BUDGET | 200
PRIV-00200 | 0.5322 | 0.1366 | 0.0348 | DATA_PRIVACY_SECURE | MAINTAIN_BASELINE_PRIVACY_BUDGET | 200
PRIV-00201 | 0.5071 | 0.5164 | 0.096 | DATA_PRIVACY_SECURE | MAINTAIN_BASELINE_PRIVACY_BUDGET | 200
PRIV-00202 | 0.8711 | 0.2613 | 0.3958 | DATA_PRIVACY_SECURE | MAINTAIN_BASELINE_PRIVACY_BUDGET | 200
PRIV-00203 | 0.5565 | 0.5028 | 0.1507 | DATA_PRIVACY_SECURE | MAINTAIN_BASELINE_PRIVACY_BUDGET | 200
PRIV-00204 | 0.7197 | 2.8568 | 0.3947 | DATA_PRIVACY_SECURE | MAINTAIN_BASELINE_PRIVACY_BUDGET | 200
PRIV-00205 | 0.5249 | 0.8689 | 0.0468 | DATA_PRIVACY_SECURE | MAINTAIN_BASELINE_PRIVACY_BUDGET | 200
PRIV-00206 | 0.7787 | 0.2195 | 0.2244 | DATA_PRIVACY_SECURE | MAINTAIN_BASELINE_PRIVACY_BUDGET | 200
PRIV-00207 | 0.6823 | 0.5229 | 0.22 | DATA_PRIVACY_SECURE | MAINTAIN_BASELINE_PRIVACY_BUDGET | 200
PRIV-00208 | 0.9668 | 2.7093 | 0.8677 | CRITICAL_MEMORIZATION_LEAK_HAZARD | TRIGGER_DYNAMIC_DIFFERENTIAL_PRIVACY_NOISE | 422
PRIV-00209 | 0.5260 | 1.6645 | 0.143 | DATA_PRIVACY_SECURE | MAINTAIN_BASELINE_PRIVACY_BUDGET | 200
PRIV-00210 | 0.5312 | 0.9528 | 0.2623 | DATA_PRIVACY_SECURE | MAINTAIN_BASELINE_PRIVACY_BUDGET | 200
PRIV-00211 | 0.8719 | 1.2712 | 0.5405 | DATA_PRIVACY_SECURE | MAINTAIN_BASELINE_PRIVACY_BUDGET | 200
PRIV-00212 | 0.7147 | 1.0136 | 0.3133 | DATA_PRIVACY_SECURE | MAINTAIN_BASELINE_PRIVACY_BUDGET | 200
PRIV-00213 | 0.8900 | 1.3086 | 0.5933 | DATA_PRIVACY_SECURE | MAINTAIN_BASELINE_PRIVACY_BUDGET | 200
PRIV-00214 | 0.7294 | 3.0588 | 0.3967 | DATA_PRIVACY_SECURE | MAINTAIN_BASELINE_PRIVACY_BUDGET | 200
PRIV-00215 | 0.6673 | 1.3710 | 0.2243 | DATA_PRIVACY_SECURE | MAINTAIN_BASELINE_PRIVACY_BUDGET | 200
PRIV-00216 | 0.8255 | 1.9758 | 0.5243 | DATA_PRIVACY_SECURE | MAINTAIN_BASELINE_PRIVACY_BUDGET | 200
PRIV-00217 | 0.9297 | 0.3039 | 0.4314 | DATA_PRIVACY_SECURE | MAINTAIN_BASELINE_PRIVACY_BUDGET | 200
PRIV-00218 | 0.8443 | 2.4955 | 0.5465 | DATA_PRIVACY_SECURE | MAINTAIN_BASELINE_PRIVACY_BUDGET | 200
PRIV-00219 | 0.8399 | 0.7461 | 0.3824 | DATA_PRIVACY_SECURE | MAINTAIN_BASELINE_PRIVACY_BUDGET | 200
PRIV-00220 | 0.8079 | 1.3421 | 0.4213 | DATA_PRIVACY_SECURE | MAINTAIN_BASELINE_PRIVACY_BUDGET | 200
PRIV-00221 | 0.9876 | 3.0623 | 1.0 | CRITICAL_MEMORIZATION_LEAK_HAZARD | TRIGGER_DYNAMIC_DIFFERENTIAL_PRIVACY_NOISE | 422
PRIV-00222 | 0.7184 | 2.3693 | 0.2643 | DATA_PRIVACY_SECURE | MAINTAIN_BASELINE_PRIVACY_BUDGET | 200
PRIV-00223 | 0.7626 | 0.7420 | 0.3279 | DATA_PRIVACY_SECURE | MAINTAIN_BASELINE_PRIVACY_BUDGET | 200
PRIV-00224 | 0.6143 | 1.2031 | 0.1138 | DATA_PRIVACY_SECURE | MAINTAIN_BASELINE_PRIVACY_BUDGET | 200
PRIV-00225 | 0.8502 | 1.8768 | 0.5141 | DATA_PRIVACY_SECURE | MAINTAIN_BASELINE_PRIVACY_BUDGET | 200
PRIV-00226 | 0.8201 | 2.3175 | 0.5457 | DATA_PRIVACY_SECURE | MAINTAIN_BASELINE_PRIVACY_BUDGET | 200
PRIV-00227 | 0.7895 | 1.6837 | 0.4175 | DATA_PRIVACY_SECURE | MAINTAIN_BASELINE_PRIVACY_BUDGET | 200
PRIV-00228 | 0.7286 | 0.3581 | 0.1845 | DATA_PRIVACY_SECURE | MAINTAIN_BASELINE_PRIVACY_BUDGET | 200
PRIV-00229 | 0.7396 | 2.8199 | 0.3532 | DATA_PRIVACY_SECURE | MAINTAIN_BASELINE_PRIVACY_BUDGET | 200
PRIV-00230 | 0.6481 | 2.0886 | 0.2694 | DATA_PRIVACY_SECURE | MAINTAIN_BASELINE_PRIVACY_BUDGET | 200
PRIV-00231 | 0.8808 | 1.9170 | 0.5666 | DATA_PRIVACY_SECURE | MAINTAIN_BASELINE_PRIVACY_BUDGET | 200
PRIV-00232 | 0.8599 | 3.3702 | 0.6233 | DATA_PRIVACY_SECURE | MAINTAIN_BASELINE_PRIVACY_BUDGET | 200
PRIV-00233 | 0.5999 | 0.6501 | 0.1437 | DATA_PRIVACY_SECURE | MAINTAIN_BASELINE_PRIVACY_BUDGET | 200
PRIV-00234 | 0.7942 | 2.8562 | 0.4477 | DATA_PRIVACY_SECURE | MAINTAIN_BASELINE_PRIVACY_BUDGET | 200
PRIV-00235 | 0.5465 | 3.2432 | 0.2428 | DATA_PRIVACY_SECURE | MAINTAIN_BASELINE_PRIVACY_BUDGET | 200
PRIV-00236 | 0.6002 | 1.9821 | 0.2154 | DATA_PRIVACY_SECURE | MAINTAIN_BASELINE_PRIVACY_BUDGET | 200
PRIV-00237 | 0.6759 | 0.6717 | 0.1234 | DATA_PRIVACY_SECURE | MAINTAIN_BASELINE_PRIVACY_BUDGET | 200
PRIV-00238 | 0.5369 | 0.3603 | 0.0986 | DATA_PRIVACY_SECURE | MAINTAIN_BASELINE_PRIVACY_BUDGET | 200
PRIV-00239 | 0.8529 | 3.1734 | 0.5691 | DATA_PRIVACY_SECURE | MAINTAIN_BASELINE_PRIVACY_BUDGET | 200
PRIV-00240 | 0.6561 | 3.3368 | 0.3068 | DATA_PRIVACY_SECURE | MAINTAIN_BASELINE_PRIVACY_BUDGET | 200
PRIV-00241 | 0.5500 | 0.8883 | 0.0862 | DATA_PRIVACY_SECURE | MAINTAIN_BASELINE_PRIVACY_BUDGET | 200
PRIV-00242 | 0.5580 | 3.4051 | 0.1636 | DATA_PRIVACY_SECURE | MAINTAIN_BASELINE_PRIVACY_BUDGET | 200
PRIV-00243 | 0.8099 | 3.2510 | 0.5317 | DATA_PRIVACY_SECURE | MAINTAIN_BASELINE_PRIVACY_BUDGET | 200
PRIV-00244 | 0.7477 | 2.6841 | 0.4259 | DATA_PRIVACY_SECURE | MAINTAIN_BASELINE_PRIVACY_BUDGET | 200
PRIV-00245 | 0.7886 | 1.2781 | 0.3356 | DATA_PRIVACY_SECURE | MAINTAIN_BASELINE_PRIVACY_BUDGET | 200
PRIV-00246 | 0.6790 | 1.0388 | 0.2178 | DATA_PRIVACY_SECURE | MAINTAIN_BASELINE_PRIVACY_BUDGET | 200
PRIV-00247 | 0.9259 | 0.6580 | 0.5039 | DATA_PRIVACY_SECURE | MAINTAIN_BASELINE_PRIVACY_BUDGET | 200
PRIV-00248 | 0.8857 | 0.8493 | 0.4605 | DATA_PRIVACY_SECURE | MAINTAIN_BASELINE_PRIVACY_BUDGET | 200
PRIV-00249 | 0.7526 | 1.6442 | 0.4279 | DATA_PRIVACY_SECURE | MAINTAIN_BASELINE_PRIVACY_BUDGET | 200
PRIV-00250 | 0.9953 | 2.6007 | 0.934 | CRITICAL_MEMORIZATION_LEAK_HAZARD | TRIGGER_DYNAMIC_DIFFERENTIAL_PRIVACY_NOISE | 422
PRIV-00251 | 0.9408 | 1.4896 | 0.6291 | DATA_PRIVACY_SECURE | MAINTAIN_BASELINE_PRIVACY_BUDGET | 200
PRIV-00252 | 0.7194 | 1.7640 | 0.3546 | DATA_PRIVACY_SECURE | MAINTAIN_BASELINE_PRIVACY_BUDGET | 200
PRIV-00253 | 0.6515 | 1.6762 | 0.3178 | DATA_PRIVACY_SECURE | MAINTAIN_BASELINE_PRIVACY_BUDGET | 200
PRIV-00254 | 0.5927 | 3.4993 | 0.2434 | DATA_PRIVACY_SECURE | MAINTAIN_BASELINE_PRIVACY_BUDGET | 200
PRIV-00255 | 0.5433 | 1.5765 | 0.0722 | DATA_PRIVACY_SECURE | MAINTAIN_BASELINE_PRIVACY_BUDGET | 200
PRIV-00256 | 0.6258 | 1.5242 | 0.1819 | DATA_PRIVACY_SECURE | MAINTAIN_BASELINE_PRIVACY_BUDGET | 200
PRIV-00257 | 0.5572 | 2.2922 | 0.2078 | DATA_PRIVACY_SECURE | MAINTAIN_BASELINE_PRIVACY_BUDGET | 200
PRIV-00258 | 0.8308 | 0.3390 | 0.3066 | DATA_PRIVACY_SECURE | MAINTAIN_BASELINE_PRIVACY_BUDGET | 200
PRIV-00259 | 0.7739 | 2.5456 | 0.4476 | DATA_PRIVACY_SECURE | MAINTAIN_BASELINE_PRIVACY_BUDGET | 200
PRIV-00260 | 0.8239 | 1.4080 | 0.4803 | DATA_PRIVACY_SECURE | MAINTAIN_BASELINE_PRIVACY_BUDGET | 200
PRIV-00261 | 0.7716 | 2.3570 | 0.3826 | DATA_PRIVACY_SECURE | MAINTAIN_BASELINE_PRIVACY_BUDGET | 200
PRIV-00262 | 0.7289 | 3.0642 | 0.3676 | DATA_PRIVACY_SECURE | MAINTAIN_BASELINE_PRIVACY_BUDGET | 200
PRIV-00263 | 0.9644 | 1.8391 | 0.6444 | DATA_PRIVACY_SECURE | MAINTAIN_BASELINE_PRIVACY_BUDGET | 200
PRIV-00264 | 0.5237 | 2.9612 | 0.0956 | DATA_PRIVACY_SECURE | MAINTAIN_BASELINE_PRIVACY_BUDGET | 200
PRIV-00265 | 0.7566 | 1.7021 | 0.3562 | DATA_PRIVACY_SECURE | MAINTAIN_BASELINE_PRIVACY_BUDGET | 200
PRIV-00266 | 0.7490 | 2.9113 | 0.3485 | DATA_PRIVACY_SECURE | MAINTAIN_BASELINE_PRIVACY_BUDGET | 200
PRIV-00267 | 0.5734 | 3.3251 | 0.2473 | DATA_PRIVACY_SECURE | MAINTAIN_BASELINE_PRIVACY_BUDGET | 200
PRIV-00268 | 0.7545 | 0.3592 | 0.1957 | DATA_PRIVACY_SECURE | MAINTAIN_BASELINE_PRIVACY_BUDGET | 200
PRIV-00269 | 0.5506 | 0.8212 | 0.0983 | DATA_PRIVACY_SECURE | MAINTAIN_BASELINE_PRIVACY_BUDGET | 200
PRIV-00270 | 0.8094 | 3.4819 | 0.5197 | DATA_PRIVACY_SECURE | MAINTAIN_BASELINE_PRIVACY_BUDGET | 200
PRIV-00271 | 0.6475 | 1.7909 | 0.2904 | DATA_PRIVACY_SECURE | MAINTAIN_BASELINE_PRIVACY_BUDGET | 200
PRIV-00272 | 0.8056 | 0.8458 | 0.3083 | DATA_PRIVACY_SECURE | MAINTAIN_BASELINE_PRIVACY_BUDGET | 200
PRIV-00273 | 0.9496 | 2.2625 | 0.8222 | CRITICAL_MEMORIZATION_LEAK_HAZARD | TRIGGER_DYNAMIC_DIFFERENTIAL_PRIVACY_NOISE | 422
PRIV-00274 | 0.5831 | 2.4322 | 0.1827 | DATA_PRIVACY_SECURE | MAINTAIN_BASELINE_PRIVACY_BUDGET | 200
PRIV-00275 | 0.7633 | 0.8210 | 0.2696 | DATA_PRIVACY_SECURE | MAINTAIN_BASELINE_PRIVACY_BUDGET | 200
PRIV-00276 | 0.8093 | 3.3383 | 0.5304 | DATA_PRIVACY_SECURE | MAINTAIN_BASELINE_PRIVACY_BUDGET | 200
PRIV-00277 | 0.6970 | 0.4959 | 0.2184 | DATA_PRIVACY_SECURE | MAINTAIN_BASELINE_PRIVACY_BUDGET | 200
PRIV-00278 | 0.9162 | 0.7249 | 0.4941 | DATA_PRIVACY_SECURE | MAINTAIN_BASELINE_PRIVACY_BUDGET | 200
PRIV-00279 | 0.8222 | 0.8576 | 0.3931 | DATA_PRIVACY_SECURE | MAINTAIN_BASELINE_PRIVACY_BUDGET | 200
PRIV-00280 | 0.7790 | 3.4550 | 0.4428 | DATA_PRIVACY_SECURE | MAINTAIN_BASELINE_PRIVACY_BUDGET | 200
PRIV-00281 | 0.7197 | 3.3158 | 0.3643 | DATA_PRIVACY_SECURE | MAINTAIN_BASELINE_PRIVACY_BUDGET | 200
PRIV-00282 | 0.8925 | 0.3226 | 0.4388 | DATA_PRIVACY_SECURE | MAINTAIN_BASELINE_PRIVACY_BUDGET | 200
PRIV-00283 | 0.5924 | 2.5971 | 0.2569 | DATA_PRIVACY_SECURE | MAINTAIN_BASELINE_PRIVACY_BUDGET | 200
PRIV-00284 | 0.6361 | 2.9114 | 0.1946 | DATA_PRIVACY_SECURE | MAINTAIN_BASELINE_PRIVACY_BUDGET | 200
PRIV-00285 | 0.5459 | 2.6765 | 0.2376 | DATA_PRIVACY_SECURE | MAINTAIN_BASELINE_PRIVACY_BUDGET | 200
PRIV-00286 | 0.8810 | 1.9780 | 0.5225 | DATA_PRIVACY_SECURE | MAINTAIN_BASELINE_PRIVACY_BUDGET | 200
PRIV-00287 | 0.7665 | 0.4150 | 0.2652 | DATA_PRIVACY_SECURE | MAINTAIN_BASELINE_PRIVACY_BUDGET | 200
PRIV-00288 | 0.8708 | 0.4891 | 0.4329 | DATA_PRIVACY_SECURE | MAINTAIN_BASELINE_PRIVACY_BUDGET | 200
PRIV-00289 | 0.6131 | 3.3820 | 0.2341 | DATA_PRIVACY_SECURE | MAINTAIN_BASELINE_PRIVACY_BUDGET | 200
PRIV-00290 | 0.7177 | 2.2621 | 0.3099 | DATA_PRIVACY_SECURE | MAINTAIN_BASELINE_PRIVACY_BUDGET | 200
PRIV-00291 | 0.9013 | 0.3629 | 0.4234 | DATA_PRIVACY_SECURE | MAINTAIN_BASELINE_PRIVACY_BUDGET | 200
PRIV-00292 | 0.9499 | 3.1263 | 0.8015 | CRITICAL_MEMORIZATION_LEAK_HAZARD | TRIGGER_DYNAMIC_DIFFERENTIAL_PRIVACY_NOISE | 422
PRIV-00293 | 0.9906 | 3.2843 | 0.9134 | CRITICAL_MEMORIZATION_LEAK_HAZARD | TRIGGER_DYNAMIC_DIFFERENTIAL_PRIVACY_NOISE | 422
PRIV-00294 | 0.7830 | 0.7861 | 0.3638 | DATA_PRIVACY_SECURE | MAINTAIN_BASELINE_PRIVACY_BUDGET | 200
PRIV-00295 | 0.7139 | 0.9891 | 0.2794 | DATA_PRIVACY_SECURE | MAINTAIN_BASELINE_PRIVACY_BUDGET | 200
PRIV-00296 | 0.7849 | 0.4525 | 0.2678 | DATA_PRIVACY_SECURE | MAINTAIN_BASELINE_PRIVACY_BUDGET | 200
PRIV-00297 | 0.5590 | 3.1223 | 0.2033 | DATA_PRIVACY_SECURE | MAINTAIN_BASELINE_PRIVACY_BUDGET | 200
PRIV-00298 | 0.9163 | 1.4930 | 0.6406 | DATA_PRIVACY_SECURE | MAINTAIN_BASELINE_PRIVACY_BUDGET | 200
PRIV-00299 | 0.8668 | 2.4833 | 0.6336 | DATA_PRIVACY_SECURE | MAINTAIN_BASELINE_PRIVACY_BUDGET | 200
PRIV-00300 | 0.7342 | 1.1832 | 0.3282 | DATA_PRIVACY_SECURE | MAINTAIN_BASELINE_PRIVACY_BUDGET | 200
PRIV-00301 | 0.8224 | 2.0715 | 0.4608 | DATA_PRIVACY_SECURE | MAINTAIN_BASELINE_PRIVACY_BUDGET | 200
PRIV-00302 | 0.5934 | 1.9628 | 0.1608 | DATA_PRIVACY_SECURE | MAINTAIN_BASELINE_PRIVACY_BUDGET | 200
PRIV-00303 | 0.8064 | 0.4536 | 0.3505 | DATA_PRIVACY_SECURE | MAINTAIN_BASELINE_PRIVACY_BUDGET | 200
PRIV-00304 | 0.9491 | 3.2922 | 0.8486 | CRITICAL_MEMORIZATION_LEAK_HAZARD | TRIGGER_DYNAMIC_DIFFERENTIAL_PRIVACY_NOISE | 422
PRIV-00305 | 0.9149 | 0.6735 | 0.5064 | DATA_PRIVACY_SECURE | MAINTAIN_BASELINE_PRIVACY_BUDGET | 200
PRIV-00306 | 0.8167 | 1.2652 | 0.4296 | DATA_PRIVACY_SECURE | MAINTAIN_BASELINE_PRIVACY_BUDGET | 200
PRIV-00307 | 0.6978 | 2.4996 | 0.3651 | DATA_PRIVACY_SECURE | MAINTAIN_BASELINE_PRIVACY_BUDGET | 200
PRIV-00308 | 0.5946 | 1.3385 | 0.1429 | DATA_PRIVACY_SECURE | MAINTAIN_BASELINE_PRIVACY_BUDGET | 200
PRIV-00309 | 0.6878 | 0.3960 | 0.2164 | DATA_PRIVACY_SECURE | MAINTAIN_BASELINE_PRIVACY_BUDGET | 200
PRIV-00310 | 0.5886 | 1.0466 | 0.1429 | DATA_PRIVACY_SECURE | MAINTAIN_BASELINE_PRIVACY_BUDGET | 200
PRIV-00311 | 0.7027 | 1.0134 | 0.2459 | DATA_PRIVACY_SECURE | MAINTAIN_BASELINE_PRIVACY_BUDGET | 200
PRIV-00312 | 0.5512 | 2.0967 | 0.1931 | DATA_PRIVACY_SECURE | MAINTAIN_BASELINE_PRIVACY_BUDGET | 200
PRIV-00313 | 0.5797 | 2.2909 | 0.2099 | DATA_PRIVACY_SECURE | MAINTAIN_BASELINE_PRIVACY_BUDGET | 200
PRIV-00314 | 0.6914 | 0.1476 | 0.2099 | DATA_PRIVACY_SECURE | MAINTAIN_BASELINE_PRIVACY_BUDGET | 200
PRIV-00315 | 0.7892 | 2.9432 | 0.5191 | DATA_PRIVACY_SECURE | MAINTAIN_BASELINE_PRIVACY_BUDGET | 200
PRIV-00316 | 0.8172 | 2.5766 | 0.508 | DATA_PRIVACY_SECURE | MAINTAIN_BASELINE_PRIVACY_BUDGET | 200
PRIV-00317 | 0.5792 | 0.8620 | 0.1639 | DATA_PRIVACY_SECURE | MAINTAIN_BASELINE_PRIVACY_BUDGET | 200
PRIV-00318 | 0.9732 | 1.3653 | 0.7219 | DATA_PRIVACY_SECURE | MAINTAIN_BASELINE_PRIVACY_BUDGET | 200
PRIV-00319 | 0.6581 | 1.1440 | 0.2291 | DATA_PRIVACY_SECURE | MAINTAIN_BASELINE_PRIVACY_BUDGET | 200
PRIV-00320 | 0.7010 | 2.9994 | 0.3229 | DATA_PRIVACY_SECURE | MAINTAIN_BASELINE_PRIVACY_BUDGET | 200
PRIV-00321 | 0.9596 | 0.4695 | 0.5475 | DATA_PRIVACY_SECURE | MAINTAIN_BASELINE_PRIVACY_BUDGET | 200
PRIV-00322 | 0.8452 | 0.8833 | 0.451 | DATA_PRIVACY_SECURE | MAINTAIN_BASELINE_PRIVACY_BUDGET | 200
PRIV-00323 | 0.7679 | 3.1735 | 0.402 | DATA_PRIVACY_SECURE | MAINTAIN_BASELINE_PRIVACY_BUDGET | 200
PRIV-00324 | 0.7533 | 0.8387 | 0.3821 | DATA_PRIVACY_SECURE | MAINTAIN_BASELINE_PRIVACY_BUDGET | 200
PRIV-00325 | 0.5247 | 2.3410 | 0.0916 | DATA_PRIVACY_SECURE | MAINTAIN_BASELINE_PRIVACY_BUDGET | 200
PRIV-00326 | 0.7342 | 0.3228 | 0.181 | DATA_PRIVACY_SECURE | MAINTAIN_BASELINE_PRIVACY_BUDGET | 200
PRIV-00327 | 0.8854 | 3.1977 | 0.7133 | DATA_PRIVACY_SECURE | MAINTAIN_BASELINE_PRIVACY_BUDGET | 200
PRIV-00328 | 0.9956 | 2.8345 | 0.9637 | CRITICAL_MEMORIZATION_LEAK_HAZARD | TRIGGER_DYNAMIC_DIFFERENTIAL_PRIVACY_NOISE | 422
PRIV-00329 | 0.9952 | 0.9301 | 0.7318 | DATA_PRIVACY_SECURE | MAINTAIN_BASELINE_PRIVACY_BUDGET | 200
PRIV-00330 | 0.9165 | 0.8908 | 0.571 | DATA_PRIVACY_SECURE | MAINTAIN_BASELINE_PRIVACY_BUDGET | 200
PRIV-00331 | 0.5397 | 1.7889 | 0.1342 | DATA_PRIVACY_SECURE | MAINTAIN_BASELINE_PRIVACY_BUDGET | 200
PRIV-00332 | 0.6693 | 1.3286 | 0.2012 | DATA_PRIVACY_SECURE | MAINTAIN_BASELINE_PRIVACY_BUDGET | 200
PRIV-00333 | 0.7678 | 3.1092 | 0.4364 | DATA_PRIVACY_SECURE | MAINTAIN_BASELINE_PRIVACY_BUDGET | 200
PRIV-00334 | 0.6432 | 2.2531 | 0.2137 | DATA_PRIVACY_SECURE | MAINTAIN_BASELINE_PRIVACY_BUDGET | 200
PRIV-00335 | 0.7115 | 2.9046 | 0.3805 | DATA_PRIVACY_SECURE | MAINTAIN_BASELINE_PRIVACY_BUDGET | 200
PRIV-00336 | 0.9679 | 2.4859 | 0.8312 | CRITICAL_MEMORIZATION_LEAK_HAZARD | TRIGGER_DYNAMIC_DIFFERENTIAL_PRIVACY_NOISE | 422
PRIV-00337 | 0.8224 | 0.5100 | 0.3145 | DATA_PRIVACY_SECURE | MAINTAIN_BASELINE_PRIVACY_BUDGET | 200
PRIV-00338 | 0.9692 | 2.0622 | 0.7947 | CRITICAL_MEMORIZATION_LEAK_HAZARD | TRIGGER_DYNAMIC_DIFFERENTIAL_PRIVACY_NOISE | 422
PRIV-00339 | 0.8734 | 1.6165 | 0.5724 | DATA_PRIVACY_SECURE | MAINTAIN_BASELINE_PRIVACY_BUDGET | 200
PRIV-00340 | 0.8624 | 2.8300 | 0.5831 | DATA_PRIVACY_SECURE | MAINTAIN_BASELINE_PRIVACY_BUDGET | 200
PRIV-00341 | 0.9647 | 1.8134 | 0.7389 | DATA_PRIVACY_SECURE | MAINTAIN_BASELINE_PRIVACY_BUDGET | 200
PRIV-00342 | 0.8441 | 2.1779 | 0.55 | DATA_PRIVACY_SECURE | MAINTAIN_BASELINE_PRIVACY_BUDGET | 200
PRIV-00343 | 0.9680 | 1.3933 | 0.7364 | DATA_PRIVACY_SECURE | MAINTAIN_BASELINE_PRIVACY_BUDGET | 200
PRIV-00344 | 0.8553 | 1.6732 | 0.5066 | DATA_PRIVACY_SECURE | MAINTAIN_BASELINE_PRIVACY_BUDGET | 200
PRIV-00345 | 0.8180 | 2.3938 | 0.4827 | DATA_PRIVACY_SECURE | MAINTAIN_BASELINE_PRIVACY_BUDGET | 200
PRIV-00346 | 0.7890 | 0.7317 | 0.3409 | DATA_PRIVACY_SECURE | MAINTAIN_BASELINE_PRIVACY_BUDGET | 200
PRIV-00347 | 0.6516 | 0.6594 | 0.1245 | DATA_PRIVACY_SECURE | MAINTAIN_BASELINE_PRIVACY_BUDGET | 200
PRIV-00348 | 0.9409 | 2.1081 | 0.6864 | DATA_PRIVACY_SECURE | MAINTAIN_BASELINE_PRIVACY_BUDGET | 200
PRIV-00349 | 0.7716 | 1.8967 | 0.3707 | DATA_PRIVACY_SECURE | MAINTAIN_BASELINE_PRIVACY_BUDGET | 200
PRIV-00350 | 0.6552 | 0.6802 | 0.1781 | DATA_PRIVACY_SECURE | MAINTAIN_BASELINE_PRIVACY_BUDGET | 200
PRIV-00351 | 0.6983 | 0.7634 | 0.2447 | DATA_PRIVACY_SECURE | MAINTAIN_BASELINE_PRIVACY_BUDGET | 200
PRIV-00352 | 0.8674 | 1.1394 | 0.5535 | DATA_PRIVACY_SECURE | MAINTAIN_BASELINE_PRIVACY_BUDGET | 200
PRIV-00353 | 0.8881 | 3.4788 | 0.7138 | DATA_PRIVACY_SECURE | MAINTAIN_BASELINE_PRIVACY_BUDGET | 200
PRIV-00354 | 0.9118 | 2.5759 | 0.6981 | DATA_PRIVACY_SECURE | MAINTAIN_BASELINE_PRIVACY_BUDGET | 200
PRIV-00355 | 0.5855 | 1.3024 | 0.1571 | DATA_PRIVACY_SECURE | MAINTAIN_BASELINE_PRIVACY_BUDGET | 200
PRIV-00356 | 0.9667 | 3.0263 | 0.8216 | CRITICAL_MEMORIZATION_LEAK_HAZARD | TRIGGER_DYNAMIC_DIFFERENTIAL_PRIVACY_NOISE | 422
PRIV-00357 | 0.6548 | 1.3847 | 0.2238 | DATA_PRIVACY_SECURE | MAINTAIN_BASELINE_PRIVACY_BUDGET | 200
PRIV-00358 | 0.5738 | 0.6913 | 0.1143 | DATA_PRIVACY_SECURE | MAINTAIN_BASELINE_PRIVACY_BUDGET | 200
PRIV-00359 | 0.9339 | 2.2452 | 0.7495 | DATA_PRIVACY_SECURE | MAINTAIN_BASELINE_PRIVACY_BUDGET | 200
PRIV-00360 | 0.7559 | 0.9549 | 0.2788 | DATA_PRIVACY_SECURE | MAINTAIN_BASELINE_PRIVACY_BUDGET | 200
PRIV-00361 | 0.5448 | 2.5217 | 0.1705 | DATA_PRIVACY_SECURE | MAINTAIN_BASELINE_PRIVACY_BUDGET | 200
PRIV-00362 | 0.9601 | 0.1171 | 0.5297 | DATA_PRIVACY_SECURE | MAINTAIN_BASELINE_PRIVACY_BUDGET | 200
PRIV-00363 | 0.8949 | 2.5658 | 0.6613 | DATA_PRIVACY_SECURE | MAINTAIN_BASELINE_PRIVACY_BUDGET | 200
PRIV-00364 | 0.5557 | 0.2770 | 0.1137 | DATA_PRIVACY_SECURE | MAINTAIN_BASELINE_PRIVACY_BUDGET | 200
PRIV-00365 | 0.8987 | 1.0271 | 0.5621 | DATA_PRIVACY_SECURE | MAINTAIN_BASELINE_PRIVACY_BUDGET | 200
PRIV-00366 | 0.7513 | 1.9151 | 0.3536 | DATA_PRIVACY_SECURE | MAINTAIN_BASELINE_PRIVACY_BUDGET | 200
PRIV-00367 | 0.8672 | 1.3808 | 0.53 | DATA_PRIVACY_SECURE | MAINTAIN_BASELINE_PRIVACY_BUDGET | 200
PRIV-00368 | 0.9441 | 1.1897 | 0.6457 | DATA_PRIVACY_SECURE | MAINTAIN_BASELINE_PRIVACY_BUDGET | 200
PRIV-00369 | 0.8616 | 3.4039 | 0.6229 | DATA_PRIVACY_SECURE | MAINTAIN_BASELINE_PRIVACY_BUDGET | 200
PRIV-00370 | 0.5628 | 1.4354 | 0.1131 | DATA_PRIVACY_SECURE | MAINTAIN_BASELINE_PRIVACY_BUDGET | 200
PRIV-00371 | 0.8507 | 0.2756 | 0.351 | DATA_PRIVACY_SECURE | MAINTAIN_BASELINE_PRIVACY_BUDGET | 200
PRIV-00372 | 0.7161 | 0.9990 | 0.2884 | DATA_PRIVACY_SECURE | MAINTAIN_BASELINE_PRIVACY_BUDGET | 200
PRIV-00373 | 0.7649 | 2.4659 | 0.4705 | DATA_PRIVACY_SECURE | MAINTAIN_BASELINE_PRIVACY_BUDGET | 200
PRIV-00374 | 0.9179 | 1.0544 | 0.612 | DATA_PRIVACY_SECURE | MAINTAIN_BASELINE_PRIVACY_BUDGET | 200
PRIV-00375 | 0.7687 | 0.1135 | 0.3261 | DATA_PRIVACY_SECURE | MAINTAIN_BASELINE_PRIVACY_BUDGET | 200
PRIV-00376 | 0.6698 | 2.3339 | 0.2433 | DATA_PRIVACY_SECURE | MAINTAIN_BASELINE_PRIVACY_BUDGET | 200
PRIV-00377 | 0.7706 | 2.9183 | 0.469 | DATA_PRIVACY_SECURE | MAINTAIN_BASELINE_PRIVACY_BUDGET | 200
PRIV-00378 | 0.7748 | 3.1841 | 0.454 | DATA_PRIVACY_SECURE | MAINTAIN_BASELINE_PRIVACY_BUDGET | 200
PRIV-00379 | 0.9779 | 0.8726 | 0.7472 | DATA_PRIVACY_SECURE | MAINTAIN_BASELINE_PRIVACY_BUDGET | 200
PRIV-00380 | 0.9813 | 1.3552 | 0.7188 | DATA_PRIVACY_SECURE | MAINTAIN_BASELINE_PRIVACY_BUDGET | 200
PRIV-00381 | 0.5080 | 2.0688 | 0.0828 | DATA_PRIVACY_SECURE | MAINTAIN_BASELINE_PRIVACY_BUDGET | 200
PRIV-00382 | 0.9671 | 1.1128 | 0.6569 | DATA_PRIVACY_SECURE | MAINTAIN_BASELINE_PRIVACY_BUDGET | 200
PRIV-00383 | 0.7637 | 1.9562 | 0.3053 | DATA_PRIVACY_SECURE | MAINTAIN_BASELINE_PRIVACY_BUDGET | 200
PRIV-00384 | 0.6230 | 0.1317 | 0.1078 | DATA_PRIVACY_SECURE | MAINTAIN_BASELINE_PRIVACY_BUDGET | 200
PRIV-00385 | 0.9766 | 1.1959 | 0.6848 | DATA_PRIVACY_SECURE | MAINTAIN_BASELINE_PRIVACY_BUDGET | 200
PRIV-00386 | 0.7929 | 2.8697 | 0.4777 | DATA_PRIVACY_SECURE | MAINTAIN_BASELINE_PRIVACY_BUDGET | 200
PRIV-00387 | 0.5925 | 1.2712 | 0.1761 | DATA_PRIVACY_SECURE | MAINTAIN_BASELINE_PRIVACY_BUDGET | 200
PRIV-00388 | 0.8123 | 2.0550 | 0.5502 | DATA_PRIVACY_SECURE | MAINTAIN_BASELINE_PRIVACY_BUDGET | 200
PRIV-00389 | 0.8114 | 2.1982 | 0.5189 | DATA_PRIVACY_SECURE | MAINTAIN_BASELINE_PRIVACY_BUDGET | 200
PRIV-00390 | 0.6504 | 2.8477 | 0.237 | DATA_PRIVACY_SECURE | MAINTAIN_BASELINE_PRIVACY_BUDGET | 200
PRIV-00391 | 0.5269 | 0.7882 | 0.0646 | DATA_PRIVACY_SECURE | MAINTAIN_BASELINE_PRIVACY_BUDGET | 200
PRIV-00392 | 0.5372 | 1.5836 | 0.1483 | DATA_PRIVACY_SECURE | MAINTAIN_BASELINE_PRIVACY_BUDGET | 200
PRIV-00393 | 0.7264 | 3.3181 | 0.3171 | DATA_PRIVACY_SECURE | MAINTAIN_BASELINE_PRIVACY_BUDGET | 200
PRIV-00394 | 0.6963 | 1.7943 | 0.3627 | DATA_PRIVACY_SECURE | MAINTAIN_BASELINE_PRIVACY_BUDGET | 200
PRIV-00395 | 0.6662 | 2.6584 | 0.3235 | DATA_PRIVACY_SECURE | MAINTAIN_BASELINE_PRIVACY_BUDGET | 200
PRIV-00396 | 0.7005 | 2.6231 | 0.3017 | DATA_PRIVACY_SECURE | MAINTAIN_BASELINE_PRIVACY_BUDGET | 200
PRIV-00397 | 0.8078 | 0.3535 | 0.2412 | DATA_PRIVACY_SECURE | MAINTAIN_BASELINE_PRIVACY_BUDGET | 200
PRIV-00398 | 0.6893 | 1.2766 | 0.3102 | DATA_PRIVACY_SECURE | MAINTAIN_BASELINE_PRIVACY_BUDGET | 200
PRIV-00399 | 0.6863 | 2.9309 | 0.3023 | DATA_PRIVACY_SECURE | MAINTAIN_BASELINE_PRIVACY_BUDGET | 200
PRIV-00400 | 0.8281 | 2.8534 | 0.5863 | DATA_PRIVACY_SECURE | MAINTAIN_BASELINE_PRIVACY_BUDGET | 200
PRIV-00401 | 0.7576 | 2.1672 | 0.3263 | DATA_PRIVACY_SECURE | MAINTAIN_BASELINE_PRIVACY_BUDGET | 200
PRIV-00402 | 0.5861 | 1.1262 | 0.128 | DATA_PRIVACY_SECURE | MAINTAIN_BASELINE_PRIVACY_BUDGET | 200
PRIV-00403 | 0.8032 | 2.2188 | 0.4676 | DATA_PRIVACY_SECURE | MAINTAIN_BASELINE_PRIVACY_BUDGET | 200
PRIV-00404 | 0.7491 | 0.3949 | 0.253 | DATA_PRIVACY_SECURE | MAINTAIN_BASELINE_PRIVACY_BUDGET | 200
PRIV-00405 | 0.9289 | 0.7891 | 0.5332 | DATA_PRIVACY_SECURE | MAINTAIN_BASELINE_PRIVACY_BUDGET | 200
PRIV-00406 | 0.6589 | 1.3254 | 0.2509 | DATA_PRIVACY_SECURE | MAINTAIN_BASELINE_PRIVACY_BUDGET | 200
PRIV-00407 | 0.7998 | 1.1239 | 0.3434 | DATA_PRIVACY_SECURE | MAINTAIN_BASELINE_PRIVACY_BUDGET | 200
PRIV-00408 | 0.8696 | 0.2913 | 0.3707 | DATA_PRIVACY_SECURE | MAINTAIN_BASELINE_PRIVACY_BUDGET | 200
PRIV-00409 | 0.8738 | 3.2466 | 0.647 | DATA_PRIVACY_SECURE | MAINTAIN_BASELINE_PRIVACY_BUDGET | 200
PRIV-00410 | 0.6736 | 1.7691 | 0.2816 | DATA_PRIVACY_SECURE | MAINTAIN_BASELINE_PRIVACY_BUDGET | 200
PRIV-00411 | 0.9313 | 1.2991 | 0.6631 | DATA_PRIVACY_SECURE | MAINTAIN_BASELINE_PRIVACY_BUDGET | 200
PRIV-00412 | 0.6296 | 0.5355 | 0.1124 | DATA_PRIVACY_SECURE | MAINTAIN_BASELINE_PRIVACY_BUDGET | 200
PRIV-00413 | 0.9979 | 1.9363 | 0.807 | CRITICAL_MEMORIZATION_LEAK_HAZARD | TRIGGER_DYNAMIC_DIFFERENTIAL_PRIVACY_NOISE | 422
PRIV-00414 | 0.5118 | 2.4448 | 0.1745 | DATA_PRIVACY_SECURE | MAINTAIN_BASELINE_PRIVACY_BUDGET | 200
PRIV-00415 | 0.9855 | 1.6091 | 0.8108 | CRITICAL_MEMORIZATION_LEAK_HAZARD | TRIGGER_DYNAMIC_DIFFERENTIAL_PRIVACY_NOISE | 422
PRIV-00416 | 0.6571 | 1.7424 | 0.2115 | DATA_PRIVACY_SECURE | MAINTAIN_BASELINE_PRIVACY_BUDGET | 200
PRIV-00417 | 0.9086 | 1.0382 | 0.616 | DATA_PRIVACY_SECURE | MAINTAIN_BASELINE_PRIVACY_BUDGET | 200
PRIV-00418 | 0.5513 | 1.4983 | 0.1415 | DATA_PRIVACY_SECURE | MAINTAIN_BASELINE_PRIVACY_BUDGET | 200
PRIV-00419 | 0.8596 | 2.2959 | 0.6243 | DATA_PRIVACY_SECURE | MAINTAIN_BASELINE_PRIVACY_BUDGET | 200
PRIV-00420 | 0.8004 | 2.2510 | 0.4666 | DATA_PRIVACY_SECURE | MAINTAIN_BASELINE_PRIVACY_BUDGET | 200
PRIV-00421 | 0.8389 | 0.2627 | 0.4162 | DATA_PRIVACY_SECURE | MAINTAIN_BASELINE_PRIVACY_BUDGET | 200
PRIV-00422 | 0.9058 | 2.1799 | 0.7379 | DATA_PRIVACY_SECURE | MAINTAIN_BASELINE_PRIVACY_BUDGET | 200
PRIV-00423 | 0.7626 | 2.9061 | 0.4105 | DATA_PRIVACY_SECURE | MAINTAIN_BASELINE_PRIVACY_BUDGET | 200
PRIV-00424 | 0.6654 | 1.0952 | 0.2596 | DATA_PRIVACY_SECURE | MAINTAIN_BASELINE_PRIVACY_BUDGET | 200
PRIV-00425 | 0.8136 | 2.7019 | 0.5305 | DATA_PRIVACY_SECURE | MAINTAIN_BASELINE_PRIVACY_BUDGET | 200
PRIV-00426 | 0.8953 | 2.4565 | 0.7158 | DATA_PRIVACY_SECURE | MAINTAIN_BASELINE_PRIVACY_BUDGET | 200
PRIV-00427 | 0.6882 | 2.8290 | 0.2692 | DATA_PRIVACY_SECURE | MAINTAIN_BASELINE_PRIVACY_BUDGET | 200
PRIV-00428 | 0.6840 | 0.7488 | 0.2447 | DATA_PRIVACY_SECURE | MAINTAIN_BASELINE_PRIVACY_BUDGET | 200
PRIV-00429 | 0.8067 | 1.5511 | 0.4755 | DATA_PRIVACY_SECURE | MAINTAIN_BASELINE_PRIVACY_BUDGET | 200
PRIV-00430 | 0.5618 | 2.6082 | 0.0948 | DATA_PRIVACY_SECURE | MAINTAIN_BASELINE_PRIVACY_BUDGET | 200
PRIV-00431 | 0.6904 | 1.8699 | 0.2378 | DATA_PRIVACY_SECURE | MAINTAIN_BASELINE_PRIVACY_BUDGET | 200
PRIV-00432 | 0.8920 | 0.9127 | 0.4249 | DATA_PRIVACY_SECURE | MAINTAIN_BASELINE_PRIVACY_BUDGET | 200
PRIV-00433 | 0.6275 | 2.2455 | 0.2126 | DATA_PRIVACY_SECURE | MAINTAIN_BASELINE_PRIVACY_BUDGET | 200
PRIV-00434 | 0.5522 | 2.1490 | 0.1795 | DATA_PRIVACY_SECURE | MAINTAIN_BASELINE_PRIVACY_BUDGET | 200
PRIV-00435 | 0.6657 | 0.1126 | 0.2159 | DATA_PRIVACY_SECURE | MAINTAIN_BASELINE_PRIVACY_BUDGET | 200
PRIV-00436 | 0.7661 | 1.1576 | 0.345 | DATA_PRIVACY_SECURE | MAINTAIN_BASELINE_PRIVACY_BUDGET | 200
PRIV-00437 | 0.8850 | 2.0397 | 0.6786 | DATA_PRIVACY_SECURE | MAINTAIN_BASELINE_PRIVACY_BUDGET | 200
PRIV-00438 | 0.7820 | 2.8400 | 0.3966 | DATA_PRIVACY_SECURE | MAINTAIN_BASELINE_PRIVACY_BUDGET | 200
PRIV-00439 | 0.6459 | 1.7515 | 0.1615 | DATA_PRIVACY_SECURE | MAINTAIN_BASELINE_PRIVACY_BUDGET | 200
PRIV-00440 | 0.9971 | 1.3783 | 0.7895 | CRITICAL_MEMORIZATION_LEAK_HAZARD | TRIGGER_DYNAMIC_DIFFERENTIAL_PRIVACY_NOISE | 422
PRIV-00441 | 0.5040 | 0.7557 | 0.1025 | DATA_PRIVACY_SECURE | MAINTAIN_BASELINE_PRIVACY_BUDGET | 200
PRIV-00442 | 0.7589 | 0.2064 | 0.2397 | DATA_PRIVACY_SECURE | MAINTAIN_BASELINE_PRIVACY_BUDGET | 200
PRIV-00443 | 0.8880 | 0.1424 | 0.2923 | DATA_PRIVACY_SECURE | MAINTAIN_BASELINE_PRIVACY_BUDGET | 200
PRIV-00444 | 0.8393 | 1.0908 | 0.4389 | DATA_PRIVACY_SECURE | MAINTAIN_BASELINE_PRIVACY_BUDGET | 200
PRIV-00445 | 0.7730 | 3.0036 | 0.3879 | DATA_PRIVACY_SECURE | MAINTAIN_BASELINE_PRIVACY_BUDGET | 200
PRIV-00446 | 0.5623 | 1.7741 | 0.1788 | DATA_PRIVACY_SECURE | MAINTAIN_BASELINE_PRIVACY_BUDGET | 200
PRIV-00447 | 0.9733 | 2.5716 | 0.8711 | CRITICAL_MEMORIZATION_LEAK_HAZARD | TRIGGER_DYNAMIC_DIFFERENTIAL_PRIVACY_NOISE | 422
PRIV-00448 | 0.5739 | 2.0481 | 0.1298 | DATA_PRIVACY_SECURE | MAINTAIN_BASELINE_PRIVACY_BUDGET | 200
PRIV-00449 | 0.6313 | 2.2913 | 0.2079 | DATA_PRIVACY_SECURE | MAINTAIN_BASELINE_PRIVACY_BUDGET | 200
PRIV-00450 | 0.9223 | 1.6628 | 0.6172 | DATA_PRIVACY_SECURE | MAINTAIN_BASELINE_PRIVACY_BUDGET | 200
PRIV-00451 | 0.9246 | 2.7085 | 0.7385 | DATA_PRIVACY_SECURE | MAINTAIN_BASELINE_PRIVACY_BUDGET | 200
PRIV-00452 | 0.5607 | 3.4751 | 0.2092 | DATA_PRIVACY_SECURE | MAINTAIN_BASELINE_PRIVACY_BUDGET | 200
PRIV-00453 | 0.5276 | 0.1539 | 0.0396 | DATA_PRIVACY_SECURE | MAINTAIN_BASELINE_PRIVACY_BUDGET | 200
PRIV-00454 | 0.7815 | 2.8101 | 0.4704 | DATA_PRIVACY_SECURE | MAINTAIN_BASELINE_PRIVACY_BUDGET | 200
PRIV-00455 | 0.5750 | 0.2934 | 0.0877 | DATA_PRIVACY_SECURE | MAINTAIN_BASELINE_PRIVACY_BUDGET | 200
PRIV-00456 | 0.8854 | 0.5183 | 0.4033 | DATA_PRIVACY_SECURE | MAINTAIN_BASELINE_PRIVACY_BUDGET | 200
PRIV-00457 | 0.7137 | 1.4939 | 0.2927 | DATA_PRIVACY_SECURE | MAINTAIN_BASELINE_PRIVACY_BUDGET | 200
PRIV-00458 | 0.9154 | 2.3380 | 0.658 | DATA_PRIVACY_SECURE | MAINTAIN_BASELINE_PRIVACY_BUDGET | 200
PRIV-00459 | 0.9906 | 0.5669 | 0.5981 | DATA_PRIVACY_SECURE | MAINTAIN_BASELINE_PRIVACY_BUDGET | 200
PRIV-00460 | 0.7747 | 1.7204 | 0.3465 | DATA_PRIVACY_SECURE | MAINTAIN_BASELINE_PRIVACY_BUDGET | 200
PRIV-00461 | 0.8378 | 1.2496 | 0.5356 | DATA_PRIVACY_SECURE | MAINTAIN_BASELINE_PRIVACY_BUDGET | 200
PRIV-00462 | 0.6016 | 2.5035 | 0.2026 | DATA_PRIVACY_SECURE | MAINTAIN_BASELINE_PRIVACY_BUDGET | 200
PRIV-00463 | 0.7895 | 0.3215 | 0.2572 | DATA_PRIVACY_SECURE | MAINTAIN_BASELINE_PRIVACY_BUDGET | 200
PRIV-00464 | 0.6422 | 1.3725 | 0.2199 | DATA_PRIVACY_SECURE | MAINTAIN_BASELINE_PRIVACY_BUDGET | 200
PRIV-00465 | 0.5371 | 1.9294 | 0.1308 | DATA_PRIVACY_SECURE | MAINTAIN_BASELINE_PRIVACY_BUDGET | 200
PRIV-00466 | 0.5970 | 2.4970 | 0.1877 | DATA_PRIVACY_SECURE | MAINTAIN_BASELINE_PRIVACY_BUDGET | 200
PRIV-00467 | 0.8161 | 0.4173 | 0.3522 | DATA_PRIVACY_SECURE | MAINTAIN_BASELINE_PRIVACY_BUDGET | 200
PRIV-00468 | 0.5151 | 1.6864 | 0.1456 | DATA_PRIVACY_SECURE | MAINTAIN_BASELINE_PRIVACY_BUDGET | 200
PRIV-00469 | 0.8381 | 1.0171 | 0.4111 | DATA_PRIVACY_SECURE | MAINTAIN_BASELINE_PRIVACY_BUDGET | 200
PRIV-00470 | 0.8841 | 2.4358 | 0.6125 | DATA_PRIVACY_SECURE | MAINTAIN_BASELINE_PRIVACY_BUDGET | 200
PRIV-00471 | 0.5580 | 3.0334 | 0.1548 | DATA_PRIVACY_SECURE | MAINTAIN_BASELINE_PRIVACY_BUDGET | 200
PRIV-00472 | 0.5794 | 1.0499 | 0.052 | DATA_PRIVACY_SECURE | MAINTAIN_BASELINE_PRIVACY_BUDGET | 200
PRIV-00473 | 0.5085 | 0.8371 | 0.0312 | DATA_PRIVACY_SECURE | MAINTAIN_BASELINE_PRIVACY_BUDGET | 200
PRIV-00474 | 0.7244 | 2.9461 | 0.4158 | DATA_PRIVACY_SECURE | MAINTAIN_BASELINE_PRIVACY_BUDGET | 200
PRIV-00475 | 0.6785 | 0.4823 | 0.2589 | DATA_PRIVACY_SECURE | MAINTAIN_BASELINE_PRIVACY_BUDGET | 200
PRIV-00476 | 0.5738 | 3.2500 | 0.1719 | DATA_PRIVACY_SECURE | MAINTAIN_BASELINE_PRIVACY_BUDGET | 200
PRIV-00477 | 0.9690 | 2.9042 | 0.8856 | CRITICAL_MEMORIZATION_LEAK_HAZARD | TRIGGER_DYNAMIC_DIFFERENTIAL_PRIVACY_NOISE | 422
PRIV-00478 | 0.9758 | 2.4810 | 0.8698 | CRITICAL_MEMORIZATION_LEAK_HAZARD | TRIGGER_DYNAMIC_DIFFERENTIAL_PRIVACY_NOISE | 422
PRIV-00479 | 0.7471 | 1.4231 | 0.4591 | DATA_PRIVACY_SECURE | MAINTAIN_BASELINE_PRIVACY_BUDGET | 200
PRIV-00480 | 0.5947 | 1.9044 | 0.2279 | DATA_PRIVACY_SECURE | MAINTAIN_BASELINE_PRIVACY_BUDGET | 200
PRIV-00481 | 0.5692 | 0.5559 | 0.1121 | DATA_PRIVACY_SECURE | MAINTAIN_BASELINE_PRIVACY_BUDGET | 200
PRIV-00482 | 0.7291 | 3.3405 | 0.3361 | DATA_PRIVACY_SECURE | MAINTAIN_BASELINE_PRIVACY_BUDGET | 200
PRIV-00483 | 0.6390 | 0.7077 | 0.1105 | DATA_PRIVACY_SECURE | MAINTAIN_BASELINE_PRIVACY_BUDGET | 200
PRIV-00484 | 0.9437 | 1.5728 | 0.7042 | DATA_PRIVACY_SECURE | MAINTAIN_BASELINE_PRIVACY_BUDGET | 200
PRIV-00485 | 0.7318 | 1.2478 | 0.2742 | DATA_PRIVACY_SECURE | MAINTAIN_BASELINE_PRIVACY_BUDGET | 200
PRIV-00486 | 0.9191 | 3.1312 | 0.687 | DATA_PRIVACY_SECURE | MAINTAIN_BASELINE_PRIVACY_BUDGET | 200
PRIV-00487 | 0.6684 | 2.6340 | 0.2528 | DATA_PRIVACY_SECURE | MAINTAIN_BASELINE_PRIVACY_BUDGET | 200
PRIV-00488 | 0.5140 | 1.5992 | 0.0697 | DATA_PRIVACY_SECURE | MAINTAIN_BASELINE_PRIVACY_BUDGET | 200
PRIV-00489 | 0.5497 | 0.6301 | 0.1759 | DATA_PRIVACY_SECURE | MAINTAIN_BASELINE_PRIVACY_BUDGET | 200
PRIV-00490 | 0.8022 | 2.4326 | 0.5098 | DATA_PRIVACY_SECURE | MAINTAIN_BASELINE_PRIVACY_BUDGET | 200
PRIV-00491 | 0.8361 | 1.0315 | 0.4306 | DATA_PRIVACY_SECURE | MAINTAIN_BASELINE_PRIVACY_BUDGET | 200
PRIV-00492 | 0.7293 | 2.3282 | 0.4126 | DATA_PRIVACY_SECURE | MAINTAIN_BASELINE_PRIVACY_BUDGET | 200
PRIV-00493 | 0.9101 | 2.0451 | 0.6705 | DATA_PRIVACY_SECURE | MAINTAIN_BASELINE_PRIVACY_BUDGET | 200
PRIV-00494 | 0.6831 | 1.4498 | 0.2237 | DATA_PRIVACY_SECURE | MAINTAIN_BASELINE_PRIVACY_BUDGET | 200
PRIV-00495 | 0.9150 | 0.1520 | 0.4731 | DATA_PRIVACY_SECURE | MAINTAIN_BASELINE_PRIVACY_BUDGET | 200
PRIV-00496 | 0.7022 | 1.9171 | 0.3234 | DATA_PRIVACY_SECURE | MAINTAIN_BASELINE_PRIVACY_BUDGET | 200
PRIV-00497 | 0.6011 | 3.4767 | 0.1692 | DATA_PRIVACY_SECURE | MAINTAIN_BASELINE_PRIVACY_BUDGET | 200
PRIV-00498 | 0.7929 | 1.7535 | 0.4173 | DATA_PRIVACY_SECURE | MAINTAIN_BASELINE_PRIVACY_BUDGET | 200
PRIV-00499 | 0.6823 | 2.1532 | 0.2496 | DATA_PRIVACY_SECURE | MAINTAIN_BASELINE_PRIVACY_BUDGET | 200
PRIV-00500 | 0.6033 | 2.1027 | 0.1404 | DATA_PRIVACY_SECURE | MAINTAIN_BASELINE_PRIVACY_BUDGET | 200
PRIV-00501 | 0.9044 | 1.1882 | 0.6039 | DATA_PRIVACY_SECURE | MAINTAIN_BASELINE_PRIVACY_BUDGET | 200
PRIV-00502 | 0.9711 | 1.4075 | 0.8121 | CRITICAL_MEMORIZATION_LEAK_HAZARD | TRIGGER_DYNAMIC_DIFFERENTIAL_PRIVACY_NOISE | 422
PRIV-00503 | 0.8949 | 1.9686 | 0.573 | DATA_PRIVACY_SECURE | MAINTAIN_BASELINE_PRIVACY_BUDGET | 200
PRIV-00504 | 0.7862 | 3.4433 | 0.4934 | DATA_PRIVACY_SECURE | MAINTAIN_BASELINE_PRIVACY_BUDGET | 200
PRIV-00505 | 0.9136 | 1.8120 | 0.6294 | DATA_PRIVACY_SECURE | MAINTAIN_BASELINE_PRIVACY_BUDGET | 200
PRIV-00506 | 0.5364 | 0.3624 | 0.0715 | DATA_PRIVACY_SECURE | MAINTAIN_BASELINE_PRIVACY_BUDGET | 200
PRIV-00507 | 0.5099 | 2.3523 | 0.0974 | DATA_PRIVACY_SECURE | MAINTAIN_BASELINE_PRIVACY_BUDGET | 200
PRIV-00508 | 0.5164 | 2.2322 | 0.0898 | DATA_PRIVACY_SECURE | MAINTAIN_BASELINE_PRIVACY_BUDGET | 200
PRIV-00509 | 0.5985 | 1.0356 | 0.1602 | DATA_PRIVACY_SECURE | MAINTAIN_BASELINE_PRIVACY_BUDGET | 200
PRIV-00510 | 0.5275 | 1.3457 | 0.0832 | DATA_PRIVACY_SECURE | MAINTAIN_BASELINE_PRIVACY_BUDGET | 200
PRIV-00511 | 0.7631 | 0.2391 | 0.2594 | DATA_PRIVACY_SECURE | MAINTAIN_BASELINE_PRIVACY_BUDGET | 200
PRIV-00512 | 0.9311 | 0.1545 | 0.4327 | DATA_PRIVACY_SECURE | MAINTAIN_BASELINE_PRIVACY_BUDGET | 200
PRIV-00513 | 0.5335 | 2.4615 | 0.1303 | DATA_PRIVACY_SECURE | MAINTAIN_BASELINE_PRIVACY_BUDGET | 200
PRIV-00514 | 0.7219 | 2.3062 | 0.3058 | DATA_PRIVACY_SECURE | MAINTAIN_BASELINE_PRIVACY_BUDGET | 200
PRIV-00515 | 0.9625 | 0.8297 | 0.5977 | DATA_PRIVACY_SECURE | MAINTAIN_BASELINE_PRIVACY_BUDGET | 200
PRIV-00516 | 0.6908 | 1.0060 | 0.2716 | DATA_PRIVACY_SECURE | MAINTAIN_BASELINE_PRIVACY_BUDGET | 200
PRIV-00517 | 0.5772 | 0.2598 | 0.1286 | DATA_PRIVACY_SECURE | MAINTAIN_BASELINE_PRIVACY_BUDGET | 200
PRIV-00518 | 0.9043 | 0.1150 | 0.3519 | DATA_PRIVACY_SECURE | MAINTAIN_BASELINE_PRIVACY_BUDGET | 200
PRIV-00519 | 0.6733 | 0.7892 | 0.2138 | DATA_PRIVACY_SECURE | MAINTAIN_BASELINE_PRIVACY_BUDGET | 200
PRIV-00520 | 0.6020 | 2.5714 | 0.2327 | DATA_PRIVACY_SECURE | MAINTAIN_BASELINE_PRIVACY_BUDGET | 200
PRIV-00521 | 0.9915 | 2.2377 | 0.814 | CRITICAL_MEMORIZATION_LEAK_HAZARD | TRIGGER_DYNAMIC_DIFFERENTIAL_PRIVACY_NOISE | 422
PRIV-00522 | 0.5296 | 1.3082 | 0.1387 | DATA_PRIVACY_SECURE | MAINTAIN_BASELINE_PRIVACY_BUDGET | 200
PRIV-00523 | 0.7292 | 2.9415 | 0.3418 | DATA_PRIVACY_SECURE | MAINTAIN_BASELINE_PRIVACY_BUDGET | 200
PRIV-00524 | 0.8416 | 3.1351 | 0.594 | DATA_PRIVACY_SECURE | MAINTAIN_BASELINE_PRIVACY_BUDGET | 200
PRIV-00525 | 0.7178 | 2.1400 | 0.3004 | DATA_PRIVACY_SECURE | MAINTAIN_BASELINE_PRIVACY_BUDGET | 200
PRIV-00526 | 0.9548 | 1.8148 | 0.6764 | DATA_PRIVACY_SECURE | MAINTAIN_BASELINE_PRIVACY_BUDGET | 200
PRIV-00527 | 0.9801 | 0.2384 | 0.4616 | DATA_PRIVACY_SECURE | MAINTAIN_BASELINE_PRIVACY_BUDGET | 200
PRIV-00528 | 0.8330 | 1.8348 | 0.5003 | DATA_PRIVACY_SECURE | MAINTAIN_BASELINE_PRIVACY_BUDGET | 200
PRIV-00529 | 0.9130 | 1.5073 | 0.6334 | DATA_PRIVACY_SECURE | MAINTAIN_BASELINE_PRIVACY_BUDGET | 200
PRIV-00530 | 0.9357 | 0.5269 | 0.4789 | DATA_PRIVACY_SECURE | MAINTAIN_BASELINE_PRIVACY_BUDGET | 200
PRIV-00531 | 0.8370 | 0.8653 | 0.4383 | DATA_PRIVACY_SECURE | MAINTAIN_BASELINE_PRIVACY_BUDGET | 200
PRIV-00532 | 0.6877 | 1.3373 | 0.1911 | DATA_PRIVACY_SECURE | MAINTAIN_BASELINE_PRIVACY_BUDGET | 200
PRIV-00533 | 0.6239 | 1.4420 | 0.1937 | DATA_PRIVACY_SECURE | MAINTAIN_BASELINE_PRIVACY_BUDGET | 200
PRIV-00534 | 0.6870 | 3.1409 | 0.2623 | DATA_PRIVACY_SECURE | MAINTAIN_BASELINE_PRIVACY_BUDGET | 200
PRIV-00535 | 0.9012 | 0.8869 | 0.4924 | DATA_PRIVACY_SECURE | MAINTAIN_BASELINE_PRIVACY_BUDGET | 200
PRIV-00536 | 0.8534 | 1.0180 | 0.4584 | DATA_PRIVACY_SECURE | MAINTAIN_BASELINE_PRIVACY_BUDGET | 200
PRIV-00537 | 0.7983 | 3.1620 | 0.4536 | DATA_PRIVACY_SECURE | MAINTAIN_BASELINE_PRIVACY_BUDGET | 200
PRIV-00538 | 0.5522 | 1.7856 | 0.1289 | DATA_PRIVACY_SECURE | MAINTAIN_BASELINE_PRIVACY_BUDGET | 200
PRIV-00539 | 0.7206 | 3.0467 | 0.3975 | DATA_PRIVACY_SECURE | MAINTAIN_BASELINE_PRIVACY_BUDGET | 200
PRIV-00540 | 0.6346 | 1.8499 | 0.1977 | DATA_PRIVACY_SECURE | MAINTAIN_BASELINE_PRIVACY_BUDGET | 200
PRIV-00541 | 0.9299 | 3.3811 | 0.811 | CRITICAL_MEMORIZATION_LEAK_HAZARD | TRIGGER_DYNAMIC_DIFFERENTIAL_PRIVACY_NOISE | 422
PRIV-00542 | 0.6827 | 1.5546 | 0.2175 | DATA_PRIVACY_SECURE | MAINTAIN_BASELINE_PRIVACY_BUDGET | 200
PRIV-00543 | 0.8036 | 0.7462 | 0.3732 | DATA_PRIVACY_SECURE | MAINTAIN_BASELINE_PRIVACY_BUDGET | 200
PRIV-00544 | 0.8619 | 2.9097 | 0.6648 | DATA_PRIVACY_SECURE | MAINTAIN_BASELINE_PRIVACY_BUDGET | 200
PRIV-00545 | 0.8667 | 0.8174 | 0.3528 | DATA_PRIVACY_SECURE | MAINTAIN_BASELINE_PRIVACY_BUDGET | 200
PRIV-00546 | 0.8440 | 1.6947 | 0.4761 | DATA_PRIVACY_SECURE | MAINTAIN_BASELINE_PRIVACY_BUDGET | 200
PRIV-00547 | 0.5961 | 3.4039 | 0.2281 | DATA_PRIVACY_SECURE | MAINTAIN_BASELINE_PRIVACY_BUDGET | 200
PRIV-00548 | 0.5092 | 3.0618 | 0.118 | DATA_PRIVACY_SECURE | MAINTAIN_BASELINE_PRIVACY_BUDGET | 200
PRIV-00549 | 0.8742 | 2.0596 | 0.6073 | DATA_PRIVACY_SECURE | MAINTAIN_BASELINE_PRIVACY_BUDGET | 200
PRIV-00550 | 0.5979 | 2.0030 | 0.1641 | DATA_PRIVACY_SECURE | MAINTAIN_BASELINE_PRIVACY_BUDGET | 200
PRIV-00551 | 0.9032 | 2.3749 | 0.6775 | DATA_PRIVACY_SECURE | MAINTAIN_BASELINE_PRIVACY_BUDGET | 200
PRIV-00552 | 0.7709 | 3.3966 | 0.4371 | DATA_PRIVACY_SECURE | MAINTAIN_BASELINE_PRIVACY_BUDGET | 200
PRIV-00553 | 0.7483 | 1.3589 | 0.3801 | DATA_PRIVACY_SECURE | MAINTAIN_BASELINE_PRIVACY_BUDGET | 200
PRIV-00554 | 0.8814 | 2.4052 | 0.6382 | DATA_PRIVACY_SECURE | MAINTAIN_BASELINE_PRIVACY_BUDGET | 200
PRIV-00555 | 0.6233 | 3.2492 | 0.2466 | DATA_PRIVACY_SECURE | MAINTAIN_BASELINE_PRIVACY_BUDGET | 200
PRIV-00556 | 0.6504 | 2.4944 | 0.2377 | DATA_PRIVACY_SECURE | MAINTAIN_BASELINE_PRIVACY_BUDGET | 200
PRIV-00557 | 0.8347 | 1.8323 | 0.4819 | DATA_PRIVACY_SECURE | MAINTAIN_BASELINE_PRIVACY_BUDGET | 200
PRIV-00558 | 0.5711 | 1.6736 | 0.1396 | DATA_PRIVACY_SECURE | MAINTAIN_BASELINE_PRIVACY_BUDGET | 200
PRIV-00559 | 0.9941 | 0.9436 | 0.7229 | DATA_PRIVACY_SECURE | MAINTAIN_BASELINE_PRIVACY_BUDGET | 200
PRIV-00560 | 0.7997 | 1.4450 | 0.397 | DATA_PRIVACY_SECURE | MAINTAIN_BASELINE_PRIVACY_BUDGET | 200
PRIV-00561 | 0.5768 | 0.7396 | 0.1415 | DATA_PRIVACY_SECURE | MAINTAIN_BASELINE_PRIVACY_BUDGET | 200
PRIV-00562 | 0.6227 | 1.6141 | 0.2843 | DATA_PRIVACY_SECURE | MAINTAIN_BASELINE_PRIVACY_BUDGET | 200
PRIV-00563 | 0.5382 | 1.6055 | 0.1647 | DATA_PRIVACY_SECURE | MAINTAIN_BASELINE_PRIVACY_BUDGET | 200
PRIV-00564 | 0.7924 | 0.4560 | 0.2915 | DATA_PRIVACY_SECURE | MAINTAIN_BASELINE_PRIVACY_BUDGET | 200
PRIV-00565 | 0.6791 | 3.4282 | 0.3513 | DATA_PRIVACY_SECURE | MAINTAIN_BASELINE_PRIVACY_BUDGET | 200
PRIV-00566 | 0.9208 | 3.1924 | 0.7336 | DATA_PRIVACY_SECURE | MAINTAIN_BASELINE_PRIVACY_BUDGET | 200
PRIV-00567 | 0.9554 | 1.8116 | 0.6681 | DATA_PRIVACY_SECURE | MAINTAIN_BASELINE_PRIVACY_BUDGET | 200
PRIV-00568 | 0.5585 | 2.2440 | 0.1172 | DATA_PRIVACY_SECURE | MAINTAIN_BASELINE_PRIVACY_BUDGET | 200
PRIV-00569 | 0.5582 | 0.9773 | 0.0515 | DATA_PRIVACY_SECURE | MAINTAIN_BASELINE_PRIVACY_BUDGET | 200
PRIV-00570 | 0.8201 | 2.7872 | 0.5056 | DATA_PRIVACY_SECURE | MAINTAIN_BASELINE_PRIVACY_BUDGET | 200
PRIV-00571 | 0.8599 | 1.5229 | 0.5228 | DATA_PRIVACY_SECURE | MAINTAIN_BASELINE_PRIVACY_BUDGET | 200
PRIV-00572 | 0.7901 | 1.8168 | 0.4913 | DATA_PRIVACY_SECURE | MAINTAIN_BASELINE_PRIVACY_BUDGET | 200
PRIV-00573 | 0.6544 | 2.7066 | 0.2758 | DATA_PRIVACY_SECURE | MAINTAIN_BASELINE_PRIVACY_BUDGET | 200
PRIV-00574 | 0.9896 | 2.3312 | 0.8746 | CRITICAL_MEMORIZATION_LEAK_HAZARD | TRIGGER_DYNAMIC_DIFFERENTIAL_PRIVACY_NOISE | 422
PRIV-00575 | 0.6324 | 0.1591 | 0.1696 | DATA_PRIVACY_SECURE | MAINTAIN_BASELINE_PRIVACY_BUDGET | 200
PRIV-00576 | 0.7887 | 1.8943 | 0.338 | DATA_PRIVACY_SECURE | MAINTAIN_BASELINE_PRIVACY_BUDGET | 200
PRIV-00577 | 0.6923 | 1.9353 | 0.2993 | DATA_PRIVACY_SECURE | MAINTAIN_BASELINE_PRIVACY_BUDGET | 200
PRIV-00578 | 0.9946 | 2.6557 | 0.95 | CRITICAL_MEMORIZATION_LEAK_HAZARD | TRIGGER_DYNAMIC_DIFFERENTIAL_PRIVACY_NOISE | 422
PRIV-00579 | 0.9130 | 0.5226 | 0.4187 | DATA_PRIVACY_SECURE | MAINTAIN_BASELINE_PRIVACY_BUDGET | 200
PRIV-00580 | 0.5479 | 0.7720 | 0.1583 | DATA_PRIVACY_SECURE | MAINTAIN_BASELINE_PRIVACY_BUDGET | 200
PRIV-00581 | 0.8943 | 2.8400 | 0.6894 | DATA_PRIVACY_SECURE | MAINTAIN_BASELINE_PRIVACY_BUDGET | 200
PRIV-00582 | 0.9772 | 2.5228 | 0.8471 | CRITICAL_MEMORIZATION_LEAK_HAZARD | TRIGGER_DYNAMIC_DIFFERENTIAL_PRIVACY_NOISE | 422
PRIV-00583 | 0.8355 | 1.0625 | 0.4588 | DATA_PRIVACY_SECURE | MAINTAIN_BASELINE_PRIVACY_BUDGET | 200
PRIV-00584 | 0.6022 | 2.1919 | 0.2873 | DATA_PRIVACY_SECURE | MAINTAIN_BASELINE_PRIVACY_BUDGET | 200
PRIV-00585 | 0.8038 | 3.3775 | 0.5095 | DATA_PRIVACY_SECURE | MAINTAIN_BASELINE_PRIVACY_BUDGET | 200
PRIV-00586 | 0.9366 | 2.0113 | 0.7345 | DATA_PRIVACY_SECURE | MAINTAIN_BASELINE_PRIVACY_BUDGET | 200
PRIV-00587 | 0.7680 | 1.3523 | 0.3415 | DATA_PRIVACY_SECURE | MAINTAIN_BASELINE_PRIVACY_BUDGET | 200
PRIV-00588 | 0.5825 | 0.9112 | 0.107 | DATA_PRIVACY_SECURE | MAINTAIN_BASELINE_PRIVACY_BUDGET | 200
PRIV-00589 | 0.7970 | 1.4056 | 0.4397 | DATA_PRIVACY_SECURE | MAINTAIN_BASELINE_PRIVACY_BUDGET | 200
PRIV-00590 | 0.8120 | 0.5224 | 0.3018 | DATA_PRIVACY_SECURE | MAINTAIN_BASELINE_PRIVACY_BUDGET | 200
PRIV-00591 | 0.7643 | 2.9039 | 0.4262 | DATA_PRIVACY_SECURE | MAINTAIN_BASELINE_PRIVACY_BUDGET | 200
PRIV-00592 | 0.7338 | 2.5202 | 0.3466 | DATA_PRIVACY_SECURE | MAINTAIN_BASELINE_PRIVACY_BUDGET | 200
PRIV-00593 | 0.5278 | 2.3243 | 0.1531 | DATA_PRIVACY_SECURE | MAINTAIN_BASELINE_PRIVACY_BUDGET | 200
PRIV-00594 | 0.5439 | 1.0995 | 0.1341 | DATA_PRIVACY_SECURE | MAINTAIN_BASELINE_PRIVACY_BUDGET | 200
PRIV-00595 | 0.5202 | 1.3414 | 0.1531 | DATA_PRIVACY_SECURE | MAINTAIN_BASELINE_PRIVACY_BUDGET | 200
PRIV-00596 | 0.8016 | 2.8071 | 0.4653 | DATA_PRIVACY_SECURE | MAINTAIN_BASELINE_PRIVACY_BUDGET | 200
PRIV-00597 | 0.9435 | 1.5558 | 0.6828 | DATA_PRIVACY_SECURE | MAINTAIN_BASELINE_PRIVACY_BUDGET | 200
PRIV-00598 | 0.8447 | 1.9424 | 0.488 | DATA_PRIVACY_SECURE | MAINTAIN_BASELINE_PRIVACY_BUDGET | 200
PRIV-00599 | 0.8231 | 0.1402 | 0.2805 | DATA_PRIVACY_SECURE | MAINTAIN_BASELINE_PRIVACY_BUDGET | 200
PRIV-00600 | 0.5186 | 2.6449 | 0.1453 | DATA_PRIVACY_SECURE | MAINTAIN_BASELINE_PRIVACY_BUDGET | 200
PRIV-00601 | 0.5674 | 1.4309 | 0.1777 | DATA_PRIVACY_SECURE | MAINTAIN_BASELINE_PRIVACY_BUDGET | 200
PRIV-00602 | 0.9804 | 0.8090 | 0.615 | DATA_PRIVACY_SECURE | MAINTAIN_BASELINE_PRIVACY_BUDGET | 200
PRIV-00603 | 0.7283 | 3.3648 | 0.4082 | DATA_PRIVACY_SECURE | MAINTAIN_BASELINE_PRIVACY_BUDGET | 200
PRIV-00604 | 0.8608 | 3.2245 | 0.6677 | DATA_PRIVACY_SECURE | MAINTAIN_BASELINE_PRIVACY_BUDGET | 200
PRIV-00605 | 0.7297 | 3.3579 | 0.392 | DATA_PRIVACY_SECURE | MAINTAIN_BASELINE_PRIVACY_BUDGET | 200
PRIV-00606 | 0.7331 | 3.0385 | 0.4511 | DATA_PRIVACY_SECURE | MAINTAIN_BASELINE_PRIVACY_BUDGET | 200
PRIV-00607 | 0.8280 | 3.2405 | 0.5154 | DATA_PRIVACY_SECURE | MAINTAIN_BASELINE_PRIVACY_BUDGET | 200
PRIV-00608 | 0.8829 | 1.6058 | 0.5234 | DATA_PRIVACY_SECURE | MAINTAIN_BASELINE_PRIVACY_BUDGET | 200
PRIV-00609 | 0.9074 | 0.1950 | 0.3387 | DATA_PRIVACY_SECURE | MAINTAIN_BASELINE_PRIVACY_BUDGET | 200
PRIV-00610 | 0.7989 | 2.2730 | 0.5222 | DATA_PRIVACY_SECURE | MAINTAIN_BASELINE_PRIVACY_BUDGET | 200
PRIV-00611 | 0.5757 | 1.2572 | 0.1747 | DATA_PRIVACY_SECURE | MAINTAIN_BASELINE_PRIVACY_BUDGET | 200
PRIV-00612 | 0.6265 | 3.3588 | 0.2354 | DATA_PRIVACY_SECURE | MAINTAIN_BASELINE_PRIVACY_BUDGET | 200
PRIV-00613 | 0.5374 | 3.3536 | 0.1612 | DATA_PRIVACY_SECURE | MAINTAIN_BASELINE_PRIVACY_BUDGET | 200
PRIV-00614 | 0.6295 | 1.4456 | 0.1569 | DATA_PRIVACY_SECURE | MAINTAIN_BASELINE_PRIVACY_BUDGET | 200
PRIV-00615 | 0.8773 | 2.0225 | 0.694 | DATA_PRIVACY_SECURE | MAINTAIN_BASELINE_PRIVACY_BUDGET | 200
PRIV-00616 | 0.7358 | 0.7072 | 0.272 | DATA_PRIVACY_SECURE | MAINTAIN_BASELINE_PRIVACY_BUDGET | 200
PRIV-00617 | 0.6640 | 1.9717 | 0.2613 | DATA_PRIVACY_SECURE | MAINTAIN_BASELINE_PRIVACY_BUDGET | 200
PRIV-00618 | 0.8623 | 3.3532 | 0.6485 | DATA_PRIVACY_SECURE | MAINTAIN_BASELINE_PRIVACY_BUDGET | 200
PRIV-00619 | 0.9298 | 1.0010 | 0.6071 | DATA_PRIVACY_SECURE | MAINTAIN_BASELINE_PRIVACY_BUDGET | 200
PRIV-00620 | 0.8607 | 2.1315 | 0.579 | DATA_PRIVACY_SECURE | MAINTAIN_BASELINE_PRIVACY_BUDGET | 200
PRIV-00621 | 0.5546 | 1.8152 | 0.1151 | DATA_PRIVACY_SECURE | MAINTAIN_BASELINE_PRIVACY_BUDGET | 200
PRIV-00622 | 0.7072 | 0.4897 | 0.2381 | DATA_PRIVACY_SECURE | MAINTAIN_BASELINE_PRIVACY_BUDGET | 200
PRIV-00623 | 0.7495 | 1.7330 | 0.4331 | DATA_PRIVACY_SECURE | MAINTAIN_BASELINE_PRIVACY_BUDGET | 200
PRIV-00624 | 0.7157 | 2.7514 | 0.3984 | DATA_PRIVACY_SECURE | MAINTAIN_BASELINE_PRIVACY_BUDGET | 200
PRIV-00625 | 0.6889 | 3.2847 | 0.3788 | DATA_PRIVACY_SECURE | MAINTAIN_BASELINE_PRIVACY_BUDGET | 200
PRIV-00626 | 0.6104 | 1.4617 | 0.1642 | DATA_PRIVACY_SECURE | MAINTAIN_BASELINE_PRIVACY_BUDGET | 200
PRIV-00627 | 0.9304 | 0.8586 | 0.526 | DATA_PRIVACY_SECURE | MAINTAIN_BASELINE_PRIVACY_BUDGET | 200
PRIV-00628 | 0.7930 | 2.6539 | 0.4609 | DATA_PRIVACY_SECURE | MAINTAIN_BASELINE_PRIVACY_BUDGET | 200
PRIV-00629 | 0.9049 | 2.1701 | 0.6673 | DATA_PRIVACY_SECURE | MAINTAIN_BASELINE_PRIVACY_BUDGET | 200
PRIV-00630 | 0.6679 | 2.6503 | 0.3221 | DATA_PRIVACY_SECURE | MAINTAIN_BASELINE_PRIVACY_BUDGET | 200
PRIV-00631 | 0.6521 | 2.8087 | 0.1939 | DATA_PRIVACY_SECURE | MAINTAIN_BASELINE_PRIVACY_BUDGET | 200
PRIV-00632 | 0.7421 | 2.6598 | 0.4432 | DATA_PRIVACY_SECURE | MAINTAIN_BASELINE_PRIVACY_BUDGET | 200
PRIV-00633 | 0.5849 | 2.4499 | 0.1779 | DATA_PRIVACY_SECURE | MAINTAIN_BASELINE_PRIVACY_BUDGET | 200
PRIV-00634 | 0.9411 | 0.8874 | 0.5733 | DATA_PRIVACY_SECURE | MAINTAIN_BASELINE_PRIVACY_BUDGET | 200
PRIV-00635 | 0.9577 | 2.9149 | 0.7926 | CRITICAL_MEMORIZATION_LEAK_HAZARD | TRIGGER_DYNAMIC_DIFFERENTIAL_PRIVACY_NOISE | 422
PRIV-00636 | 0.7633 | 1.2599 | 0.2803 | DATA_PRIVACY_SECURE | MAINTAIN_BASELINE_PRIVACY_BUDGET | 200
PRIV-00637 | 0.7780 | 1.4419 | 0.4138 | DATA_PRIVACY_SECURE | MAINTAIN_BASELINE_PRIVACY_BUDGET | 200
PRIV-00638 | 0.9453 | 1.4130 | 0.6823 | DATA_PRIVACY_SECURE | MAINTAIN_BASELINE_PRIVACY_BUDGET | 200
PRIV-00639 | 0.6180 | 1.2037 | 0.1299 | DATA_PRIVACY_SECURE | MAINTAIN_BASELINE_PRIVACY_BUDGET | 200
PRIV-00640 | 0.9216 | 2.4377 | 0.668 | DATA_PRIVACY_SECURE | MAINTAIN_BASELINE_PRIVACY_BUDGET | 200
PRIV-00641 | 0.7074 | 3.1565 | 0.3262 | DATA_PRIVACY_SECURE | MAINTAIN_BASELINE_PRIVACY_BUDGET | 200
PRIV-00642 | 0.7283 | 0.3590 | 0.2942 | DATA_PRIVACY_SECURE | MAINTAIN_BASELINE_PRIVACY_BUDGET | 200
PRIV-00643 | 0.6064 | 3.3912 | 0.2053 | DATA_PRIVACY_SECURE | MAINTAIN_BASELINE_PRIVACY_BUDGET | 200
PRIV-00644 | 0.5888 | 0.3406 | 0.0591 | DATA_PRIVACY_SECURE | MAINTAIN_BASELINE_PRIVACY_BUDGET | 200
PRIV-00645 | 0.7228 | 2.9332 | 0.3488 | DATA_PRIVACY_SECURE | MAINTAIN_BASELINE_PRIVACY_BUDGET | 200
PRIV-00646 | 0.8383 | 2.5463 | 0.5354 | DATA_PRIVACY_SECURE | MAINTAIN_BASELINE_PRIVACY_BUDGET | 200
PRIV-00647 | 0.8267 | 0.5380 | 0.2488 | DATA_PRIVACY_SECURE | MAINTAIN_BASELINE_PRIVACY_BUDGET | 200
PRIV-00648 | 0.5015 | 2.2630 | 0.1121 | DATA_PRIVACY_SECURE | MAINTAIN_BASELINE_PRIVACY_BUDGET | 200
PRIV-00649 | 0.9650 | 3.4718 | 0.8623 | CRITICAL_MEMORIZATION_LEAK_HAZARD | TRIGGER_DYNAMIC_DIFFERENTIAL_PRIVACY_NOISE | 422
PRIV-00650 | 0.6812 | 3.3637 | 0.3334 | DATA_PRIVACY_SECURE | MAINTAIN_BASELINE_PRIVACY_BUDGET | 200
PRIV-00651 | 0.8429 | 1.4343 | 0.5576 | DATA_PRIVACY_SECURE | MAINTAIN_BASELINE_PRIVACY_BUDGET | 200
PRIV-00652 | 0.7491 | 2.9764 | 0.445 | DATA_PRIVACY_SECURE | MAINTAIN_BASELINE_PRIVACY_BUDGET | 200
PRIV-00653 | 0.6995 | 2.1274 | 0.2951 | DATA_PRIVACY_SECURE | MAINTAIN_BASELINE_PRIVACY_BUDGET | 200
PRIV-00654 | 0.6006 | 1.1296 | 0.1195 | DATA_PRIVACY_SECURE | MAINTAIN_BASELINE_PRIVACY_BUDGET | 200
PRIV-00655 | 0.5043 | 1.3334 | 0.2044 | DATA_PRIVACY_SECURE | MAINTAIN_BASELINE_PRIVACY_BUDGET | 200
PRIV-00656 | 0.6083 | 0.3507 | 0.1344 | DATA_PRIVACY_SECURE | MAINTAIN_BASELINE_PRIVACY_BUDGET | 200
PRIV-00657 | 0.5887 | 0.3416 | 0.1198 | DATA_PRIVACY_SECURE | MAINTAIN_BASELINE_PRIVACY_BUDGET | 200
PRIV-00658 | 0.9128 | 2.7917 | 0.7157 | DATA_PRIVACY_SECURE | MAINTAIN_BASELINE_PRIVACY_BUDGET | 200
PRIV-00659 | 0.7474 | 0.9204 | 0.3065 | DATA_PRIVACY_SECURE | MAINTAIN_BASELINE_PRIVACY_BUDGET | 200
PRIV-00660 | 0.6862 | 1.9616 | 0.2775 | DATA_PRIVACY_SECURE | MAINTAIN_BASELINE_PRIVACY_BUDGET | 200
PRIV-00661 | 0.6751 | 0.6462 | 0.1789 | DATA_PRIVACY_SECURE | MAINTAIN_BASELINE_PRIVACY_BUDGET | 200
PRIV-00662 | 0.5963 | 1.1045 | 0.1374 | DATA_PRIVACY_SECURE | MAINTAIN_BASELINE_PRIVACY_BUDGET | 200
PRIV-00663 | 0.7360 | 3.0232 | 0.3788 | DATA_PRIVACY_SECURE | MAINTAIN_BASELINE_PRIVACY_BUDGET | 200
PRIV-00664 | 0.6163 | 0.7736 | 0.1385 | DATA_PRIVACY_SECURE | MAINTAIN_BASELINE_PRIVACY_BUDGET | 200
PRIV-00665 | 0.5510 | 0.7155 | 0.0838 | DATA_PRIVACY_SECURE | MAINTAIN_BASELINE_PRIVACY_BUDGET | 200
PRIV-00666 | 0.9133 | 1.6862 | 0.647 | DATA_PRIVACY_SECURE | MAINTAIN_BASELINE_PRIVACY_BUDGET | 200
PRIV-00667 | 0.6815 | 0.2164 | 0.1651 | DATA_PRIVACY_SECURE | MAINTAIN_BASELINE_PRIVACY_BUDGET | 200
PRIV-00668 | 0.6998 | 0.5420 | 0.2769 | DATA_PRIVACY_SECURE | MAINTAIN_BASELINE_PRIVACY_BUDGET | 200
PRIV-00669 | 0.8317 | 3.3808 | 0.4502 | DATA_PRIVACY_SECURE | MAINTAIN_BASELINE_PRIVACY_BUDGET | 200
PRIV-00670 | 0.5075 | 0.1310 | 0.1133 | DATA_PRIVACY_SECURE | MAINTAIN_BASELINE_PRIVACY_BUDGET | 200
PRIV-00671 | 0.7615 | 2.9157 | 0.4687 | DATA_PRIVACY_SECURE | MAINTAIN_BASELINE_PRIVACY_BUDGET | 200
PRIV-00672 | 0.8662 | 0.6525 | 0.3445 | DATA_PRIVACY_SECURE | MAINTAIN_BASELINE_PRIVACY_BUDGET | 200
PRIV-00673 | 0.5251 | 2.7999 | 0.1228 | DATA_PRIVACY_SECURE | MAINTAIN_BASELINE_PRIVACY_BUDGET | 200
PRIV-00674 | 0.7148 | 2.3056 | 0.3173 | DATA_PRIVACY_SECURE | MAINTAIN_BASELINE_PRIVACY_BUDGET | 200
PRIV-00675 | 0.5817 | 2.6597 | 0.1276 | DATA_PRIVACY_SECURE | MAINTAIN_BASELINE_PRIVACY_BUDGET | 200
PRIV-00676 | 0.6786 | 2.0760 | 0.2466 | DATA_PRIVACY_SECURE | MAINTAIN_BASELINE_PRIVACY_BUDGET | 200
PRIV-00677 | 0.9753 | 2.7946 | 0.8298 | CRITICAL_MEMORIZATION_LEAK_HAZARD | TRIGGER_DYNAMIC_DIFFERENTIAL_PRIVACY_NOISE | 422
PRIV-00678 | 0.8665 | 1.5023 | 0.6022 | DATA_PRIVACY_SECURE | MAINTAIN_BASELINE_PRIVACY_BUDGET | 200
PRIV-00679 | 0.7708 | 1.4944 | 0.4115 | DATA_PRIVACY_SECURE | MAINTAIN_BASELINE_PRIVACY_BUDGET | 200
PRIV-00680 | 0.9766 | 3.3828 | 0.9518 | CRITICAL_MEMORIZATION_LEAK_HAZARD | TRIGGER_DYNAMIC_DIFFERENTIAL_PRIVACY_NOISE | 422
PRIV-00681 | 0.7432 | 0.1397 | 0.2485 | DATA_PRIVACY_SECURE | MAINTAIN_BASELINE_PRIVACY_BUDGET | 200
PRIV-00682 | 0.6884 | 0.8701 | 0.1848 | DATA_PRIVACY_SECURE | MAINTAIN_BASELINE_PRIVACY_BUDGET | 200
PRIV-00683 | 0.6798 | 0.5020 | 0.1748 | DATA_PRIVACY_SECURE | MAINTAIN_BASELINE_PRIVACY_BUDGET | 200
PRIV-00684 | 0.7455 | 3.1079 | 0.4162 | DATA_PRIVACY_SECURE | MAINTAIN_BASELINE_PRIVACY_BUDGET | 200
PRIV-00685 | 0.6428 | 0.1621 | 0.0946 | DATA_PRIVACY_SECURE | MAINTAIN_BASELINE_PRIVACY_BUDGET | 200
PRIV-00686 | 0.6251 | 0.2162 | 0.1638 | DATA_PRIVACY_SECURE | MAINTAIN_BASELINE_PRIVACY_BUDGET | 200
PRIV-00687 | 0.9441 | 0.6347 | 0.5404 | DATA_PRIVACY_SECURE | MAINTAIN_BASELINE_PRIVACY_BUDGET | 200
PRIV-00688 | 0.5638 | 3.4663 | 0.1588 | DATA_PRIVACY_SECURE | MAINTAIN_BASELINE_PRIVACY_BUDGET | 200
PRIV-00689 | 0.8879 | 3.2616 | 0.7026 | DATA_PRIVACY_SECURE | MAINTAIN_BASELINE_PRIVACY_BUDGET | 200
PRIV-00690 | 0.7237 | 1.3334 | 0.3178 | DATA_PRIVACY_SECURE | MAINTAIN_BASELINE_PRIVACY_BUDGET | 200
PRIV-00691 | 0.9866 | 0.2850 | 0.5337 | DATA_PRIVACY_SECURE | MAINTAIN_BASELINE_PRIVACY_BUDGET | 200
PRIV-00692 | 0.7283 | 1.1393 | 0.339 | DATA_PRIVACY_SECURE | MAINTAIN_BASELINE_PRIVACY_BUDGET | 200
PRIV-00693 | 0.8708 | 1.8965 | 0.531 | DATA_PRIVACY_SECURE | MAINTAIN_BASELINE_PRIVACY_BUDGET | 200
PRIV-00694 | 0.6259 | 2.5101 | 0.2514 | DATA_PRIVACY_SECURE | MAINTAIN_BASELINE_PRIVACY_BUDGET | 200
PRIV-00695 | 0.8119 | 2.4424 | 0.5161 | DATA_PRIVACY_SECURE | MAINTAIN_BASELINE_PRIVACY_BUDGET | 200
PRIV-00696 | 0.6775 | 1.0548 | 0.2182 | DATA_PRIVACY_SECURE | MAINTAIN_BASELINE_PRIVACY_BUDGET | 200
PRIV-00697 | 0.6532 | 1.8377 | 0.2535 | DATA_PRIVACY_SECURE | MAINTAIN_BASELINE_PRIVACY_BUDGET | 200
PRIV-00698 | 0.7300 | 2.9512 | 0.3196 | DATA_PRIVACY_SECURE | MAINTAIN_BASELINE_PRIVACY_BUDGET | 200
PRIV-00699 | 0.7210 | 3.0078 | 0.3941 | DATA_PRIVACY_SECURE | MAINTAIN_BASELINE_PRIVACY_BUDGET | 200
PRIV-00700 | 0.9741 | 0.6643 | 0.6028 | DATA_PRIVACY_SECURE | MAINTAIN_BASELINE_PRIVACY_BUDGET | 200
PRIV-00701 | 0.8857 | 1.1499 | 0.5067 | DATA_PRIVACY_SECURE | MAINTAIN_BASELINE_PRIVACY_BUDGET | 200
PRIV-00702 | 0.6593 | 2.4605 | 0.3059 | DATA_PRIVACY_SECURE | MAINTAIN_BASELINE_PRIVACY_BUDGET | 200
PRIV-00703 | 0.5695 | 0.5116 | 0.0873 | DATA_PRIVACY_SECURE | MAINTAIN_BASELINE_PRIVACY_BUDGET | 200
PRIV-00704 | 0.7737 | 0.1137 | 0.1884 | DATA_PRIVACY_SECURE | MAINTAIN_BASELINE_PRIVACY_BUDGET | 200
PRIV-00705 | 0.6993 | 2.1877 | 0.2453 | DATA_PRIVACY_SECURE | MAINTAIN_BASELINE_PRIVACY_BUDGET | 200
PRIV-00706 | 0.5467 | 1.4503 | 0.1566 | DATA_PRIVACY_SECURE | MAINTAIN_BASELINE_PRIVACY_BUDGET | 200
PRIV-00707 | 0.7636 | 1.4272 | 0.3078 | DATA_PRIVACY_SECURE | MAINTAIN_BASELINE_PRIVACY_BUDGET | 200
PRIV-00708 | 0.7643 | 1.0793 | 0.4034 | DATA_PRIVACY_SECURE | MAINTAIN_BASELINE_PRIVACY_BUDGET | 200
PRIV-00709 | 0.7608 | 3.4909 | 0.3441 | DATA_PRIVACY_SECURE | MAINTAIN_BASELINE_PRIVACY_BUDGET | 200
PRIV-00710 | 0.8412 | 0.6469 | 0.4585 | DATA_PRIVACY_SECURE | MAINTAIN_BASELINE_PRIVACY_BUDGET | 200
PRIV-00711 | 0.7189 | 0.6198 | 0.25 | DATA_PRIVACY_SECURE | MAINTAIN_BASELINE_PRIVACY_BUDGET | 200
PRIV-00712 | 0.9862 | 1.3593 | 0.7593 | DATA_PRIVACY_SECURE | MAINTAIN_BASELINE_PRIVACY_BUDGET | 200
PRIV-00713 | 0.6578 | 1.4100 | 0.2069 | DATA_PRIVACY_SECURE | MAINTAIN_BASELINE_PRIVACY_BUDGET | 200
PRIV-00714 | 0.5689 | 3.4419 | 0.1944 | DATA_PRIVACY_SECURE | MAINTAIN_BASELINE_PRIVACY_BUDGET | 200
PRIV-00715 | 0.6022 | 2.0274 | 0.1914 | DATA_PRIVACY_SECURE | MAINTAIN_BASELINE_PRIVACY_BUDGET | 200
PRIV-00716 | 0.6954 | 2.6932 | 0.359 | DATA_PRIVACY_SECURE | MAINTAIN_BASELINE_PRIVACY_BUDGET | 200
PRIV-00717 | 0.5325 | 0.8450 | 0.1102 | DATA_PRIVACY_SECURE | MAINTAIN_BASELINE_PRIVACY_BUDGET | 200
PRIV-00718 | 0.6577 | 3.4888 | 0.2821 | DATA_PRIVACY_SECURE | MAINTAIN_BASELINE_PRIVACY_BUDGET | 200
PRIV-00719 | 0.6368 | 1.8731 | 0.2093 | DATA_PRIVACY_SECURE | MAINTAIN_BASELINE_PRIVACY_BUDGET | 200
PRIV-00720 | 0.7857 | 1.8948 | 0.4193 | DATA_PRIVACY_SECURE | MAINTAIN_BASELINE_PRIVACY_BUDGET | 200
PRIV-00721 | 0.5218 | 1.0037 | 0.1163 | DATA_PRIVACY_SECURE | MAINTAIN_BASELINE_PRIVACY_BUDGET | 200
PRIV-00722 | 0.9854 | 2.7914 | 0.8331 | CRITICAL_MEMORIZATION_LEAK_HAZARD | TRIGGER_DYNAMIC_DIFFERENTIAL_PRIVACY_NOISE | 422
PRIV-00723 | 0.7082 | 2.2124 | 0.2662 | DATA_PRIVACY_SECURE | MAINTAIN_BASELINE_PRIVACY_BUDGET | 200
PRIV-00724 | 0.6639 | 2.3233 | 0.2963 | DATA_PRIVACY_SECURE | MAINTAIN_BASELINE_PRIVACY_BUDGET | 200
PRIV-00725 | 0.7038 | 3.3808 | 0.344 | DATA_PRIVACY_SECURE | MAINTAIN_BASELINE_PRIVACY_BUDGET | 200
PRIV-00726 | 0.5893 | 2.1707 | 0.1764 | DATA_PRIVACY_SECURE | MAINTAIN_BASELINE_PRIVACY_BUDGET | 200
PRIV-00727 | 0.6130 | 1.7427 | 0.1967 | DATA_PRIVACY_SECURE | MAINTAIN_BASELINE_PRIVACY_BUDGET | 200
PRIV-00728 | 0.7467 | 1.3869 | 0.3471 | DATA_PRIVACY_SECURE | MAINTAIN_BASELINE_PRIVACY_BUDGET | 200
PRIV-00729 | 0.9584 | 0.5716 | 0.541 | DATA_PRIVACY_SECURE | MAINTAIN_BASELINE_PRIVACY_BUDGET | 200
PRIV-00730 | 0.8040 | 1.8522 | 0.4181 | DATA_PRIVACY_SECURE | MAINTAIN_BASELINE_PRIVACY_BUDGET | 200
PRIV-00731 | 0.6879 | 1.9754 | 0.2937 | DATA_PRIVACY_SECURE | MAINTAIN_BASELINE_PRIVACY_BUDGET | 200
PRIV-00732 | 0.9747 | 0.8012 | 0.6 | DATA_PRIVACY_SECURE | MAINTAIN_BASELINE_PRIVACY_BUDGET | 200
PRIV-00733 | 0.7849 | 0.3574 | 0.3008 | DATA_PRIVACY_SECURE | MAINTAIN_BASELINE_PRIVACY_BUDGET | 200
PRIV-00734 | 0.9818 | 1.1507 | 0.6508 | DATA_PRIVACY_SECURE | MAINTAIN_BASELINE_PRIVACY_BUDGET | 200
PRIV-00735 | 0.7155 | 0.7862 | 0.2928 | DATA_PRIVACY_SECURE | MAINTAIN_BASELINE_PRIVACY_BUDGET | 200
PRIV-00736 | 0.6649 | 2.5815 | 0.2921 | DATA_PRIVACY_SECURE | MAINTAIN_BASELINE_PRIVACY_BUDGET | 200
PRIV-00737 | 0.5716 | 1.0441 | 0.1484 | DATA_PRIVACY_SECURE | MAINTAIN_BASELINE_PRIVACY_BUDGET | 200
PRIV-00738 | 0.6734 | 3.0615 | 0.331 | DATA_PRIVACY_SECURE | MAINTAIN_BASELINE_PRIVACY_BUDGET | 200
PRIV-00739 | 0.6318 | 3.2464 | 0.3094 | DATA_PRIVACY_SECURE | MAINTAIN_BASELINE_PRIVACY_BUDGET | 200
PRIV-00740 | 0.6879 | 2.5883 | 0.3433 | DATA_PRIVACY_SECURE | MAINTAIN_BASELINE_PRIVACY_BUDGET | 200
PRIV-00741 | 0.6141 | 2.2268 | 0.1354 | DATA_PRIVACY_SECURE | MAINTAIN_BASELINE_PRIVACY_BUDGET | 200
PRIV-00742 | 0.8396 | 1.1263 | 0.3958 | DATA_PRIVACY_SECURE | MAINTAIN_BASELINE_PRIVACY_BUDGET | 200
PRIV-00743 | 0.9971 | 1.4728 | 0.7814 | CRITICAL_MEMORIZATION_LEAK_HAZARD | TRIGGER_DYNAMIC_DIFFERENTIAL_PRIVACY_NOISE | 422
PRIV-00744 | 0.7415 | 0.5878 | 0.2631 | DATA_PRIVACY_SECURE | MAINTAIN_BASELINE_PRIVACY_BUDGET | 200
PRIV-00745 | 0.7102 | 2.9463 | 0.3611 | DATA_PRIVACY_SECURE | MAINTAIN_BASELINE_PRIVACY_BUDGET | 200
PRIV-00746 | 0.9504 | 0.9508 | 0.5902 | DATA_PRIVACY_SECURE | MAINTAIN_BASELINE_PRIVACY_BUDGET | 200
PRIV-00747 | 0.7203 | 0.7078 | 0.2578 | DATA_PRIVACY_SECURE | MAINTAIN_BASELINE_PRIVACY_BUDGET | 200
PRIV-00748 | 0.7585 | 1.2658 | 0.3102 | DATA_PRIVACY_SECURE | MAINTAIN_BASELINE_PRIVACY_BUDGET | 200
PRIV-00749 | 0.8417 | 1.7621 | 0.4844 | DATA_PRIVACY_SECURE | MAINTAIN_BASELINE_PRIVACY_BUDGET | 200
PRIV-00750 | 0.6318 | 2.1452 | 0.1695 | DATA_PRIVACY_SECURE | MAINTAIN_BASELINE_PRIVACY_BUDGET | 200
PRIV-00751 | 0.5481 | 1.4263 | 0.0958 | DATA_PRIVACY_SECURE | MAINTAIN_BASELINE_PRIVACY_BUDGET | 200
PRIV-00752 | 0.7177 | 0.2901 | 0.1574 | DATA_PRIVACY_SECURE | MAINTAIN_BASELINE_PRIVACY_BUDGET | 200
PRIV-00753 | 0.7380 | 2.5247 | 0.3331 | DATA_PRIVACY_SECURE | MAINTAIN_BASELINE_PRIVACY_BUDGET | 200
PRIV-00754 | 0.8039 | 2.7032 | 0.529 | DATA_PRIVACY_SECURE | MAINTAIN_BASELINE_PRIVACY_BUDGET | 200
PRIV-00755 | 0.9270 | 3.2118 | 0.7277 | DATA_PRIVACY_SECURE | MAINTAIN_BASELINE_PRIVACY_BUDGET | 200
PRIV-00756 | 0.9773 | 3.2901 | 1.0 | CRITICAL_MEMORIZATION_LEAK_HAZARD | TRIGGER_DYNAMIC_DIFFERENTIAL_PRIVACY_NOISE | 422
PRIV-00757 | 0.6038 | 2.0181 | 0.214 | DATA_PRIVACY_SECURE | MAINTAIN_BASELINE_PRIVACY_BUDGET | 200
PRIV-00758 | 0.8357 | 2.7334 | 0.5553 | DATA_PRIVACY_SECURE | MAINTAIN_BASELINE_PRIVACY_BUDGET | 200
PRIV-00759 | 0.5495 | 0.8723 | 0.0827 | DATA_PRIVACY_SECURE | MAINTAIN_BASELINE_PRIVACY_BUDGET | 200
PRIV-00760 | 0.8652 | 1.1122 | 0.5154 | DATA_PRIVACY_SECURE | MAINTAIN_BASELINE_PRIVACY_BUDGET | 200
PRIV-00761 | 0.5457 | 1.7600 | 0.1156 | DATA_PRIVACY_SECURE | MAINTAIN_BASELINE_PRIVACY_BUDGET | 200
PRIV-00762 | 0.9092 | 1.5853 | 0.6287 | DATA_PRIVACY_SECURE | MAINTAIN_BASELINE_PRIVACY_BUDGET | 200
PRIV-00763 | 0.9060 | 0.7079 | 0.6007 | DATA_PRIVACY_SECURE | MAINTAIN_BASELINE_PRIVACY_BUDGET | 200
PRIV-00764 | 0.6420 | 0.6717 | 0.1713 | DATA_PRIVACY_SECURE | MAINTAIN_BASELINE_PRIVACY_BUDGET | 200
PRIV-00765 | 0.7729 | 1.7022 | 0.4366 | DATA_PRIVACY_SECURE | MAINTAIN_BASELINE_PRIVACY_BUDGET | 200
PRIV-00766 | 0.9335 | 0.4239 | 0.4636 | DATA_PRIVACY_SECURE | MAINTAIN_BASELINE_PRIVACY_BUDGET | 200
PRIV-00767 | 0.7058 | 0.3544 | 0.2053 | DATA_PRIVACY_SECURE | MAINTAIN_BASELINE_PRIVACY_BUDGET | 200
PRIV-00768 | 0.8374 | 1.2075 | 0.5229 | DATA_PRIVACY_SECURE | MAINTAIN_BASELINE_PRIVACY_BUDGET | 200
PRIV-00769 | 0.9787 | 0.1419 | 0.4769 | DATA_PRIVACY_SECURE | MAINTAIN_BASELINE_PRIVACY_BUDGET | 200
PRIV-00770 | 0.6534 | 1.1421 | 0.284 | DATA_PRIVACY_SECURE | MAINTAIN_BASELINE_PRIVACY_BUDGET | 200
PRIV-00771 | 0.5718 | 2.0799 | 0.1945 | DATA_PRIVACY_SECURE | MAINTAIN_BASELINE_PRIVACY_BUDGET | 200
PRIV-00772 | 0.8288 | 1.6330 | 0.4538 | DATA_PRIVACY_SECURE | MAINTAIN_BASELINE_PRIVACY_BUDGET | 200
PRIV-00773 | 0.9704 | 0.8528 | 0.6661 | DATA_PRIVACY_SECURE | MAINTAIN_BASELINE_PRIVACY_BUDGET | 200
PRIV-00774 | 0.6423 | 1.0696 | 0.2362 | DATA_PRIVACY_SECURE | MAINTAIN_BASELINE_PRIVACY_BUDGET | 200
PRIV-00775 | 0.5449 | 1.5608 | 0.1586 | DATA_PRIVACY_SECURE | MAINTAIN_BASELINE_PRIVACY_BUDGET | 200
PRIV-00776 | 0.8249 | 0.8314 | 0.3283 | DATA_PRIVACY_SECURE | MAINTAIN_BASELINE_PRIVACY_BUDGET | 200
PRIV-00777 | 0.6552 | 0.1255 | 0.1204 | DATA_PRIVACY_SECURE | MAINTAIN_BASELINE_PRIVACY_BUDGET | 200
PRIV-00778 | 0.5323 | 0.8017 | 0.0942 | DATA_PRIVACY_SECURE | MAINTAIN_BASELINE_PRIVACY_BUDGET | 200
PRIV-00779 | 0.5094 | 1.5783 | 0.1066 | DATA_PRIVACY_SECURE | MAINTAIN_BASELINE_PRIVACY_BUDGET | 200
PRIV-00780 | 0.7376 | 2.1617 | 0.3846 | DATA_PRIVACY_SECURE | MAINTAIN_BASELINE_PRIVACY_BUDGET | 200
PRIV-00781 | 0.6167 | 2.1071 | 0.2162 | DATA_PRIVACY_SECURE | MAINTAIN_BASELINE_PRIVACY_BUDGET | 200
PRIV-00782 | 0.7275 | 1.8078 | 0.2774 | DATA_PRIVACY_SECURE | MAINTAIN_BASELINE_PRIVACY_BUDGET | 200
PRIV-00783 | 0.6570 | 0.9344 | 0.2189 | DATA_PRIVACY_SECURE | MAINTAIN_BASELINE_PRIVACY_BUDGET | 200
PRIV-00784 | 0.8946 | 2.7736 | 0.6983 | DATA_PRIVACY_SECURE | MAINTAIN_BASELINE_PRIVACY_BUDGET | 200
PRIV-00785 | 0.7954 | 1.6510 | 0.4446 | DATA_PRIVACY_SECURE | MAINTAIN_BASELINE_PRIVACY_BUDGET | 200
PRIV-00786 | 0.9540 | 1.5339 | 0.7575 | DATA_PRIVACY_SECURE | MAINTAIN_BASELINE_PRIVACY_BUDGET | 200
PRIV-00787 | 0.5058 | 2.0721 | 0.1483 | DATA_PRIVACY_SECURE | MAINTAIN_BASELINE_PRIVACY_BUDGET | 200
PRIV-00788 | 0.5416 | 0.7135 | 0.125 | DATA_PRIVACY_SECURE | MAINTAIN_BASELINE_PRIVACY_BUDGET | 200
PRIV-00789 | 0.9499 | 0.7246 | 0.5746 | DATA_PRIVACY_SECURE | MAINTAIN_BASELINE_PRIVACY_BUDGET | 200
PRIV-00790 | 0.5729 | 0.9350 | 0.0686 | DATA_PRIVACY_SECURE | MAINTAIN_BASELINE_PRIVACY_BUDGET | 200
PRIV-00791 | 0.8393 | 3.0596 | 0.5819 | DATA_PRIVACY_SECURE | MAINTAIN_BASELINE_PRIVACY_BUDGET | 200
PRIV-00792 | 0.8090 | 1.6142 | 0.4499 | DATA_PRIVACY_SECURE | MAINTAIN_BASELINE_PRIVACY_BUDGET | 200
PRIV-00793 | 0.5887 | 2.1521 | 0.1937 | DATA_PRIVACY_SECURE | MAINTAIN_BASELINE_PRIVACY_BUDGET | 200
PRIV-00794 | 0.8678 | 2.9534 | 0.57 | DATA_PRIVACY_SECURE | MAINTAIN_BASELINE_PRIVACY_BUDGET | 200
PRIV-00795 | 0.9296 | 2.2245 | 0.6817 | DATA_PRIVACY_SECURE | MAINTAIN_BASELINE_PRIVACY_BUDGET | 200
PRIV-00796 | 0.7691 | 1.3703 | 0.4049 | DATA_PRIVACY_SECURE | MAINTAIN_BASELINE_PRIVACY_BUDGET | 200
PRIV-00797 | 0.8124 | 2.4926 | 0.4936 | DATA_PRIVACY_SECURE | MAINTAIN_BASELINE_PRIVACY_BUDGET | 200
PRIV-00798 | 0.6939 | 2.0086 | 0.3219 | DATA_PRIVACY_SECURE | MAINTAIN_BASELINE_PRIVACY_BUDGET | 200
PRIV-00799 | 0.8774 | 2.7547 | 0.6363 | DATA_PRIVACY_SECURE | MAINTAIN_BASELINE_PRIVACY_BUDGET | 200
PRIV-00800 | 0.6135 | 0.7657 | 0.1588 | DATA_PRIVACY_SECURE | MAINTAIN_BASELINE_PRIVACY_BUDGET | 200
PRIV-00801 | 0.9515 | 1.2329 | 0.7046 | DATA_PRIVACY_SECURE | MAINTAIN_BASELINE_PRIVACY_BUDGET | 200
PRIV-00802 | 0.8886 | 1.8005 | 0.5815 | DATA_PRIVACY_SECURE | MAINTAIN_BASELINE_PRIVACY_BUDGET | 200
PRIV-00803 | 0.9654 | 0.4371 | 0.5506 | DATA_PRIVACY_SECURE | MAINTAIN_BASELINE_PRIVACY_BUDGET | 200
PRIV-00804 | 0.5906 | 1.3858 | 0.1463 | DATA_PRIVACY_SECURE | MAINTAIN_BASELINE_PRIVACY_BUDGET | 200
PRIV-00805 | 0.5436 | 2.9902 | 0.1356 | DATA_PRIVACY_SECURE | MAINTAIN_BASELINE_PRIVACY_BUDGET | 200
PRIV-00806 | 0.7871 | 1.4448 | 0.3823 | DATA_PRIVACY_SECURE | MAINTAIN_BASELINE_PRIVACY_BUDGET | 200
PRIV-00807 | 0.9325 | 2.7552 | 0.7713 | CRITICAL_MEMORIZATION_LEAK_HAZARD | TRIGGER_DYNAMIC_DIFFERENTIAL_PRIVACY_NOISE | 422
PRIV-00808 | 0.9585 | 2.7032 | 0.8062 | CRITICAL_MEMORIZATION_LEAK_HAZARD | TRIGGER_DYNAMIC_DIFFERENTIAL_PRIVACY_NOISE | 422
PRIV-00809 | 0.8408 | 1.1778 | 0.5046 | DATA_PRIVACY_SECURE | MAINTAIN_BASELINE_PRIVACY_BUDGET | 200
PRIV-00810 | 0.5794 | 2.0956 | 0.1374 | DATA_PRIVACY_SECURE | MAINTAIN_BASELINE_PRIVACY_BUDGET | 200
PRIV-00811 | 0.9242 | 3.3661 | 0.7555 | DATA_PRIVACY_SECURE | MAINTAIN_BASELINE_PRIVACY_BUDGET | 200
PRIV-00812 | 0.8770 | 2.7625 | 0.6169 | DATA_PRIVACY_SECURE | MAINTAIN_BASELINE_PRIVACY_BUDGET | 200
PRIV-00813 | 0.8016 | 2.7286 | 0.5413 | DATA_PRIVACY_SECURE | MAINTAIN_BASELINE_PRIVACY_BUDGET | 200
PRIV-00814 | 0.9844 | 3.4641 | 0.9328 | CRITICAL_MEMORIZATION_LEAK_HAZARD | TRIGGER_DYNAMIC_DIFFERENTIAL_PRIVACY_NOISE | 422
PRIV-00815 | 0.7517 | 1.3164 | 0.3762 | DATA_PRIVACY_SECURE | MAINTAIN_BASELINE_PRIVACY_BUDGET | 200
PRIV-00816 | 0.8882 | 2.2814 | 0.5764 | DATA_PRIVACY_SECURE | MAINTAIN_BASELINE_PRIVACY_BUDGET | 200
PRIV-00817 | 0.6068 | 0.8531 | 0.1674 | DATA_PRIVACY_SECURE | MAINTAIN_BASELINE_PRIVACY_BUDGET | 200
PRIV-00818 | 0.5175 | 0.6371 | 0.1262 | DATA_PRIVACY_SECURE | MAINTAIN_BASELINE_PRIVACY_BUDGET | 200
PRIV-00819 | 0.9044 | 2.2883 | 0.6748 | DATA_PRIVACY_SECURE | MAINTAIN_BASELINE_PRIVACY_BUDGET | 200
PRIV-00820 | 0.8047 | 0.3366 | 0.3466 | DATA_PRIVACY_SECURE | MAINTAIN_BASELINE_PRIVACY_BUDGET | 200
PRIV-00821 | 0.7542 | 3.4534 | 0.3952 | DATA_PRIVACY_SECURE | MAINTAIN_BASELINE_PRIVACY_BUDGET | 200
PRIV-00822 | 0.5913 | 2.7706 | 0.2509 | DATA_PRIVACY_SECURE | MAINTAIN_BASELINE_PRIVACY_BUDGET | 200
PRIV-00823 | 0.7213 | 0.1318 | 0.2919 | DATA_PRIVACY_SECURE | MAINTAIN_BASELINE_PRIVACY_BUDGET | 200
PRIV-00824 | 0.5841 | 2.5226 | 0.1699 | DATA_PRIVACY_SECURE | MAINTAIN_BASELINE_PRIVACY_BUDGET | 200
PRIV-00825 | 0.5575 | 2.1892 | 0.138 | DATA_PRIVACY_SECURE | MAINTAIN_BASELINE_PRIVACY_BUDGET | 200
PRIV-00826 | 0.7858 | 1.9684 | 0.4839 | DATA_PRIVACY_SECURE | MAINTAIN_BASELINE_PRIVACY_BUDGET | 200
PRIV-00827 | 0.6753 | 1.8379 | 0.3289 | DATA_PRIVACY_SECURE | MAINTAIN_BASELINE_PRIVACY_BUDGET | 200
PRIV-00828 | 0.9391 | 3.3045 | 0.7779 | CRITICAL_MEMORIZATION_LEAK_HAZARD | TRIGGER_DYNAMIC_DIFFERENTIAL_PRIVACY_NOISE | 422
PRIV-00829 | 0.9403 | 2.3086 | 0.7394 | DATA_PRIVACY_SECURE | MAINTAIN_BASELINE_PRIVACY_BUDGET | 200
PRIV-00830 | 0.5810 | 2.1502 | 0.1644 | DATA_PRIVACY_SECURE | MAINTAIN_BASELINE_PRIVACY_BUDGET | 200
PRIV-00831 | 0.6642 | 1.3098 | 0.177 | DATA_PRIVACY_SECURE | MAINTAIN_BASELINE_PRIVACY_BUDGET | 200
PRIV-00832 | 0.8157 | 0.6274 | 0.3171 | DATA_PRIVACY_SECURE | MAINTAIN_BASELINE_PRIVACY_BUDGET | 200
PRIV-00833 | 0.8271 | 1.7695 | 0.4432 | DATA_PRIVACY_SECURE | MAINTAIN_BASELINE_PRIVACY_BUDGET | 200
PRIV-00834 | 0.7647 | 0.2474 | 0.2204 | DATA_PRIVACY_SECURE | MAINTAIN_BASELINE_PRIVACY_BUDGET | 200
PRIV-00835 | 0.6304 | 1.3834 | 0.1989 | DATA_PRIVACY_SECURE | MAINTAIN_BASELINE_PRIVACY_BUDGET | 200
PRIV-00836 | 0.7289 | 2.5319 | 0.3681 | DATA_PRIVACY_SECURE | MAINTAIN_BASELINE_PRIVACY_BUDGET | 200
PRIV-00837 | 0.7858 | 0.3517 | 0.3469 | DATA_PRIVACY_SECURE | MAINTAIN_BASELINE_PRIVACY_BUDGET | 200
PRIV-00838 | 0.7701 | 0.8473 | 0.2798 | DATA_PRIVACY_SECURE | MAINTAIN_BASELINE_PRIVACY_BUDGET | 200
PRIV-00839 | 0.6333 | 3.4736 | 0.2857 | DATA_PRIVACY_SECURE | MAINTAIN_BASELINE_PRIVACY_BUDGET | 200
PRIV-00840 | 0.5494 | 1.9640 | 0.1369 | DATA_PRIVACY_SECURE | MAINTAIN_BASELINE_PRIVACY_BUDGET | 200
PRIV-00841 | 0.9401 | 2.7892 | 0.7807 | CRITICAL_MEMORIZATION_LEAK_HAZARD | TRIGGER_DYNAMIC_DIFFERENTIAL_PRIVACY_NOISE | 422
PRIV-00842 | 0.8568 | 2.4569 | 0.6064 | DATA_PRIVACY_SECURE | MAINTAIN_BASELINE_PRIVACY_BUDGET | 200
PRIV-00843 | 0.5887 | 1.5393 | 0.1231 | DATA_PRIVACY_SECURE | MAINTAIN_BASELINE_PRIVACY_BUDGET | 200
PRIV-00844 | 0.5221 | 2.1509 | 0.1428 | DATA_PRIVACY_SECURE | MAINTAIN_BASELINE_PRIVACY_BUDGET | 200
PRIV-00845 | 0.8761 | 2.8003 | 0.6407 | DATA_PRIVACY_SECURE | MAINTAIN_BASELINE_PRIVACY_BUDGET | 200
PRIV-00846 | 0.9901 | 3.1459 | 0.9501 | CRITICAL_MEMORIZATION_LEAK_HAZARD | TRIGGER_DYNAMIC_DIFFERENTIAL_PRIVACY_NOISE | 422
PRIV-00847 | 0.5766 | 0.1028 | 0.1123 | DATA_PRIVACY_SECURE | MAINTAIN_BASELINE_PRIVACY_BUDGET | 200
PRIV-00848 | 0.9073 | 2.3509 | 0.7801 | CRITICAL_MEMORIZATION_LEAK_HAZARD | TRIGGER_DYNAMIC_DIFFERENTIAL_PRIVACY_NOISE | 422
PRIV-00849 | 0.5855 | 3.1938 | 0.1673 | DATA_PRIVACY_SECURE | MAINTAIN_BASELINE_PRIVACY_BUDGET | 200
PRIV-00850 | 0.5339 | 2.2646 | 0.1166 | DATA_PRIVACY_SECURE | MAINTAIN_BASELINE_PRIVACY_BUDGET | 200
PRIV-00851 | 0.6952 | 1.6653 | 0.2577 | DATA_PRIVACY_SECURE | MAINTAIN_BASELINE_PRIVACY_BUDGET | 200
PRIV-00852 | 0.9139 | 2.0983 | 0.6576 | DATA_PRIVACY_SECURE | MAINTAIN_BASELINE_PRIVACY_BUDGET | 200
PRIV-00853 | 0.6764 | 0.6499 | 0.1778 | DATA_PRIVACY_SECURE | MAINTAIN_BASELINE_PRIVACY_BUDGET | 200
PRIV-00854 | 0.9167 | 0.4505 | 0.518 | DATA_PRIVACY_SECURE | MAINTAIN_BASELINE_PRIVACY_BUDGET | 200
PRIV-00855 | 0.6940 | 2.1716 | 0.3569 | DATA_PRIVACY_SECURE | MAINTAIN_BASELINE_PRIVACY_BUDGET | 200
PRIV-00856 | 0.9084 | 1.5095 | 0.591 | DATA_PRIVACY_SECURE | MAINTAIN_BASELINE_PRIVACY_BUDGET | 200
PRIV-00857 | 0.8526 | 0.4385 | 0.3434 | DATA_PRIVACY_SECURE | MAINTAIN_BASELINE_PRIVACY_BUDGET | 200
PRIV-00858 | 0.8666 | 0.1072 | 0.3617 | DATA_PRIVACY_SECURE | MAINTAIN_BASELINE_PRIVACY_BUDGET | 200
PRIV-00859 | 0.6706 | 2.0273 | 0.2443 | DATA_PRIVACY_SECURE | MAINTAIN_BASELINE_PRIVACY_BUDGET | 200
PRIV-00860 | 0.9662 | 2.5919 | 0.8645 | CRITICAL_MEMORIZATION_LEAK_HAZARD | TRIGGER_DYNAMIC_DIFFERENTIAL_PRIVACY_NOISE | 422
PRIV-00861 | 0.7435 | 2.5210 | 0.3886 | DATA_PRIVACY_SECURE | MAINTAIN_BASELINE_PRIVACY_BUDGET | 200
PRIV-00862 | 0.9203 | 2.9519 | 0.68 | DATA_PRIVACY_SECURE | MAINTAIN_BASELINE_PRIVACY_BUDGET | 200
PRIV-00863 | 0.6134 | 2.4217 | 0.2739 | DATA_PRIVACY_SECURE | MAINTAIN_BASELINE_PRIVACY_BUDGET | 200
PRIV-00864 | 0.7413 | 3.0678 | 0.4611 | DATA_PRIVACY_SECURE | MAINTAIN_BASELINE_PRIVACY_BUDGET | 200
PRIV-00865 | 0.9144 | 3.3175 | 0.7134 | DATA_PRIVACY_SECURE | MAINTAIN_BASELINE_PRIVACY_BUDGET | 200
PRIV-00866 | 0.6654 | 3.0402 | 0.2657 | DATA_PRIVACY_SECURE | MAINTAIN_BASELINE_PRIVACY_BUDGET | 200
PRIV-00867 | 0.5677 | 1.2375 | 0.1533 | DATA_PRIVACY_SECURE | MAINTAIN_BASELINE_PRIVACY_BUDGET | 200
PRIV-00868 | 0.9148 | 3.0725 | 0.745 | DATA_PRIVACY_SECURE | MAINTAIN_BASELINE_PRIVACY_BUDGET | 200
PRIV-00869 | 0.8581 | 1.9543 | 0.5798 | DATA_PRIVACY_SECURE | MAINTAIN_BASELINE_PRIVACY_BUDGET | 200
PRIV-00870 | 0.6915 | 1.3879 | 0.345 | DATA_PRIVACY_SECURE | MAINTAIN_BASELINE_PRIVACY_BUDGET | 200
PRIV-00871 | 0.8879 | 2.8253 | 0.6537 | DATA_PRIVACY_SECURE | MAINTAIN_BASELINE_PRIVACY_BUDGET | 200
PRIV-00872 | 0.8157 | 3.0255 | 0.4856 | DATA_PRIVACY_SECURE | MAINTAIN_BASELINE_PRIVACY_BUDGET | 200
PRIV-00873 | 0.5852 | 1.8263 | 0.1174 | DATA_PRIVACY_SECURE | MAINTAIN_BASELINE_PRIVACY_BUDGET | 200
PRIV-00874 | 0.6497 | 2.9525 | 0.2314 | DATA_PRIVACY_SECURE | MAINTAIN_BASELINE_PRIVACY_BUDGET | 200
PRIV-00875 | 0.7211 | 1.8751 | 0.3238 | DATA_PRIVACY_SECURE | MAINTAIN_BASELINE_PRIVACY_BUDGET | 200
PRIV-00876 | 0.5728 | 2.5065 | 0.2456 | DATA_PRIVACY_SECURE | MAINTAIN_BASELINE_PRIVACY_BUDGET | 200
PRIV-00877 | 0.7038 | 2.1761 | 0.2924 | DATA_PRIVACY_SECURE | MAINTAIN_BASELINE_PRIVACY_BUDGET | 200
PRIV-00878 | 0.6013 | 1.6076 | 0.1901 | DATA_PRIVACY_SECURE | MAINTAIN_BASELINE_PRIVACY_BUDGET | 200
PRIV-00879 | 0.7501 | 2.0024 | 0.3712 | DATA_PRIVACY_SECURE | MAINTAIN_BASELINE_PRIVACY_BUDGET | 200
PRIV-00880 | 0.6348 | 3.3971 | 0.2951 | DATA_PRIVACY_SECURE | MAINTAIN_BASELINE_PRIVACY_BUDGET | 200
PRIV-00881 | 0.5935 | 0.1074 | 0.2112 | DATA_PRIVACY_SECURE | MAINTAIN_BASELINE_PRIVACY_BUDGET | 200
PRIV-00882 | 0.9159 | 1.8919 | 0.6464 | DATA_PRIVACY_SECURE | MAINTAIN_BASELINE_PRIVACY_BUDGET | 200
PRIV-00883 | 0.7742 | 0.7784 | 0.2985 | DATA_PRIVACY_SECURE | MAINTAIN_BASELINE_PRIVACY_BUDGET | 200
PRIV-00884 | 0.8613 | 0.1169 | 0.3799 | DATA_PRIVACY_SECURE | MAINTAIN_BASELINE_PRIVACY_BUDGET | 200
PRIV-00885 | 0.8119 | 1.8829 | 0.4918 | DATA_PRIVACY_SECURE | MAINTAIN_BASELINE_PRIVACY_BUDGET | 200
PRIV-00886 | 0.8496 | 3.1514 | 0.6619 | DATA_PRIVACY_SECURE | MAINTAIN_BASELINE_PRIVACY_BUDGET | 200
PRIV-00887 | 0.7946 | 2.3505 | 0.4814 | DATA_PRIVACY_SECURE | MAINTAIN_BASELINE_PRIVACY_BUDGET | 200
PRIV-00888 | 0.5221 | 3.2606 | 0.1227 | DATA_PRIVACY_SECURE | MAINTAIN_BASELINE_PRIVACY_BUDGET | 200
PRIV-00889 | 0.7394 | 1.3750 | 0.3463 | DATA_PRIVACY_SECURE | MAINTAIN_BASELINE_PRIVACY_BUDGET | 200
PRIV-00890 | 0.5902 | 1.1799 | 0.2016 | DATA_PRIVACY_SECURE | MAINTAIN_BASELINE_PRIVACY_BUDGET | 200
PRIV-00891 | 0.7962 | 3.0754 | 0.5152 | DATA_PRIVACY_SECURE | MAINTAIN_BASELINE_PRIVACY_BUDGET | 200
PRIV-00892 | 0.9319 | 2.4138 | 0.7631 | CRITICAL_MEMORIZATION_LEAK_HAZARD | TRIGGER_DYNAMIC_DIFFERENTIAL_PRIVACY_NOISE | 422
PRIV-00893 | 0.5892 | 2.6431 | 0.2336 | DATA_PRIVACY_SECURE | MAINTAIN_BASELINE_PRIVACY_BUDGET | 200
PRIV-00894 | 0.9404 | 1.9819 | 0.7776 | CRITICAL_MEMORIZATION_LEAK_HAZARD | TRIGGER_DYNAMIC_DIFFERENTIAL_PRIVACY_NOISE | 422
PRIV-00895 | 0.6062 | 1.0674 | 0.2211 | DATA_PRIVACY_SECURE | MAINTAIN_BASELINE_PRIVACY_BUDGET | 200
PRIV-00896 | 0.8700 | 3.0935 | 0.6558 | DATA_PRIVACY_SECURE | MAINTAIN_BASELINE_PRIVACY_BUDGET | 200
PRIV-00897 | 0.8535 | 2.6978 | 0.5758 | DATA_PRIVACY_SECURE | MAINTAIN_BASELINE_PRIVACY_BUDGET | 200
PRIV-00898 | 0.6284 | 2.3278 | 0.2319 | DATA_PRIVACY_SECURE | MAINTAIN_BASELINE_PRIVACY_BUDGET | 200
PRIV-00899 | 0.9829 | 3.1025 | 0.9571 | CRITICAL_MEMORIZATION_LEAK_HAZARD | TRIGGER_DYNAMIC_DIFFERENTIAL_PRIVACY_NOISE | 422
PRIV-00900 | 0.8589 | 3.2696 | 0.5776 | DATA_PRIVACY_SECURE | MAINTAIN_BASELINE_PRIVACY_BUDGET | 200
PRIV-00901 | 0.7954 | 3.4250 | 0.5021 | DATA_PRIVACY_SECURE | MAINTAIN_BASELINE_PRIVACY_BUDGET | 200
PRIV-00902 | 0.7281 | 2.5521 | 0.3424 | DATA_PRIVACY_SECURE | MAINTAIN_BASELINE_PRIVACY_BUDGET | 200
PRIV-00903 | 0.7541 | 0.4146 | 0.2594 | DATA_PRIVACY_SECURE | MAINTAIN_BASELINE_PRIVACY_BUDGET | 200
PRIV-00904 | 0.7711 | 3.2324 | 0.4922 | DATA_PRIVACY_SECURE | MAINTAIN_BASELINE_PRIVACY_BUDGET | 200
PRIV-00905 | 0.6787 | 3.4666 | 0.3109 | DATA_PRIVACY_SECURE | MAINTAIN_BASELINE_PRIVACY_BUDGET | 200
PRIV-00906 | 0.8315 | 3.4012 | 0.5581 | DATA_PRIVACY_SECURE | MAINTAIN_BASELINE_PRIVACY_BUDGET | 200
PRIV-00907 | 0.5466 | 2.5455 | 0.0971 | DATA_PRIVACY_SECURE | MAINTAIN_BASELINE_PRIVACY_BUDGET | 200
PRIV-00908 | 0.9292 | 0.6545 | 0.5578 | DATA_PRIVACY_SECURE | MAINTAIN_BASELINE_PRIVACY_BUDGET | 200
PRIV-00909 | 0.9171 | 2.5177 | 0.7396 | DATA_PRIVACY_SECURE | MAINTAIN_BASELINE_PRIVACY_BUDGET | 200
PRIV-00910 | 0.7546 | 2.2753 | 0.4762 | DATA_PRIVACY_SECURE | MAINTAIN_BASELINE_PRIVACY_BUDGET | 200
PRIV-00911 | 0.6617 | 0.7287 | 0.1831 | DATA_PRIVACY_SECURE | MAINTAIN_BASELINE_PRIVACY_BUDGET | 200
PRIV-00912 | 0.9858 | 3.2993 | 0.9328 | CRITICAL_MEMORIZATION_LEAK_HAZARD | TRIGGER_DYNAMIC_DIFFERENTIAL_PRIVACY_NOISE | 422
PRIV-00913 | 0.5358 | 1.9645 | 0.1449 | DATA_PRIVACY_SECURE | MAINTAIN_BASELINE_PRIVACY_BUDGET | 200
PRIV-00914 | 0.5737 | 2.8115 | 0.2412 | DATA_PRIVACY_SECURE | MAINTAIN_BASELINE_PRIVACY_BUDGET | 200
PRIV-00915 | 0.5321 | 0.6869 | 0.0964 | DATA_PRIVACY_SECURE | MAINTAIN_BASELINE_PRIVACY_BUDGET | 200
PRIV-00916 | 0.7848 | 0.4215 | 0.303 | DATA_PRIVACY_SECURE | MAINTAIN_BASELINE_PRIVACY_BUDGET | 200
PRIV-00917 | 0.5808 | 2.6587 | 0.2074 | DATA_PRIVACY_SECURE | MAINTAIN_BASELINE_PRIVACY_BUDGET | 200
PRIV-00918 | 0.7713 | 3.1350 | 0.4471 | DATA_PRIVACY_SECURE | MAINTAIN_BASELINE_PRIVACY_BUDGET | 200
PRIV-00919 | 0.5901 | 1.9807 | 0.1628 | DATA_PRIVACY_SECURE | MAINTAIN_BASELINE_PRIVACY_BUDGET | 200
PRIV-00920 | 0.6079 | 2.9495 | 0.2212 | DATA_PRIVACY_SECURE | MAINTAIN_BASELINE_PRIVACY_BUDGET | 200
PRIV-00921 | 0.7640 | 2.0898 | 0.4398 | DATA_PRIVACY_SECURE | MAINTAIN_BASELINE_PRIVACY_BUDGET | 200
PRIV-00922 | 0.8631 | 1.6316 | 0.4967 | DATA_PRIVACY_SECURE | MAINTAIN_BASELINE_PRIVACY_BUDGET | 200
PRIV-00923 | 0.6019 | 3.4521 | 0.2167 | DATA_PRIVACY_SECURE | MAINTAIN_BASELINE_PRIVACY_BUDGET | 200
PRIV-00924 | 0.6567 | 0.9053 | 0.1736 | DATA_PRIVACY_SECURE | MAINTAIN_BASELINE_PRIVACY_BUDGET | 200
PRIV-00925 | 0.8594 | 2.2013 | 0.6192 | DATA_PRIVACY_SECURE | MAINTAIN_BASELINE_PRIVACY_BUDGET | 200
PRIV-00926 | 0.8048 | 0.5084 | 0.2646 | DATA_PRIVACY_SECURE | MAINTAIN_BASELINE_PRIVACY_BUDGET | 200
PRIV-00927 | 0.8270 | 3.4565 | 0.526 | DATA_PRIVACY_SECURE | MAINTAIN_BASELINE_PRIVACY_BUDGET | 200
PRIV-00928 | 0.9674 | 1.4984 | 0.7552 | DATA_PRIVACY_SECURE | MAINTAIN_BASELINE_PRIVACY_BUDGET | 200
PRIV-00929 | 0.9359 | 2.0671 | 0.7903 | CRITICAL_MEMORIZATION_LEAK_HAZARD | TRIGGER_DYNAMIC_DIFFERENTIAL_PRIVACY_NOISE | 422
PRIV-00930 | 0.6605 | 0.5938 | 0.183 | DATA_PRIVACY_SECURE | MAINTAIN_BASELINE_PRIVACY_BUDGET | 200
PRIV-00931 | 0.6754 | 1.0866 | 0.2082 | DATA_PRIVACY_SECURE | MAINTAIN_BASELINE_PRIVACY_BUDGET | 200
PRIV-00932 | 0.6176 | 2.0030 | 0.2828 | DATA_PRIVACY_SECURE | MAINTAIN_BASELINE_PRIVACY_BUDGET | 200
PRIV-00933 | 0.5108 | 1.9543 | 0.0588 | DATA_PRIVACY_SECURE | MAINTAIN_BASELINE_PRIVACY_BUDGET | 200
PRIV-00934 | 0.9808 | 0.6369 | 0.5291 | DATA_PRIVACY_SECURE | MAINTAIN_BASELINE_PRIVACY_BUDGET | 200
PRIV-00935 | 0.8997 | 2.2086 | 0.6738 | DATA_PRIVACY_SECURE | MAINTAIN_BASELINE_PRIVACY_BUDGET | 200
PRIV-00936 | 0.8034 | 2.3396 | 0.453 | DATA_PRIVACY_SECURE | MAINTAIN_BASELINE_PRIVACY_BUDGET | 200
PRIV-00937 | 0.7958 | 2.0963 | 0.4079 | DATA_PRIVACY_SECURE | MAINTAIN_BASELINE_PRIVACY_BUDGET | 200
PRIV-00938 | 0.6913 | 2.9389 | 0.3421 | DATA_PRIVACY_SECURE | MAINTAIN_BASELINE_PRIVACY_BUDGET | 200
PRIV-00939 | 0.8005 | 0.7211 | 0.3549 | DATA_PRIVACY_SECURE | MAINTAIN_BASELINE_PRIVACY_BUDGET | 200
PRIV-00940 | 0.5855 | 0.3803 | 0.0967 | DATA_PRIVACY_SECURE | MAINTAIN_BASELINE_PRIVACY_BUDGET | 200
PRIV-00941 | 0.8678 | 1.6397 | 0.496 | DATA_PRIVACY_SECURE | MAINTAIN_BASELINE_PRIVACY_BUDGET | 200
PRIV-00942 | 0.6818 | 3.1306 | 0.3386 | DATA_PRIVACY_SECURE | MAINTAIN_BASELINE_PRIVACY_BUDGET | 200
PRIV-00943 | 0.6006 | 1.5032 | 0.2032 | DATA_PRIVACY_SECURE | MAINTAIN_BASELINE_PRIVACY_BUDGET | 200
PRIV-00944 | 0.5803 | 3.0182 | 0.1823 | DATA_PRIVACY_SECURE | MAINTAIN_BASELINE_PRIVACY_BUDGET | 200
PRIV-00945 | 0.7110 | 3.2183 | 0.4194 | DATA_PRIVACY_SECURE | MAINTAIN_BASELINE_PRIVACY_BUDGET | 200
PRIV-00946 | 0.9429 | 3.3728 | 0.7677 | CRITICAL_MEMORIZATION_LEAK_HAZARD | TRIGGER_DYNAMIC_DIFFERENTIAL_PRIVACY_NOISE | 422
PRIV-00947 | 0.5845 | 1.1962 | 0.0923 | DATA_PRIVACY_SECURE | MAINTAIN_BASELINE_PRIVACY_BUDGET | 200
PRIV-00948 | 0.7616 | 2.9393 | 0.3919 | DATA_PRIVACY_SECURE | MAINTAIN_BASELINE_PRIVACY_BUDGET | 200
PRIV-00949 | 0.6829 | 1.1854 | 0.2422 | DATA_PRIVACY_SECURE | MAINTAIN_BASELINE_PRIVACY_BUDGET | 200
PRIV-00950 | 0.5659 | 0.8454 | 0.1365 | DATA_PRIVACY_SECURE | MAINTAIN_BASELINE_PRIVACY_BUDGET | 200
PRIV-00951 | 0.6165 | 0.3181 | 0.126 | DATA_PRIVACY_SECURE | MAINTAIN_BASELINE_PRIVACY_BUDGET | 200
PRIV-00952 | 0.6540 | 1.3738 | 0.2373 | DATA_PRIVACY_SECURE | MAINTAIN_BASELINE_PRIVACY_BUDGET | 200
PRIV-00953 | 0.6959 | 0.4749 | 0.1577 | DATA_PRIVACY_SECURE | MAINTAIN_BASELINE_PRIVACY_BUDGET | 200
PRIV-00954 | 0.8255 | 3.2209 | 0.5986 | DATA_PRIVACY_SECURE | MAINTAIN_BASELINE_PRIVACY_BUDGET | 200
PRIV-00955 | 0.6931 | 2.3372 | 0.3003 | DATA_PRIVACY_SECURE | MAINTAIN_BASELINE_PRIVACY_BUDGET | 200
PRIV-00956 | 0.6279 | 1.5038 | 0.2472 | DATA_PRIVACY_SECURE | MAINTAIN_BASELINE_PRIVACY_BUDGET | 200
PRIV-00957 | 0.5837 | 2.0501 | 0.1899 | DATA_PRIVACY_SECURE | MAINTAIN_BASELINE_PRIVACY_BUDGET | 200
PRIV-00958 | 0.9274 | 1.1055 | 0.6176 | DATA_PRIVACY_SECURE | MAINTAIN_BASELINE_PRIVACY_BUDGET | 200
PRIV-00959 | 0.7922 | 3.3664 | 0.5034 | DATA_PRIVACY_SECURE | MAINTAIN_BASELINE_PRIVACY_BUDGET | 200
PRIV-00960 | 0.9109 | 2.7301 | 0.7275 | DATA_PRIVACY_SECURE | MAINTAIN_BASELINE_PRIVACY_BUDGET | 200
PRIV-00961 | 0.9751 | 2.3120 | 0.8694 | CRITICAL_MEMORIZATION_LEAK_HAZARD | TRIGGER_DYNAMIC_DIFFERENTIAL_PRIVACY_NOISE | 422
PRIV-00962 | 0.8197 | 1.0419 | 0.4603 | DATA_PRIVACY_SECURE | MAINTAIN_BASELINE_PRIVACY_BUDGET | 200
PRIV-00963 | 0.7447 | 0.7170 | 0.2853 | DATA_PRIVACY_SECURE | MAINTAIN_BASELINE_PRIVACY_BUDGET | 200
PRIV-00964 | 0.7796 | 2.7185 | 0.4728 | DATA_PRIVACY_SECURE | MAINTAIN_BASELINE_PRIVACY_BUDGET | 200
PRIV-00965 | 0.7590 | 1.5295 | 0.3558 | DATA_PRIVACY_SECURE | MAINTAIN_BASELINE_PRIVACY_BUDGET | 200
PRIV-00966 | 0.5547 | 0.3728 | 0.1587 | DATA_PRIVACY_SECURE | MAINTAIN_BASELINE_PRIVACY_BUDGET | 200
PRIV-00967 | 0.7189 | 0.7085 | 0.2219 | DATA_PRIVACY_SECURE | MAINTAIN_BASELINE_PRIVACY_BUDGET | 200
PRIV-00968 | 0.8840 | 2.7741 | 0.7222 | DATA_PRIVACY_SECURE | MAINTAIN_BASELINE_PRIVACY_BUDGET | 200
PRIV-00969 | 0.9515 | 2.4889 | 0.7939 | CRITICAL_MEMORIZATION_LEAK_HAZARD | TRIGGER_DYNAMIC_DIFFERENTIAL_PRIVACY_NOISE | 422
PRIV-00970 | 0.8439 | 1.7559 | 0.4552 | DATA_PRIVACY_SECURE | MAINTAIN_BASELINE_PRIVACY_BUDGET | 200
PRIV-00971 | 0.5797 | 3.1960 | 0.1923 | DATA_PRIVACY_SECURE | MAINTAIN_BASELINE_PRIVACY_BUDGET | 200
PRIV-00972 | 0.6302 | 0.9355 | 0.1525 | DATA_PRIVACY_SECURE | MAINTAIN_BASELINE_PRIVACY_BUDGET | 200
PRIV-00973 | 0.5207 | 2.7491 | 0.1663 | DATA_PRIVACY_SECURE | MAINTAIN_BASELINE_PRIVACY_BUDGET | 200
PRIV-00974 | 0.6852 | 2.2419 | 0.2646 | DATA_PRIVACY_SECURE | MAINTAIN_BASELINE_PRIVACY_BUDGET | 200
PRIV-00975 | 0.7387 | 3.1762 | 0.3691 | DATA_PRIVACY_SECURE | MAINTAIN_BASELINE_PRIVACY_BUDGET | 200
PRIV-00976 | 0.9865 | 2.4320 | 0.8068 | CRITICAL_MEMORIZATION_LEAK_HAZARD | TRIGGER_DYNAMIC_DIFFERENTIAL_PRIVACY_NOISE | 422
PRIV-00977 | 0.6880 | 0.2086 | 0.1617 | DATA_PRIVACY_SECURE | MAINTAIN_BASELINE_PRIVACY_BUDGET | 200
PRIV-00978 | 0.7139 | 0.1846 | 0.1017 | DATA_PRIVACY_SECURE | MAINTAIN_BASELINE_PRIVACY_BUDGET | 200
PRIV-00979 | 0.5357 | 2.5778 | 0.0795 | DATA_PRIVACY_SECURE | MAINTAIN_BASELINE_PRIVACY_BUDGET | 200
PRIV-00980 | 0.6666 | 0.6603 | 0.2257 | DATA_PRIVACY_SECURE | MAINTAIN_BASELINE_PRIVACY_BUDGET | 200
PRIV-00981 | 0.5787 | 0.5482 | 0.1542 | DATA_PRIVACY_SECURE | MAINTAIN_BASELINE_PRIVACY_BUDGET | 200
PRIV-00982 | 0.8872 | 0.5646 | 0.4622 | DATA_PRIVACY_SECURE | MAINTAIN_BASELINE_PRIVACY_BUDGET | 200
PRIV-00983 | 0.9205 | 2.5462 | 0.6846 | DATA_PRIVACY_SECURE | MAINTAIN_BASELINE_PRIVACY_BUDGET | 200
PRIV-00984 | 0.5835 | 1.2499 | 0.1525 | DATA_PRIVACY_SECURE | MAINTAIN_BASELINE_PRIVACY_BUDGET | 200
PRIV-00985 | 0.5755 | 2.2145 | 0.1717 | DATA_PRIVACY_SECURE | MAINTAIN_BASELINE_PRIVACY_BUDGET | 200
PRIV-00986 | 0.9713 | 0.9226 | 0.6093 | DATA_PRIVACY_SECURE | MAINTAIN_BASELINE_PRIVACY_BUDGET | 200
PRIV-00987 | 0.9172 | 0.7233 | 0.5797 | DATA_PRIVACY_SECURE | MAINTAIN_BASELINE_PRIVACY_BUDGET | 200
PRIV-00988 | 0.9311 | 1.8519 | 0.7328 | DATA_PRIVACY_SECURE | MAINTAIN_BASELINE_PRIVACY_BUDGET | 200
PRIV-00989 | 0.7538 | 1.7322 | 0.355 | DATA_PRIVACY_SECURE | MAINTAIN_BASELINE_PRIVACY_BUDGET | 200
PRIV-00990 | 0.7060 | 2.2416 | 0.3192 | DATA_PRIVACY_SECURE | MAINTAIN_BASELINE_PRIVACY_BUDGET | 200
PRIV-00991 | 0.9026 | 1.1232 | 0.5632 | DATA_PRIVACY_SECURE | MAINTAIN_BASELINE_PRIVACY_BUDGET | 200
PRIV-00992 | 0.8798 | 1.5691 | 0.482 | DATA_PRIVACY_SECURE | MAINTAIN_BASELINE_PRIVACY_BUDGET | 200
PRIV-00993 | 0.6368 | 0.4457 | 0.1475 | DATA_PRIVACY_SECURE | MAINTAIN_BASELINE_PRIVACY_BUDGET | 200
PRIV-00994 | 0.8761 | 0.8321 | 0.4413 | DATA_PRIVACY_SECURE | MAINTAIN_BASELINE_PRIVACY_BUDGET | 200
PRIV-00995 | 0.8607 | 2.8720 | 0.5635 | DATA_PRIVACY_SECURE | MAINTAIN_BASELINE_PRIVACY_BUDGET | 200
PRIV-00996 | 0.6342 | 0.4776 | 0.1462 | DATA_PRIVACY_SECURE | MAINTAIN_BASELINE_PRIVACY_BUDGET | 200
PRIV-00997 | 0.8680 | 1.6756 | 0.6228 | DATA_PRIVACY_SECURE | MAINTAIN_BASELINE_PRIVACY_BUDGET | 200
PRIV-00998 | 0.7719 | 1.4189 | 0.396 | DATA_PRIVACY_SECURE | MAINTAIN_BASELINE_PRIVACY_BUDGET | 200
PRIV-00999 | 0.6798 | 3.2871 | 0.2801 | DATA_PRIVACY_SECURE | MAINTAIN_BASELINE_PRIVACY_BUDGET | 200
PRIV-01000 | 0.6432 | 2.2596 | 0.2638 | DATA_PRIVACY_SECURE | MAINTAIN_BASELINE_PRIVACY_BUDGET | 200
PRIV-01001 | 0.5266 | 1.6025 | 0.1776 | DATA_PRIVACY_SECURE | MAINTAIN_BASELINE_PRIVACY_BUDGET | 200
PRIV-01002 | 0.8676 | 2.0832 | 0.6178 | DATA_PRIVACY_SECURE | MAINTAIN_BASELINE_PRIVACY_BUDGET | 200
PRIV-01003 | 0.6789 | 1.5160 | 0.2589 | DATA_PRIVACY_SECURE | MAINTAIN_BASELINE_PRIVACY_BUDGET | 200
PRIV-01004 | 0.5410 | 1.5512 | 0.1048 | DATA_PRIVACY_SECURE | MAINTAIN_BASELINE_PRIVACY_BUDGET | 200
PRIV-01005 | 0.9408 | 3.1398 | 0.826 | CRITICAL_MEMORIZATION_LEAK_HAZARD | TRIGGER_DYNAMIC_DIFFERENTIAL_PRIVACY_NOISE | 422
PRIV-01006 | 0.6020 | 1.3831 | 0.1901 | DATA_PRIVACY_SECURE | MAINTAIN_BASELINE_PRIVACY_BUDGET | 200
PRIV-01007 | 0.7716 | 2.3337 | 0.4546 | DATA_PRIVACY_SECURE | MAINTAIN_BASELINE_PRIVACY_BUDGET | 200
PRIV-01008 | 0.7193 | 2.5902 | 0.3716 | DATA_PRIVACY_SECURE | MAINTAIN_BASELINE_PRIVACY_BUDGET | 200
PRIV-01009 | 0.8706 | 2.6243 | 0.6572 | DATA_PRIVACY_SECURE | MAINTAIN_BASELINE_PRIVACY_BUDGET | 200
PRIV-01010 | 0.8315 | 0.4998 | 0.3365 | DATA_PRIVACY_SECURE | MAINTAIN_BASELINE_PRIVACY_BUDGET | 200
PRIV-01011 | 0.5838 | 2.6427 | 0.2385 | DATA_PRIVACY_SECURE | MAINTAIN_BASELINE_PRIVACY_BUDGET | 200
PRIV-01012 | 0.6400 | 3.1057 | 0.2588 | DATA_PRIVACY_SECURE | MAINTAIN_BASELINE_PRIVACY_BUDGET | 200
PRIV-01013 | 0.8057 | 2.2494 | 0.5561 | DATA_PRIVACY_SECURE | MAINTAIN_BASELINE_PRIVACY_BUDGET | 200
PRIV-01014 | 0.7358 | 2.0472 | 0.3252 | DATA_PRIVACY_SECURE | MAINTAIN_BASELINE_PRIVACY_BUDGET | 200
PRIV-01015 | 0.5847 | 0.6047 | 0.1987 | DATA_PRIVACY_SECURE | MAINTAIN_BASELINE_PRIVACY_BUDGET | 200
PRIV-01016 | 0.9729 | 0.3980 | 0.5587 | DATA_PRIVACY_SECURE | MAINTAIN_BASELINE_PRIVACY_BUDGET | 200
PRIV-01017 | 0.5330 | 3.1479 | 0.1192 | DATA_PRIVACY_SECURE | MAINTAIN_BASELINE_PRIVACY_BUDGET | 200
PRIV-01018 | 0.8192 | 2.3448 | 0.4824 | DATA_PRIVACY_SECURE | MAINTAIN_BASELINE_PRIVACY_BUDGET | 200
PRIV-01019 | 0.5668 | 1.6644 | 0.1403 | DATA_PRIVACY_SECURE | MAINTAIN_BASELINE_PRIVACY_BUDGET | 200
PRIV-01020 | 0.7481 | 3.2037 | 0.4193 | DATA_PRIVACY_SECURE | MAINTAIN_BASELINE_PRIVACY_BUDGET | 200
PRIV-01021 | 0.9105 | 0.1121 | 0.4194 | DATA_PRIVACY_SECURE | MAINTAIN_BASELINE_PRIVACY_BUDGET | 200
PRIV-01022 | 0.8233 | 1.0990 | 0.3956 | DATA_PRIVACY_SECURE | MAINTAIN_BASELINE_PRIVACY_BUDGET | 200
PRIV-01023 | 0.6431 | 2.9377 | 0.2516 | DATA_PRIVACY_SECURE | MAINTAIN_BASELINE_PRIVACY_BUDGET | 200
PRIV-01024 | 0.6566 | 0.6015 | 0.2685 | DATA_PRIVACY_SECURE | MAINTAIN_BASELINE_PRIVACY_BUDGET | 200
PRIV-01025 | 0.8092 | 2.9644 | 0.5729 | DATA_PRIVACY_SECURE | MAINTAIN_BASELINE_PRIVACY_BUDGET | 200
PRIV-01026 | 0.8262 | 1.5821 | 0.4852 | DATA_PRIVACY_SECURE | MAINTAIN_BASELINE_PRIVACY_BUDGET | 200
PRIV-01027 | 0.6357 | 0.7175 | 0.1742 | DATA_PRIVACY_SECURE | MAINTAIN_BASELINE_PRIVACY_BUDGET | 200
PRIV-01028 | 0.6648 | 0.4804 | 0.1863 | DATA_PRIVACY_SECURE | MAINTAIN_BASELINE_PRIVACY_BUDGET | 200
PRIV-01029 | 0.8660 | 0.6026 | 0.4442 | DATA_PRIVACY_SECURE | MAINTAIN_BASELINE_PRIVACY_BUDGET | 200
PRIV-01030 | 0.5162 | 1.8850 | 0.0785 | DATA_PRIVACY_SECURE | MAINTAIN_BASELINE_PRIVACY_BUDGET | 200
PRIV-01031 | 0.6080 | 0.8559 | 0.1474 | DATA_PRIVACY_SECURE | MAINTAIN_BASELINE_PRIVACY_BUDGET | 200
PRIV-01032 | 0.7837 | 2.9216 | 0.39 | DATA_PRIVACY_SECURE | MAINTAIN_BASELINE_PRIVACY_BUDGET | 200
PRIV-01033 | 0.8331 | 2.2079 | 0.537 | DATA_PRIVACY_SECURE | MAINTAIN_BASELINE_PRIVACY_BUDGET | 200
PRIV-01034 | 0.9560 | 2.6336 | 0.8412 | CRITICAL_MEMORIZATION_LEAK_HAZARD | TRIGGER_DYNAMIC_DIFFERENTIAL_PRIVACY_NOISE | 422
PRIV-01035 | 0.6381 | 2.9691 | 0.2278 | DATA_PRIVACY_SECURE | MAINTAIN_BASELINE_PRIVACY_BUDGET | 200
PRIV-01036 | 0.7322 | 3.1347 | 0.4391 | DATA_PRIVACY_SECURE | MAINTAIN_BASELINE_PRIVACY_BUDGET | 200
PRIV-01037 | 0.7712 | 0.6427 | 0.2516 | DATA_PRIVACY_SECURE | MAINTAIN_BASELINE_PRIVACY_BUDGET | 200
PRIV-01038 | 0.7016 | 2.0363 | 0.2469 | DATA_PRIVACY_SECURE | MAINTAIN_BASELINE_PRIVACY_BUDGET | 200
PRIV-01039 | 0.6744 | 3.0817 | 0.3022 | DATA_PRIVACY_SECURE | MAINTAIN_BASELINE_PRIVACY_BUDGET | 200
PRIV-01040 | 0.9105 | 2.6599 | 0.7473 | DATA_PRIVACY_SECURE | MAINTAIN_BASELINE_PRIVACY_BUDGET | 200
PRIV-01041 | 0.9070 | 2.9731 | 0.7771 | CRITICAL_MEMORIZATION_LEAK_HAZARD | TRIGGER_DYNAMIC_DIFFERENTIAL_PRIVACY_NOISE | 422
PRIV-01042 | 0.9751 | 1.1247 | 0.6815 | DATA_PRIVACY_SECURE | MAINTAIN_BASELINE_PRIVACY_BUDGET | 200
PRIV-01043 | 0.9699 | 2.5969 | 0.8922 | CRITICAL_MEMORIZATION_LEAK_HAZARD | TRIGGER_DYNAMIC_DIFFERENTIAL_PRIVACY_NOISE | 422
PRIV-01044 | 0.7534 | 2.4511 | 0.3922 | DATA_PRIVACY_SECURE | MAINTAIN_BASELINE_PRIVACY_BUDGET | 200
PRIV-01045 | 0.5974 | 1.7127 | 0.1737 | DATA_PRIVACY_SECURE | MAINTAIN_BASELINE_PRIVACY_BUDGET | 200
PRIV-01046 | 0.8360 | 2.5301 | 0.5765 | DATA_PRIVACY_SECURE | MAINTAIN_BASELINE_PRIVACY_BUDGET | 200
PRIV-01047 | 0.6017 | 2.3938 | 0.2257 | DATA_PRIVACY_SECURE | MAINTAIN_BASELINE_PRIVACY_BUDGET | 200
PRIV-01048 | 0.9798 | 3.1519 | 0.8391 | CRITICAL_MEMORIZATION_LEAK_HAZARD | TRIGGER_DYNAMIC_DIFFERENTIAL_PRIVACY_NOISE | 422
PRIV-01049 | 0.5712 | 0.7168 | 0.1843 | DATA_PRIVACY_SECURE | MAINTAIN_BASELINE_PRIVACY_BUDGET | 200
PRIV-01050 | 0.8540 | 1.2824 | 0.5428 | DATA_PRIVACY_SECURE | MAINTAIN_BASELINE_PRIVACY_BUDGET | 200
PRIV-01051 | 0.8791 | 3.0712 | 0.6243 | DATA_PRIVACY_SECURE | MAINTAIN_BASELINE_PRIVACY_BUDGET | 200
PRIV-01052 | 0.8933 | 0.3507 | 0.4341 | DATA_PRIVACY_SECURE | MAINTAIN_BASELINE_PRIVACY_BUDGET | 200
PRIV-01053 | 0.9660 | 3.2388 | 0.8873 | CRITICAL_MEMORIZATION_LEAK_HAZARD | TRIGGER_DYNAMIC_DIFFERENTIAL_PRIVACY_NOISE | 422
PRIV-01054 | 0.9591 | 2.6923 | 0.8367 | CRITICAL_MEMORIZATION_LEAK_HAZARD | TRIGGER_DYNAMIC_DIFFERENTIAL_PRIVACY_NOISE | 422
PRIV-01055 | 0.5627 | 1.2133 | 0.1153 | DATA_PRIVACY_SECURE | MAINTAIN_BASELINE_PRIVACY_BUDGET | 200
PRIV-01056 | 0.9857 | 2.8212 | 0.877 | CRITICAL_MEMORIZATION_LEAK_HAZARD | TRIGGER_DYNAMIC_DIFFERENTIAL_PRIVACY_NOISE | 422
PRIV-01057 | 0.6704 | 1.7907 | 0.2572 | DATA_PRIVACY_SECURE | MAINTAIN_BASELINE_PRIVACY_BUDGET | 200
PRIV-01058 | 0.6262 | 2.8321 | 0.2788 | DATA_PRIVACY_SECURE | MAINTAIN_BASELINE_PRIVACY_BUDGET | 200
PRIV-01059 | 0.5502 | 2.0559 | 0.1694 | DATA_PRIVACY_SECURE | MAINTAIN_BASELINE_PRIVACY_BUDGET | 200
PRIV-01060 | 0.7932 | 1.5696 | 0.3983 | DATA_PRIVACY_SECURE | MAINTAIN_BASELINE_PRIVACY_BUDGET | 200
PRIV-01061 | 0.8023 | 0.2442 | 0.3204 | DATA_PRIVACY_SECURE | MAINTAIN_BASELINE_PRIVACY_BUDGET | 200
PRIV-01062 | 0.9272 | 0.7400 | 0.4258 | DATA_PRIVACY_SECURE | MAINTAIN_BASELINE_PRIVACY_BUDGET | 200
PRIV-01063 | 0.7714 | 3.0436 | 0.4841 | DATA_PRIVACY_SECURE | MAINTAIN_BASELINE_PRIVACY_BUDGET | 200
PRIV-01064 | 0.5568 | 1.1943 | 0.0629 | DATA_PRIVACY_SECURE | MAINTAIN_BASELINE_PRIVACY_BUDGET | 200
PRIV-01065 | 0.8311 | 0.7143 | 0.371 | DATA_PRIVACY_SECURE | MAINTAIN_BASELINE_PRIVACY_BUDGET | 200
PRIV-01066 | 0.7941 | 1.7909 | 0.3844 | DATA_PRIVACY_SECURE | MAINTAIN_BASELINE_PRIVACY_BUDGET | 200
PRIV-01067 | 0.8774 | 2.0786 | 0.5486 | DATA_PRIVACY_SECURE | MAINTAIN_BASELINE_PRIVACY_BUDGET | 200
PRIV-01068 | 0.6677 | 2.7165 | 0.3256 | DATA_PRIVACY_SECURE | MAINTAIN_BASELINE_PRIVACY_BUDGET | 200
PRIV-01069 | 0.6024 | 1.5176 | 0.1606 | DATA_PRIVACY_SECURE | MAINTAIN_BASELINE_PRIVACY_BUDGET | 200
PRIV-01070 | 0.7695 | 3.1137 | 0.4501 | DATA_PRIVACY_SECURE | MAINTAIN_BASELINE_PRIVACY_BUDGET | 200
PRIV-01071 | 0.5098 | 0.5091 | 0.0809 | DATA_PRIVACY_SECURE | MAINTAIN_BASELINE_PRIVACY_BUDGET | 200
PRIV-01072 | 0.9193 | 2.0033 | 0.7036 | DATA_PRIVACY_SECURE | MAINTAIN_BASELINE_PRIVACY_BUDGET | 200
PRIV-01073 | 0.5510 | 0.5931 | 0.1108 | DATA_PRIVACY_SECURE | MAINTAIN_BASELINE_PRIVACY_BUDGET | 200
PRIV-01074 | 0.7406 | 2.1235 | 0.3115 | DATA_PRIVACY_SECURE | MAINTAIN_BASELINE_PRIVACY_BUDGET | 200
PRIV-01075 | 0.6865 | 0.2834 | 0.2244 | DATA_PRIVACY_SECURE | MAINTAIN_BASELINE_PRIVACY_BUDGET | 200
PRIV-01076 | 0.9125 | 2.2313 | 0.6664 | DATA_PRIVACY_SECURE | MAINTAIN_BASELINE_PRIVACY_BUDGET | 200
PRIV-01077 | 0.7577 | 1.8295 | 0.3126 | DATA_PRIVACY_SECURE | MAINTAIN_BASELINE_PRIVACY_BUDGET | 200
PRIV-01078 | 0.7487 | 2.7487 | 0.3774 | DATA_PRIVACY_SECURE | MAINTAIN_BASELINE_PRIVACY_BUDGET | 200
PRIV-01079 | 0.5326 | 2.9996 | 0.2039 | DATA_PRIVACY_SECURE | MAINTAIN_BASELINE_PRIVACY_BUDGET | 200
PRIV-01080 | 0.9818 | 2.8941 | 0.9308 | CRITICAL_MEMORIZATION_LEAK_HAZARD | TRIGGER_DYNAMIC_DIFFERENTIAL_PRIVACY_NOISE | 422
PRIV-01081 | 0.6925 | 1.0797 | 0.2339 | DATA_PRIVACY_SECURE | MAINTAIN_BASELINE_PRIVACY_BUDGET | 200
PRIV-01082 | 0.9560 | 3.2085 | 0.8259 | CRITICAL_MEMORIZATION_LEAK_HAZARD | TRIGGER_DYNAMIC_DIFFERENTIAL_PRIVACY_NOISE | 422
PRIV-01083 | 0.8330 | 1.9242 | 0.4916 | DATA_PRIVACY_SECURE | MAINTAIN_BASELINE_PRIVACY_BUDGET | 200
PRIV-01084 | 0.5008 | 2.4307 | 0.1985 | DATA_PRIVACY_SECURE | MAINTAIN_BASELINE_PRIVACY_BUDGET | 200
PRIV-01085 | 0.6187 | 0.7558 | 0.1765 | DATA_PRIVACY_SECURE | MAINTAIN_BASELINE_PRIVACY_BUDGET | 200
PRIV-01086 | 0.5868 | 2.4875 | 0.2037 | DATA_PRIVACY_SECURE | MAINTAIN_BASELINE_PRIVACY_BUDGET | 200
PRIV-01087 | 0.7712 | 3.3947 | 0.485 | DATA_PRIVACY_SECURE | MAINTAIN_BASELINE_PRIVACY_BUDGET | 200
PRIV-01088 | 0.8185 | 2.5362 | 0.5177 | DATA_PRIVACY_SECURE | MAINTAIN_BASELINE_PRIVACY_BUDGET | 200
PRIV-01089 | 0.7338 | 2.7761 | 0.3616 | DATA_PRIVACY_SECURE | MAINTAIN_BASELINE_PRIVACY_BUDGET | 200
PRIV-01090 | 0.8904 | 2.3873 | 0.6386 | DATA_PRIVACY_SECURE | MAINTAIN_BASELINE_PRIVACY_BUDGET | 200
PRIV-01091 | 0.5280 | 0.4998 | 0.0888 | DATA_PRIVACY_SECURE | MAINTAIN_BASELINE_PRIVACY_BUDGET | 200
PRIV-01092 | 0.5598 | 0.4990 | 0.1077 | DATA_PRIVACY_SECURE | MAINTAIN_BASELINE_PRIVACY_BUDGET | 200
PRIV-01093 | 0.5082 | 0.8419 | 0.1209 | DATA_PRIVACY_SECURE | MAINTAIN_BASELINE_PRIVACY_BUDGET | 200
PRIV-01094 | 0.9241 | 2.3318 | 0.7213 | DATA_PRIVACY_SECURE | MAINTAIN_BASELINE_PRIVACY_BUDGET | 200
PRIV-01095 | 0.9829 | 3.4191 | 0.9488 | CRITICAL_MEMORIZATION_LEAK_HAZARD | TRIGGER_DYNAMIC_DIFFERENTIAL_PRIVACY_NOISE | 422
PRIV-01096 | 0.5257 | 0.3660 | 0.0826 | DATA_PRIVACY_SECURE | MAINTAIN_BASELINE_PRIVACY_BUDGET | 200
PRIV-01097 | 0.7048 | 0.3031 | 0.2045 | DATA_PRIVACY_SECURE | MAINTAIN_BASELINE_PRIVACY_BUDGET | 200
PRIV-01098 | 0.5221 | 3.2422 | 0.0571 | DATA_PRIVACY_SECURE | MAINTAIN_BASELINE_PRIVACY_BUDGET | 200
PRIV-01099 | 0.9754 | 1.1570 | 0.7426 | DATA_PRIVACY_SECURE | MAINTAIN_BASELINE_PRIVACY_BUDGET | 200
PRIV-01100 | 0.7433 | 1.1553 | 0.3262 | DATA_PRIVACY_SECURE | MAINTAIN_BASELINE_PRIVACY_BUDGET | 200
PRIV-01101 | 0.9943 | 1.0079 | 0.76 | CRITICAL_MEMORIZATION_LEAK_HAZARD | TRIGGER_DYNAMIC_DIFFERENTIAL_PRIVACY_NOISE | 422
PRIV-01102 | 0.8269 | 1.5064 | 0.3469 | DATA_PRIVACY_SECURE | MAINTAIN_BASELINE_PRIVACY_BUDGET | 200
PRIV-01103 | 0.8873 | 0.6052 | 0.5354 | DATA_PRIVACY_SECURE | MAINTAIN_BASELINE_PRIVACY_BUDGET | 200
PRIV-01104 | 0.9211 | 0.7774 | 0.5298 | DATA_PRIVACY_SECURE | MAINTAIN_BASELINE_PRIVACY_BUDGET | 200
PRIV-01105 | 0.6729 | 1.2611 | 0.2817 | DATA_PRIVACY_SECURE | MAINTAIN_BASELINE_PRIVACY_BUDGET | 200
PRIV-01106 | 0.6976 | 2.4070 | 0.2698 | DATA_PRIVACY_SECURE | MAINTAIN_BASELINE_PRIVACY_BUDGET | 200
PRIV-01107 | 0.5579 | 1.7511 | 0.1725 | DATA_PRIVACY_SECURE | MAINTAIN_BASELINE_PRIVACY_BUDGET | 200
PRIV-01108 | 0.6698 | 2.6133 | 0.2378 | DATA_PRIVACY_SECURE | MAINTAIN_BASELINE_PRIVACY_BUDGET | 200
PRIV-01109 | 0.8751 | 2.6851 | 0.6024 | DATA_PRIVACY_SECURE | MAINTAIN_BASELINE_PRIVACY_BUDGET | 200
PRIV-01110 | 0.8658 | 0.2201 | 0.4366 | DATA_PRIVACY_SECURE | MAINTAIN_BASELINE_PRIVACY_BUDGET | 200
PRIV-01111 | 0.7512 | 2.6775 | 0.3891 | DATA_PRIVACY_SECURE | MAINTAIN_BASELINE_PRIVACY_BUDGET | 200
PRIV-01112 | 0.7676 | 1.5102 | 0.3792 | DATA_PRIVACY_SECURE | MAINTAIN_BASELINE_PRIVACY_BUDGET | 200
PRIV-01113 | 0.9493 | 2.7253 | 0.8378 | CRITICAL_MEMORIZATION_LEAK_HAZARD | TRIGGER_DYNAMIC_DIFFERENTIAL_PRIVACY_NOISE | 422
PRIV-01114 | 0.8657 | 0.4419 | 0.4148 | DATA_PRIVACY_SECURE | MAINTAIN_BASELINE_PRIVACY_BUDGET | 200
PRIV-01115 | 0.9269 | 1.1583 | 0.6121 | DATA_PRIVACY_SECURE | MAINTAIN_BASELINE_PRIVACY_BUDGET | 200
PRIV-01116 | 0.6275 | 1.2848 | 0.2081 | DATA_PRIVACY_SECURE | MAINTAIN_BASELINE_PRIVACY_BUDGET | 200
PRIV-01117 | 0.6671 | 3.3279 | 0.3827 | DATA_PRIVACY_SECURE | MAINTAIN_BASELINE_PRIVACY_BUDGET | 200
PRIV-01118 | 0.8053 | 0.5971 | 0.3345 | DATA_PRIVACY_SECURE | MAINTAIN_BASELINE_PRIVACY_BUDGET | 200
PRIV-01119 | 0.8858 | 2.6936 | 0.6591 | DATA_PRIVACY_SECURE | MAINTAIN_BASELINE_PRIVACY_BUDGET | 200
PRIV-01120 | 0.7764 | 1.7219 | 0.4391 | DATA_PRIVACY_SECURE | MAINTAIN_BASELINE_PRIVACY_BUDGET | 200
PRIV-01121 | 0.9248 | 1.3501 | 0.6724 | DATA_PRIVACY_SECURE | MAINTAIN_BASELINE_PRIVACY_BUDGET | 200
PRIV-01122 | 0.6991 | 2.7891 | 0.3693 | DATA_PRIVACY_SECURE | MAINTAIN_BASELINE_PRIVACY_BUDGET | 200
PRIV-01123 | 0.9575 | 3.2740 | 0.8715 | CRITICAL_MEMORIZATION_LEAK_HAZARD | TRIGGER_DYNAMIC_DIFFERENTIAL_PRIVACY_NOISE | 422
PRIV-01124 | 0.5575 | 1.4375 | 0.0943 | DATA_PRIVACY_SECURE | MAINTAIN_BASELINE_PRIVACY_BUDGET | 200
PRIV-01125 | 0.5500 | 1.0830 | 0.1896 | DATA_PRIVACY_SECURE | MAINTAIN_BASELINE_PRIVACY_BUDGET | 200
PRIV-01126 | 0.8726 | 1.5795 | 0.5051 | DATA_PRIVACY_SECURE | MAINTAIN_BASELINE_PRIVACY_BUDGET | 200
PRIV-01127 | 0.7880 | 2.7608 | 0.4723 | DATA_PRIVACY_SECURE | MAINTAIN_BASELINE_PRIVACY_BUDGET | 200
PRIV-01128 | 0.8056 | 1.2021 | 0.3718 | DATA_PRIVACY_SECURE | MAINTAIN_BASELINE_PRIVACY_BUDGET | 200
PRIV-01129 | 0.6035 | 1.8945 | 0.1885 | DATA_PRIVACY_SECURE | MAINTAIN_BASELINE_PRIVACY_BUDGET | 200
PRIV-01130 | 0.6498 | 1.5155 | 0.2381 | DATA_PRIVACY_SECURE | MAINTAIN_BASELINE_PRIVACY_BUDGET | 200
PRIV-01131 | 0.8220 | 0.8689 | 0.4042 | DATA_PRIVACY_SECURE | MAINTAIN_BASELINE_PRIVACY_BUDGET | 200
PRIV-01132 | 0.8658 | 2.4453 | 0.6141 | DATA_PRIVACY_SECURE | MAINTAIN_BASELINE_PRIVACY_BUDGET | 200
PRIV-01133 | 0.7504 | 0.7086 | 0.3477 | DATA_PRIVACY_SECURE | MAINTAIN_BASELINE_PRIVACY_BUDGET | 200
PRIV-01134 | 0.6335 | 1.6187 | 0.2303 | DATA_PRIVACY_SECURE | MAINTAIN_BASELINE_PRIVACY_BUDGET | 200
PRIV-01135 | 0.6058 | 3.4356 | 0.2056 | DATA_PRIVACY_SECURE | MAINTAIN_BASELINE_PRIVACY_BUDGET | 200
PRIV-01136 | 0.8970 | 3.0455 | 0.7276 | DATA_PRIVACY_SECURE | MAINTAIN_BASELINE_PRIVACY_BUDGET | 200
PRIV-01137 | 0.5418 | 3.0822 | 0.1997 | DATA_PRIVACY_SECURE | MAINTAIN_BASELINE_PRIVACY_BUDGET | 200
PRIV-01138 | 0.6288 | 0.9798 | 0.1316 | DATA_PRIVACY_SECURE | MAINTAIN_BASELINE_PRIVACY_BUDGET | 200
PRIV-01139 | 0.9333 | 3.1020 | 0.8018 | CRITICAL_MEMORIZATION_LEAK_HAZARD | TRIGGER_DYNAMIC_DIFFERENTIAL_PRIVACY_NOISE | 422
PRIV-01140 | 0.7484 | 2.3757 | 0.4116 | DATA_PRIVACY_SECURE | MAINTAIN_BASELINE_PRIVACY_BUDGET | 200
PRIV-01141 | 0.7376 | 1.7234 | 0.3286 | DATA_PRIVACY_SECURE | MAINTAIN_BASELINE_PRIVACY_BUDGET | 200
PRIV-01142 | 0.6138 | 1.1364 | 0.2301 | DATA_PRIVACY_SECURE | MAINTAIN_BASELINE_PRIVACY_BUDGET | 200
PRIV-01143 | 0.8680 | 0.8929 | 0.458 | DATA_PRIVACY_SECURE | MAINTAIN_BASELINE_PRIVACY_BUDGET | 200
PRIV-01144 | 0.8355 | 2.0434 | 0.5214 | DATA_PRIVACY_SECURE | MAINTAIN_BASELINE_PRIVACY_BUDGET | 200
PRIV-01145 | 0.5299 | 0.3399 | 0.08 | DATA_PRIVACY_SECURE | MAINTAIN_BASELINE_PRIVACY_BUDGET | 200
PRIV-01146 | 0.7950 | 3.1648 | 0.4828 | DATA_PRIVACY_SECURE | MAINTAIN_BASELINE_PRIVACY_BUDGET | 200
PRIV-01147 | 0.5724 | 1.0278 | 0.0943 | DATA_PRIVACY_SECURE | MAINTAIN_BASELINE_PRIVACY_BUDGET | 200
PRIV-01148 | 0.5003 | 2.5869 | 0.0589 | DATA_PRIVACY_SECURE | MAINTAIN_BASELINE_PRIVACY_BUDGET | 200
PRIV-01149 | 0.5150 | 2.1893 | 0.1866 | DATA_PRIVACY_SECURE | MAINTAIN_BASELINE_PRIVACY_BUDGET | 200
PRIV-01150 | 0.7832 | 1.1603 | 0.332 | DATA_PRIVACY_SECURE | MAINTAIN_BASELINE_PRIVACY_BUDGET | 200
PRIV-01151 | 0.7587 | 0.9340 | 0.2738 | DATA_PRIVACY_SECURE | MAINTAIN_BASELINE_PRIVACY_BUDGET | 200
PRIV-01152 | 0.7954 | 1.9442 | 0.3541 | DATA_PRIVACY_SECURE | MAINTAIN_BASELINE_PRIVACY_BUDGET | 200
PRIV-01153 | 0.9237 | 3.1658 | 0.7308 | DATA_PRIVACY_SECURE | MAINTAIN_BASELINE_PRIVACY_BUDGET | 200
PRIV-01154 | 0.9715 | 0.7070 | 0.5612 | DATA_PRIVACY_SECURE | MAINTAIN_BASELINE_PRIVACY_BUDGET | 200
PRIV-01155 | 0.8404 | 1.7336 | 0.5701 | DATA_PRIVACY_SECURE | MAINTAIN_BASELINE_PRIVACY_BUDGET | 200
PRIV-01156 | 0.7895 | 0.4258 | 0.3381 | DATA_PRIVACY_SECURE | MAINTAIN_BASELINE_PRIVACY_BUDGET | 200
PRIV-01157 | 0.5476 | 2.2686 | 0.1213 | DATA_PRIVACY_SECURE | MAINTAIN_BASELINE_PRIVACY_BUDGET | 200
PRIV-01158 | 0.6947 | 1.7749 | 0.3768 | DATA_PRIVACY_SECURE | MAINTAIN_BASELINE_PRIVACY_BUDGET | 200
PRIV-01159 | 0.5661 | 1.6918 | 0.1925 | DATA_PRIVACY_SECURE | MAINTAIN_BASELINE_PRIVACY_BUDGET | 200
PRIV-01160 | 0.5853 | 3.0045 | 0.1781 | DATA_PRIVACY_SECURE | MAINTAIN_BASELINE_PRIVACY_BUDGET | 200
PRIV-01161 | 0.8239 | 2.9624 | 0.4318 | DATA_PRIVACY_SECURE | MAINTAIN_BASELINE_PRIVACY_BUDGET | 200
PRIV-01162 | 0.6664 | 1.0116 | 0.3087 | DATA_PRIVACY_SECURE | MAINTAIN_BASELINE_PRIVACY_BUDGET | 200
PRIV-01163 | 0.5498 | 3.4956 | 0.1057 | DATA_PRIVACY_SECURE | MAINTAIN_BASELINE_PRIVACY_BUDGET | 200
PRIV-01164 | 0.5942 | 1.4111 | 0.1029 | DATA_PRIVACY_SECURE | MAINTAIN_BASELINE_PRIVACY_BUDGET | 200
PRIV-01165 | 0.6317 | 2.2817 | 0.2697 | DATA_PRIVACY_SECURE | MAINTAIN_BASELINE_PRIVACY_BUDGET | 200
PRIV-01166 | 0.7776 | 0.2230 | 0.3588 | DATA_PRIVACY_SECURE | MAINTAIN_BASELINE_PRIVACY_BUDGET | 200
PRIV-01167 | 0.7744 | 2.9185 | 0.4959 | DATA_PRIVACY_SECURE | MAINTAIN_BASELINE_PRIVACY_BUDGET | 200
PRIV-01168 | 0.8791 | 2.0714 | 0.6259 | DATA_PRIVACY_SECURE | MAINTAIN_BASELINE_PRIVACY_BUDGET | 200
PRIV-01169 | 0.6819 | 1.9427 | 0.3011 | DATA_PRIVACY_SECURE | MAINTAIN_BASELINE_PRIVACY_BUDGET | 200
PRIV-01170 | 0.6574 | 1.9828 | 0.2839 | DATA_PRIVACY_SECURE | MAINTAIN_BASELINE_PRIVACY_BUDGET | 200
PRIV-01171 | 0.9216 | 2.7092 | 0.7643 | CRITICAL_MEMORIZATION_LEAK_HAZARD | TRIGGER_DYNAMIC_DIFFERENTIAL_PRIVACY_NOISE | 422
PRIV-01172 | 0.5105 | 2.7560 | 0.1363 | DATA_PRIVACY_SECURE | MAINTAIN_BASELINE_PRIVACY_BUDGET | 200
PRIV-01173 | 0.7723 | 2.5496 | 0.4314 | DATA_PRIVACY_SECURE | MAINTAIN_BASELINE_PRIVACY_BUDGET | 200
PRIV-01174 | 0.8247 | 1.6843 | 0.4705 | DATA_PRIVACY_SECURE | MAINTAIN_BASELINE_PRIVACY_BUDGET | 200
PRIV-01175 | 0.8973 | 0.3206 | 0.3885 | DATA_PRIVACY_SECURE | MAINTAIN_BASELINE_PRIVACY_BUDGET | 200
PRIV-01176 | 0.6991 | 2.0166 | 0.2904 | DATA_PRIVACY_SECURE | MAINTAIN_BASELINE_PRIVACY_BUDGET | 200
PRIV-01177 | 0.7505 | 0.5585 | 0.2012 | DATA_PRIVACY_SECURE | MAINTAIN_BASELINE_PRIVACY_BUDGET | 200
PRIV-01178 | 0.5790 | 2.4302 | 0.1745 | DATA_PRIVACY_SECURE | MAINTAIN_BASELINE_PRIVACY_BUDGET | 200
PRIV-01179 | 0.7574 | 2.5677 | 0.364 | DATA_PRIVACY_SECURE | MAINTAIN_BASELINE_PRIVACY_BUDGET | 200
PRIV-01180 | 0.8894 | 1.7942 | 0.5592 | DATA_PRIVACY_SECURE | MAINTAIN_BASELINE_PRIVACY_BUDGET | 200
PRIV-01181 | 0.7657 | 2.3838 | 0.4182 | DATA_PRIVACY_SECURE | MAINTAIN_BASELINE_PRIVACY_BUDGET | 200
PRIV-01182 | 0.6304 | 0.2053 | 0.1937 | DATA_PRIVACY_SECURE | MAINTAIN_BASELINE_PRIVACY_BUDGET | 200
PRIV-01183 | 0.6036 | 2.4486 | 0.2391 | DATA_PRIVACY_SECURE | MAINTAIN_BASELINE_PRIVACY_BUDGET | 200
PRIV-01184 | 0.5815 | 0.5578 | 0.0622 | DATA_PRIVACY_SECURE | MAINTAIN_BASELINE_PRIVACY_BUDGET | 200
PRIV-01185 | 0.5092 | 1.3050 | 0.0643 | DATA_PRIVACY_SECURE | MAINTAIN_BASELINE_PRIVACY_BUDGET | 200
PRIV-01186 | 0.8418 | 2.3979 | 0.5845 | DATA_PRIVACY_SECURE | MAINTAIN_BASELINE_PRIVACY_BUDGET | 200
PRIV-01187 | 0.6183 | 1.4333 | 0.1516 | DATA_PRIVACY_SECURE | MAINTAIN_BASELINE_PRIVACY_BUDGET | 200
PRIV-01188 | 0.6741 | 0.2843 | 0.1658 | DATA_PRIVACY_SECURE | MAINTAIN_BASELINE_PRIVACY_BUDGET | 200
PRIV-01189 | 0.7669 | 1.9328 | 0.416 | DATA_PRIVACY_SECURE | MAINTAIN_BASELINE_PRIVACY_BUDGET | 200
PRIV-01190 | 0.6329 | 2.4434 | 0.1945 | DATA_PRIVACY_SECURE | MAINTAIN_BASELINE_PRIVACY_BUDGET | 200
PRIV-01191 | 0.8796 | 2.2640 | 0.6206 | DATA_PRIVACY_SECURE | MAINTAIN_BASELINE_PRIVACY_BUDGET | 200
PRIV-01192 | 0.7425 | 3.0267 | 0.337 | DATA_PRIVACY_SECURE | MAINTAIN_BASELINE_PRIVACY_BUDGET | 200
PRIV-01193 | 0.8816 | 3.2007 | 0.6344 | DATA_PRIVACY_SECURE | MAINTAIN_BASELINE_PRIVACY_BUDGET | 200
PRIV-01194 | 0.8569 | 0.4231 | 0.393 | DATA_PRIVACY_SECURE | MAINTAIN_BASELINE_PRIVACY_BUDGET | 200
PRIV-01195 | 0.7683 | 2.2058 | 0.3447 | DATA_PRIVACY_SECURE | MAINTAIN_BASELINE_PRIVACY_BUDGET | 200
PRIV-01196 | 0.7764 | 0.6828 | 0.3286 | DATA_PRIVACY_SECURE | MAINTAIN_BASELINE_PRIVACY_BUDGET | 200
PRIV-01197 | 0.9183 | 1.9947 | 0.6808 | DATA_PRIVACY_SECURE | MAINTAIN_BASELINE_PRIVACY_BUDGET | 200
PRIV-01198 | 0.7665 | 0.2478 | 0.275 | DATA_PRIVACY_SECURE | MAINTAIN_BASELINE_PRIVACY_BUDGET | 200
PRIV-01199 | 0.6468 | 0.7180 | 0.1909 | DATA_PRIVACY_SECURE | MAINTAIN_BASELINE_PRIVACY_BUDGET | 200
PRIV-01200 | 0.9925 | 1.6054 | 0.8688 | CRITICAL_MEMORIZATION_LEAK_HAZARD | TRIGGER_DYNAMIC_DIFFERENTIAL_PRIVACY_NOISE | 422
PRIV-01201 | 0.8302 | 0.6115 | 0.376 | DATA_PRIVACY_SECURE | MAINTAIN_BASELINE_PRIVACY_BUDGET | 200
PRIV-01202 | 0.5863 | 1.0042 | 0.1304 | DATA_PRIVACY_SECURE | MAINTAIN_BASELINE_PRIVACY_BUDGET | 200
PRIV-01203 | 0.6765 | 1.1201 | 0.2384 | DATA_PRIVACY_SECURE | MAINTAIN_BASELINE_PRIVACY_BUDGET | 200
PRIV-01204 | 0.7368 | 0.1479 | 0.2365 | DATA_PRIVACY_SECURE | MAINTAIN_BASELINE_PRIVACY_BUDGET | 200
PRIV-01205 | 0.8156 | 2.4004 | 0.4994 | DATA_PRIVACY_SECURE | MAINTAIN_BASELINE_PRIVACY_BUDGET | 200
PRIV-01206 | 0.9632 | 2.6201 | 0.8347 | CRITICAL_MEMORIZATION_LEAK_HAZARD | TRIGGER_DYNAMIC_DIFFERENTIAL_PRIVACY_NOISE | 422
PRIV-01207 | 0.8503 | 2.1013 | 0.5197 | DATA_PRIVACY_SECURE | MAINTAIN_BASELINE_PRIVACY_BUDGET | 200
PRIV-01208 | 0.6523 | 2.9272 | 0.2369 | DATA_PRIVACY_SECURE | MAINTAIN_BASELINE_PRIVACY_BUDGET | 200
PRIV-01209 | 0.8202 | 1.5064 | 0.3956 | DATA_PRIVACY_SECURE | MAINTAIN_BASELINE_PRIVACY_BUDGET | 200
PRIV-01210 | 0.8281 | 2.1207 | 0.577 | DATA_PRIVACY_SECURE | MAINTAIN_BASELINE_PRIVACY_BUDGET | 200
PRIV-01211 | 0.7460 | 2.5437 | 0.3351 | DATA_PRIVACY_SECURE | MAINTAIN_BASELINE_PRIVACY_BUDGET | 200
PRIV-01212 | 0.8719 | 1.1286 | 0.4731 | DATA_PRIVACY_SECURE | MAINTAIN_BASELINE_PRIVACY_BUDGET | 200
PRIV-01213 | 0.5773 | 2.5742 | 0.1501 | DATA_PRIVACY_SECURE | MAINTAIN_BASELINE_PRIVACY_BUDGET | 200
PRIV-01214 | 0.7856 | 2.8795 | 0.4948 | DATA_PRIVACY_SECURE | MAINTAIN_BASELINE_PRIVACY_BUDGET | 200
PRIV-01215 | 0.8849 | 2.8278 | 0.6425 | DATA_PRIVACY_SECURE | MAINTAIN_BASELINE_PRIVACY_BUDGET | 200
PRIV-01216 | 0.8937 | 3.3185 | 0.7388 | DATA_PRIVACY_SECURE | MAINTAIN_BASELINE_PRIVACY_BUDGET | 200
PRIV-01217 | 0.5747 | 2.3737 | 0.1467 | DATA_PRIVACY_SECURE | MAINTAIN_BASELINE_PRIVACY_BUDGET | 200
PRIV-01218 | 0.5636 | 0.4653 | 0.1212 | DATA_PRIVACY_SECURE | MAINTAIN_BASELINE_PRIVACY_BUDGET | 200
PRIV-01219 | 0.8461 | 0.8500 | 0.3909 | DATA_PRIVACY_SECURE | MAINTAIN_BASELINE_PRIVACY_BUDGET | 200
PRIV-01220 | 0.6778 | 3.0977 | 0.3837 | DATA_PRIVACY_SECURE | MAINTAIN_BASELINE_PRIVACY_BUDGET | 200
PRIV-01221 | 0.6836 | 1.0287 | 0.1878 | DATA_PRIVACY_SECURE | MAINTAIN_BASELINE_PRIVACY_BUDGET | 200
PRIV-01222 | 0.5916 | 0.6000 | 0.1461 | DATA_PRIVACY_SECURE | MAINTAIN_BASELINE_PRIVACY_BUDGET | 200
PRIV-01223 | 0.9789 | 0.1186 | 0.5221 | DATA_PRIVACY_SECURE | MAINTAIN_BASELINE_PRIVACY_BUDGET | 200
PRIV-01224 | 0.7865 | 0.6410 | 0.3352 | DATA_PRIVACY_SECURE | MAINTAIN_BASELINE_PRIVACY_BUDGET | 200
PRIV-01225 | 0.9485 | 0.6891 | 0.5606 | DATA_PRIVACY_SECURE | MAINTAIN_BASELINE_PRIVACY_BUDGET | 200
PRIV-01226 | 0.7464 | 1.9076 | 0.3569 | DATA_PRIVACY_SECURE | MAINTAIN_BASELINE_PRIVACY_BUDGET | 200
PRIV-01227 | 0.5728 | 0.3200 | 0.1106 | DATA_PRIVACY_SECURE | MAINTAIN_BASELINE_PRIVACY_BUDGET | 200
PRIV-01228 | 0.9670 | 0.2452 | 0.5013 | DATA_PRIVACY_SECURE | MAINTAIN_BASELINE_PRIVACY_BUDGET | 200
PRIV-01229 | 0.5949 | 0.1731 | 0.1529 | DATA_PRIVACY_SECURE | MAINTAIN_BASELINE_PRIVACY_BUDGET | 200
PRIV-01230 | 0.7440 | 2.2596 | 0.4613 | DATA_PRIVACY_SECURE | MAINTAIN_BASELINE_PRIVACY_BUDGET | 200
PRIV-01231 | 0.8405 | 0.5513 | 0.3544 | DATA_PRIVACY_SECURE | MAINTAIN_BASELINE_PRIVACY_BUDGET | 200
PRIV-01232 | 0.8833 | 1.9438 | 0.5481 | DATA_PRIVACY_SECURE | MAINTAIN_BASELINE_PRIVACY_BUDGET | 200
PRIV-01233 | 0.9966 | 2.7118 | 0.9246 | CRITICAL_MEMORIZATION_LEAK_HAZARD | TRIGGER_DYNAMIC_DIFFERENTIAL_PRIVACY_NOISE | 422
PRIV-01234 | 0.7563 | 1.2379 | 0.4385 | DATA_PRIVACY_SECURE | MAINTAIN_BASELINE_PRIVACY_BUDGET | 200
PRIV-01235 | 0.6787 | 0.6857 | 0.1758 | DATA_PRIVACY_SECURE | MAINTAIN_BASELINE_PRIVACY_BUDGET | 200
PRIV-01236 | 0.6129 | 1.2409 | 0.2442 | DATA_PRIVACY_SECURE | MAINTAIN_BASELINE_PRIVACY_BUDGET | 200
PRIV-01237 | 0.8509 | 1.4421 | 0.5653 | DATA_PRIVACY_SECURE | MAINTAIN_BASELINE_PRIVACY_BUDGET | 200
PRIV-01238 | 0.7393 | 0.1063 | 0.1906 | DATA_PRIVACY_SECURE | MAINTAIN_BASELINE_PRIVACY_BUDGET | 200
PRIV-01239 | 0.5645 | 3.0167 | 0.1943 | DATA_PRIVACY_SECURE | MAINTAIN_BASELINE_PRIVACY_BUDGET | 200
PRIV-01240 | 0.7217 | 1.6648 | 0.3813 | DATA_PRIVACY_SECURE | MAINTAIN_BASELINE_PRIVACY_BUDGET | 200
PRIV-01241 | 0.9662 | 1.8283 | 0.762 | CRITICAL_MEMORIZATION_LEAK_HAZARD | TRIGGER_DYNAMIC_DIFFERENTIAL_PRIVACY_NOISE | 422
PRIV-01242 | 0.5049 | 1.5347 | 0.0978 | DATA_PRIVACY_SECURE | MAINTAIN_BASELINE_PRIVACY_BUDGET | 200
PRIV-01243 | 0.6219 | 1.0101 | 0.1531 | DATA_PRIVACY_SECURE | MAINTAIN_BASELINE_PRIVACY_BUDGET | 200
PRIV-01244 | 0.5010 | 2.0844 | 0.0713 | DATA_PRIVACY_SECURE | MAINTAIN_BASELINE_PRIVACY_BUDGET | 200
PRIV-01245 | 0.5420 | 2.3937 | 0.1199 | DATA_PRIVACY_SECURE | MAINTAIN_BASELINE_PRIVACY_BUDGET | 200
PRIV-01246 | 0.5605 | 1.9561 | 0.1053 | DATA_PRIVACY_SECURE | MAINTAIN_BASELINE_PRIVACY_BUDGET | 200
PRIV-01247 | 0.8446 | 0.7162 | 0.4061 | DATA_PRIVACY_SECURE | MAINTAIN_BASELINE_PRIVACY_BUDGET | 200
PRIV-01248 | 0.6912 | 2.7500 | 0.2796 | DATA_PRIVACY_SECURE | MAINTAIN_BASELINE_PRIVACY_BUDGET | 200
PRIV-01249 | 0.9782 | 0.7396 | 0.6429 | DATA_PRIVACY_SECURE | MAINTAIN_BASELINE_PRIVACY_BUDGET | 200
PRIV-01250 | 0.7108 | 1.6542 | 0.2392 | DATA_PRIVACY_SECURE | MAINTAIN_BASELINE_PRIVACY_BUDGET | 200
PRIV-01251 | 0.8786 | 0.1863 | 0.3838 | DATA_PRIVACY_SECURE | MAINTAIN_BASELINE_PRIVACY_BUDGET | 200
PRIV-01252 | 0.6332 | 1.2598 | 0.2311 | DATA_PRIVACY_SECURE | MAINTAIN_BASELINE_PRIVACY_BUDGET | 200
PRIV-01253 | 0.8951 | 1.8922 | 0.5434 | DATA_PRIVACY_SECURE | MAINTAIN_BASELINE_PRIVACY_BUDGET | 200
PRIV-01254 | 0.6742 | 2.5894 | 0.3 | DATA_PRIVACY_SECURE | MAINTAIN_BASELINE_PRIVACY_BUDGET | 200
PRIV-01255 | 0.5380 | 3.0363 | 0.1977 | DATA_PRIVACY_SECURE | MAINTAIN_BASELINE_PRIVACY_BUDGET | 200
PRIV-01256 | 0.5574 | 2.7397 | 0.1143 | DATA_PRIVACY_SECURE | MAINTAIN_BASELINE_PRIVACY_BUDGET | 200
PRIV-01257 | 0.9086 | 0.5833 | 0.5484 | DATA_PRIVACY_SECURE | MAINTAIN_BASELINE_PRIVACY_BUDGET | 200
PRIV-01258 | 0.7898 | 1.3964 | 0.4117 | DATA_PRIVACY_SECURE | MAINTAIN_BASELINE_PRIVACY_BUDGET | 200
PRIV-01259 | 0.9987 | 2.1440 | 0.8635 | CRITICAL_MEMORIZATION_LEAK_HAZARD | TRIGGER_DYNAMIC_DIFFERENTIAL_PRIVACY_NOISE | 422
PRIV-01260 | 0.5577 | 1.7834 | 0.1463 | DATA_PRIVACY_SECURE | MAINTAIN_BASELINE_PRIVACY_BUDGET | 200
PRIV-01261 | 0.6140 | 1.7784 | 0.2204 | DATA_PRIVACY_SECURE | MAINTAIN_BASELINE_PRIVACY_BUDGET | 200
PRIV-01262 | 0.9366 | 0.1638 | 0.4475 | DATA_PRIVACY_SECURE | MAINTAIN_BASELINE_PRIVACY_BUDGET | 200
PRIV-01263 | 0.6233 | 1.1351 | 0.2048 | DATA_PRIVACY_SECURE | MAINTAIN_BASELINE_PRIVACY_BUDGET | 200
PRIV-01264 | 0.6432 | 3.1039 | 0.2179 | DATA_PRIVACY_SECURE | MAINTAIN_BASELINE_PRIVACY_BUDGET | 200
PRIV-01265 | 0.9475 | 0.6934 | 0.5739 | DATA_PRIVACY_SECURE | MAINTAIN_BASELINE_PRIVACY_BUDGET | 200
PRIV-01266 | 0.8784 | 0.6124 | 0.383 | DATA_PRIVACY_SECURE | MAINTAIN_BASELINE_PRIVACY_BUDGET | 200
PRIV-01267 | 0.7224 | 2.6046 | 0.3466 | DATA_PRIVACY_SECURE | MAINTAIN_BASELINE_PRIVACY_BUDGET | 200
PRIV-01268 | 0.9804 | 2.2765 | 0.8183 | CRITICAL_MEMORIZATION_LEAK_HAZARD | TRIGGER_DYNAMIC_DIFFERENTIAL_PRIVACY_NOISE | 422
PRIV-01269 | 0.5415 | 0.9997 | 0.0866 | DATA_PRIVACY_SECURE | MAINTAIN_BASELINE_PRIVACY_BUDGET | 200
PRIV-01270 | 0.7199 | 0.8855 | 0.3136 | DATA_PRIVACY_SECURE | MAINTAIN_BASELINE_PRIVACY_BUDGET | 200
PRIV-01271 | 0.6882 | 2.6944 | 0.3489 | DATA_PRIVACY_SECURE | MAINTAIN_BASELINE_PRIVACY_BUDGET | 200
PRIV-01272 | 0.9999 | 2.9574 | 0.9747 | CRITICAL_MEMORIZATION_LEAK_HAZARD | TRIGGER_DYNAMIC_DIFFERENTIAL_PRIVACY_NOISE | 422
PRIV-01273 | 0.6973 | 0.8889 | 0.1966 | DATA_PRIVACY_SECURE | MAINTAIN_BASELINE_PRIVACY_BUDGET | 200
PRIV-01274 | 0.5115 | 3.2419 | 0.1161 | DATA_PRIVACY_SECURE | MAINTAIN_BASELINE_PRIVACY_BUDGET | 200
PRIV-01275 | 0.6214 | 1.9796 | 0.2593 | DATA_PRIVACY_SECURE | MAINTAIN_BASELINE_PRIVACY_BUDGET | 200
PRIV-01276 | 0.7537 | 3.1141 | 0.4156 | DATA_PRIVACY_SECURE | MAINTAIN_BASELINE_PRIVACY_BUDGET | 200
PRIV-01277 | 0.5500 | 0.1011 | 0.1802 | DATA_PRIVACY_SECURE | MAINTAIN_BASELINE_PRIVACY_BUDGET | 200
PRIV-01278 | 0.7207 | 2.3250 | 0.3567 | DATA_PRIVACY_SECURE | MAINTAIN_BASELINE_PRIVACY_BUDGET | 200
PRIV-01279 | 0.8766 | 2.5117 | 0.6307 | DATA_PRIVACY_SECURE | MAINTAIN_BASELINE_PRIVACY_BUDGET | 200
PRIV-01280 | 0.8161 | 2.9790 | 0.5049 | DATA_PRIVACY_SECURE | MAINTAIN_BASELINE_PRIVACY_BUDGET | 200
PRIV-01281 | 0.6612 | 1.1491 | 0.2249 | DATA_PRIVACY_SECURE | MAINTAIN_BASELINE_PRIVACY_BUDGET | 200
PRIV-01282 | 0.9598 | 0.7613 | 0.5966 | DATA_PRIVACY_SECURE | MAINTAIN_BASELINE_PRIVACY_BUDGET | 200
PRIV-01283 | 0.6785 | 0.4925 | 0.2222 | DATA_PRIVACY_SECURE | MAINTAIN_BASELINE_PRIVACY_BUDGET | 200
PRIV-01284 | 0.5659 | 1.0700 | 0.1732 | DATA_PRIVACY_SECURE | MAINTAIN_BASELINE_PRIVACY_BUDGET | 200
PRIV-01285 | 0.9998 | 0.7690 | 0.6514 | DATA_PRIVACY_SECURE | MAINTAIN_BASELINE_PRIVACY_BUDGET | 200
PRIV-01286 | 0.5275 | 0.4218 | 0.0354 | DATA_PRIVACY_SECURE | MAINTAIN_BASELINE_PRIVACY_BUDGET | 200
PRIV-01287 | 0.6054 | 2.4058 | 0.13 | DATA_PRIVACY_SECURE | MAINTAIN_BASELINE_PRIVACY_BUDGET | 200
PRIV-01288 | 0.5980 | 2.4460 | 0.2171 | DATA_PRIVACY_SECURE | MAINTAIN_BASELINE_PRIVACY_BUDGET | 200
PRIV-01289 | 0.6892 | 3.0316 | 0.2681 | DATA_PRIVACY_SECURE | MAINTAIN_BASELINE_PRIVACY_BUDGET | 200
PRIV-01290 | 0.7781 | 0.4124 | 0.1973 | DATA_PRIVACY_SECURE | MAINTAIN_BASELINE_PRIVACY_BUDGET | 200
PRIV-01291 | 0.9128 | 2.3085 | 0.7073 | DATA_PRIVACY_SECURE | MAINTAIN_BASELINE_PRIVACY_BUDGET | 200
PRIV-01292 | 0.8532 | 3.2032 | 0.6966 | DATA_PRIVACY_SECURE | MAINTAIN_BASELINE_PRIVACY_BUDGET | 200
PRIV-01293 | 0.9055 | 2.1948 | 0.6678 | DATA_PRIVACY_SECURE | MAINTAIN_BASELINE_PRIVACY_BUDGET | 200
PRIV-01294 | 0.7504 | 1.7935 | 0.3958 | DATA_PRIVACY_SECURE | MAINTAIN_BASELINE_PRIVACY_BUDGET | 200
PRIV-01295 | 0.7196 | 2.8847 | 0.3562 | DATA_PRIVACY_SECURE | MAINTAIN_BASELINE_PRIVACY_BUDGET | 200
PRIV-01296 | 0.5032 | 1.1128 | 0.0919 | DATA_PRIVACY_SECURE | MAINTAIN_BASELINE_PRIVACY_BUDGET | 200
PRIV-01297 | 0.8062 | 1.8281 | 0.4882 | DATA_PRIVACY_SECURE | MAINTAIN_BASELINE_PRIVACY_BUDGET | 200
PRIV-01298 | 0.9388 | 2.7913 | 0.7681 | CRITICAL_MEMORIZATION_LEAK_HAZARD | TRIGGER_DYNAMIC_DIFFERENTIAL_PRIVACY_NOISE | 422
PRIV-01299 | 0.6105 | 2.6469 | 0.2231 | DATA_PRIVACY_SECURE | MAINTAIN_BASELINE_PRIVACY_BUDGET | 200
PRIV-01300 | 0.6793 | 0.4498 | 0.2042 | DATA_PRIVACY_SECURE | MAINTAIN_BASELINE_PRIVACY_BUDGET | 200
PRIV-01301 | 0.6296 | 1.4769 | 0.1765 | DATA_PRIVACY_SECURE | MAINTAIN_BASELINE_PRIVACY_BUDGET | 200
PRIV-01302 | 0.5949 | 2.2614 | 0.2304 | DATA_PRIVACY_SECURE | MAINTAIN_BASELINE_PRIVACY_BUDGET | 200
PRIV-01303 | 0.9139 | 2.8761 | 0.7156 | DATA_PRIVACY_SECURE | MAINTAIN_BASELINE_PRIVACY_BUDGET | 200
PRIV-01304 | 0.6402 | 0.9894 | 0.161 | DATA_PRIVACY_SECURE | MAINTAIN_BASELINE_PRIVACY_BUDGET | 200
PRIV-01305 | 0.7412 | 3.0520 | 0.4103 | DATA_PRIVACY_SECURE | MAINTAIN_BASELINE_PRIVACY_BUDGET | 200
PRIV-01306 | 0.5584 | 3.4971 | 0.133 | DATA_PRIVACY_SECURE | MAINTAIN_BASELINE_PRIVACY_BUDGET | 200
PRIV-01307 | 0.8141 | 2.2589 | 0.4896 | DATA_PRIVACY_SECURE | MAINTAIN_BASELINE_PRIVACY_BUDGET | 200
PRIV-01308 | 0.7891 | 0.1496 | 0.2637 | DATA_PRIVACY_SECURE | MAINTAIN_BASELINE_PRIVACY_BUDGET | 200
PRIV-01309 | 0.8364 | 1.0225 | 0.4738 | DATA_PRIVACY_SECURE | MAINTAIN_BASELINE_PRIVACY_BUDGET | 200
PRIV-01310 | 0.7766 | 2.4826 | 0.4512 | DATA_PRIVACY_SECURE | MAINTAIN_BASELINE_PRIVACY_BUDGET | 200
PRIV-01311 | 0.6592 | 1.2874 | 0.2235 | DATA_PRIVACY_SECURE | MAINTAIN_BASELINE_PRIVACY_BUDGET | 200
PRIV-01312 | 0.8661 | 3.1107 | 0.6548 | DATA_PRIVACY_SECURE | MAINTAIN_BASELINE_PRIVACY_BUDGET | 200
PRIV-01313 | 0.6966 | 2.1501 | 0.3584 | DATA_PRIVACY_SECURE | MAINTAIN_BASELINE_PRIVACY_BUDGET | 200
PRIV-01314 | 0.9937 | 3.0849 | 0.9607 | CRITICAL_MEMORIZATION_LEAK_HAZARD | TRIGGER_DYNAMIC_DIFFERENTIAL_PRIVACY_NOISE | 422
PRIV-01315 | 0.9701 | 2.7033 | 0.8561 | CRITICAL_MEMORIZATION_LEAK_HAZARD | TRIGGER_DYNAMIC_DIFFERENTIAL_PRIVACY_NOISE | 422
PRIV-01316 | 0.9015 | 1.2832 | 0.5213 | DATA_PRIVACY_SECURE | MAINTAIN_BASELINE_PRIVACY_BUDGET | 200
PRIV-01317 | 0.6520 | 3.3459 | 0.2251 | DATA_PRIVACY_SECURE | MAINTAIN_BASELINE_PRIVACY_BUDGET | 200
PRIV-01318 | 0.7023 | 1.4312 | 0.2673 | DATA_PRIVACY_SECURE | MAINTAIN_BASELINE_PRIVACY_BUDGET | 200
PRIV-01319 | 0.7351 | 2.2490 | 0.335 | DATA_PRIVACY_SECURE | MAINTAIN_BASELINE_PRIVACY_BUDGET | 200
PRIV-01320 | 0.8208 | 2.5359 | 0.5049 | DATA_PRIVACY_SECURE | MAINTAIN_BASELINE_PRIVACY_BUDGET | 200
PRIV-01321 | 0.5809 | 0.8304 | 0.1388 | DATA_PRIVACY_SECURE | MAINTAIN_BASELINE_PRIVACY_BUDGET | 200
PRIV-01322 | 0.5806 | 2.1484 | 0.1964 | DATA_PRIVACY_SECURE | MAINTAIN_BASELINE_PRIVACY_BUDGET | 200
PRIV-01323 | 0.8424 | 3.2744 | 0.5732 | DATA_PRIVACY_SECURE | MAINTAIN_BASELINE_PRIVACY_BUDGET | 200
PRIV-01324 | 0.7010 | 1.8305 | 0.3163 | DATA_PRIVACY_SECURE | MAINTAIN_BASELINE_PRIVACY_BUDGET | 200
PRIV-01325 | 0.7411 | 1.1388 | 0.3109 | DATA_PRIVACY_SECURE | MAINTAIN_BASELINE_PRIVACY_BUDGET | 200
PRIV-01326 | 0.8252 | 0.2854 | 0.2418 | DATA_PRIVACY_SECURE | MAINTAIN_BASELINE_PRIVACY_BUDGET | 200
PRIV-01327 | 0.6338 | 0.6070 | 0.1272 | DATA_PRIVACY_SECURE | MAINTAIN_BASELINE_PRIVACY_BUDGET | 200
PRIV-01328 | 0.5004 | 3.4242 | 0.1156 | DATA_PRIVACY_SECURE | MAINTAIN_BASELINE_PRIVACY_BUDGET | 200
PRIV-01329 | 0.9391 | 0.4936 | 0.4658 | DATA_PRIVACY_SECURE | MAINTAIN_BASELINE_PRIVACY_BUDGET | 200
PRIV-01330 | 0.5559 | 2.5393 | 0.1832 | DATA_PRIVACY_SECURE | MAINTAIN_BASELINE_PRIVACY_BUDGET | 200
PRIV-01331 | 0.7662 | 1.9424 | 0.4546 | DATA_PRIVACY_SECURE | MAINTAIN_BASELINE_PRIVACY_BUDGET | 200
PRIV-01332 | 0.7658 | 2.9548 | 0.4755 | DATA_PRIVACY_SECURE | MAINTAIN_BASELINE_PRIVACY_BUDGET | 200
PRIV-01333 | 0.9105 | 1.1003 | 0.5578 | DATA_PRIVACY_SECURE | MAINTAIN_BASELINE_PRIVACY_BUDGET | 200
PRIV-01334 | 0.9337 | 1.8711 | 0.765 | CRITICAL_MEMORIZATION_LEAK_HAZARD | TRIGGER_DYNAMIC_DIFFERENTIAL_PRIVACY_NOISE | 422
PRIV-01335 | 0.7894 | 0.9845 | 0.364 | DATA_PRIVACY_SECURE | MAINTAIN_BASELINE_PRIVACY_BUDGET | 200
PRIV-01336 | 0.7841 | 0.6398 | 0.3021 | DATA_PRIVACY_SECURE | MAINTAIN_BASELINE_PRIVACY_BUDGET | 200
PRIV-01337 | 0.9383 | 1.4811 | 0.6485 | DATA_PRIVACY_SECURE | MAINTAIN_BASELINE_PRIVACY_BUDGET | 200
PRIV-01338 | 0.9019 | 1.3883 | 0.575 | DATA_PRIVACY_SECURE | MAINTAIN_BASELINE_PRIVACY_BUDGET | 200
PRIV-01339 | 0.8208 | 2.0665 | 0.4753 | DATA_PRIVACY_SECURE | MAINTAIN_BASELINE_PRIVACY_BUDGET | 200
PRIV-01340 | 0.6314 | 3.3458 | 0.25 | DATA_PRIVACY_SECURE | MAINTAIN_BASELINE_PRIVACY_BUDGET | 200
PRIV-01341 | 0.5278 | 2.9046 | 0.1458 | DATA_PRIVACY_SECURE | MAINTAIN_BASELINE_PRIVACY_BUDGET | 200
PRIV-01342 | 0.9649 | 2.4558 | 0.8275 | CRITICAL_MEMORIZATION_LEAK_HAZARD | TRIGGER_DYNAMIC_DIFFERENTIAL_PRIVACY_NOISE | 422
PRIV-01343 | 0.8668 | 0.2378 | 0.3816 | DATA_PRIVACY_SECURE | MAINTAIN_BASELINE_PRIVACY_BUDGET | 200
PRIV-01344 | 0.7334 | 2.2460 | 0.4043 | DATA_PRIVACY_SECURE | MAINTAIN_BASELINE_PRIVACY_BUDGET | 200
PRIV-01345 | 0.6510 | 1.5484 | 0.2655 | DATA_PRIVACY_SECURE | MAINTAIN_BASELINE_PRIVACY_BUDGET | 200
PRIV-01346 | 0.7428 | 2.3266 | 0.314 | DATA_PRIVACY_SECURE | MAINTAIN_BASELINE_PRIVACY_BUDGET | 200
PRIV-01347 | 0.6452 | 3.4943 | 0.1586 | DATA_PRIVACY_SECURE | MAINTAIN_BASELINE_PRIVACY_BUDGET | 200
PRIV-01348 | 0.6684 | 1.7485 | 0.2917 | DATA_PRIVACY_SECURE | MAINTAIN_BASELINE_PRIVACY_BUDGET | 200
PRIV-01349 | 0.9854 | 1.1826 | 0.6777 | DATA_PRIVACY_SECURE | MAINTAIN_BASELINE_PRIVACY_BUDGET | 200
PRIV-01350 | 0.9071 | 2.3235 | 0.6707 | DATA_PRIVACY_SECURE | MAINTAIN_BASELINE_PRIVACY_BUDGET | 200
PRIV-01351 | 0.8091 | 0.5794 | 0.2927 | DATA_PRIVACY_SECURE | MAINTAIN_BASELINE_PRIVACY_BUDGET | 200
PRIV-01352 | 0.7123 | 1.1878 | 0.2048 | DATA_PRIVACY_SECURE | MAINTAIN_BASELINE_PRIVACY_BUDGET | 200
PRIV-01353 | 0.5360 | 3.4639 | 0.171 | DATA_PRIVACY_SECURE | MAINTAIN_BASELINE_PRIVACY_BUDGET | 200
PRIV-01354 | 0.5068 | 2.0522 | 0.1457 | DATA_PRIVACY_SECURE | MAINTAIN_BASELINE_PRIVACY_BUDGET | 200
PRIV-01355 | 0.9521 | 2.3302 | 0.7636 | CRITICAL_MEMORIZATION_LEAK_HAZARD | TRIGGER_DYNAMIC_DIFFERENTIAL_PRIVACY_NOISE | 422
PRIV-01356 | 0.5779 | 0.8091 | 0.0299 | DATA_PRIVACY_SECURE | MAINTAIN_BASELINE_PRIVACY_BUDGET | 200
PRIV-01357 | 0.7614 | 1.8591 | 0.3601 | DATA_PRIVACY_SECURE | MAINTAIN_BASELINE_PRIVACY_BUDGET | 200
PRIV-01358 | 0.9834 | 1.8170 | 0.8337 | CRITICAL_MEMORIZATION_LEAK_HAZARD | TRIGGER_DYNAMIC_DIFFERENTIAL_PRIVACY_NOISE | 422
PRIV-01359 | 0.7983 | 0.9325 | 0.306 | DATA_PRIVACY_SECURE | MAINTAIN_BASELINE_PRIVACY_BUDGET | 200
PRIV-01360 | 0.8347 | 2.5065 | 0.545 | DATA_PRIVACY_SECURE | MAINTAIN_BASELINE_PRIVACY_BUDGET | 200
PRIV-01361 | 0.8073 | 2.1327 | 0.4698 | DATA_PRIVACY_SECURE | MAINTAIN_BASELINE_PRIVACY_BUDGET | 200
PRIV-01362 | 0.5598 | 1.6715 | 0.1709 | DATA_PRIVACY_SECURE | MAINTAIN_BASELINE_PRIVACY_BUDGET | 200
PRIV-01363 | 0.7492 | 0.5581 | 0.2723 | DATA_PRIVACY_SECURE | MAINTAIN_BASELINE_PRIVACY_BUDGET | 200
PRIV-01364 | 0.7518 | 1.8021 | 0.3258 | DATA_PRIVACY_SECURE | MAINTAIN_BASELINE_PRIVACY_BUDGET | 200
PRIV-01365 | 0.6548 | 1.4667 | 0.276 | DATA_PRIVACY_SECURE | MAINTAIN_BASELINE_PRIVACY_BUDGET | 200
PRIV-01366 | 0.5469 | 2.4442 | 0.1441 | DATA_PRIVACY_SECURE | MAINTAIN_BASELINE_PRIVACY_BUDGET | 200
PRIV-01367 | 0.8242 | 3.4084 | 0.5408 | DATA_PRIVACY_SECURE | MAINTAIN_BASELINE_PRIVACY_BUDGET | 200
PRIV-01368 | 0.5957 | 0.6096 | 0.0996 | DATA_PRIVACY_SECURE | MAINTAIN_BASELINE_PRIVACY_BUDGET | 200
PRIV-01369 | 0.6960 | 2.2058 | 0.286 | DATA_PRIVACY_SECURE | MAINTAIN_BASELINE_PRIVACY_BUDGET | 200
PRIV-01370 | 0.7867 | 0.6814 | 0.288 | DATA_PRIVACY_SECURE | MAINTAIN_BASELINE_PRIVACY_BUDGET | 200
PRIV-01371 | 0.9175 | 2.3541 | 0.6984 | DATA_PRIVACY_SECURE | MAINTAIN_BASELINE_PRIVACY_BUDGET | 200
PRIV-01372 | 0.9110 | 3.1905 | 0.7946 | CRITICAL_MEMORIZATION_LEAK_HAZARD | TRIGGER_DYNAMIC_DIFFERENTIAL_PRIVACY_NOISE | 422
PRIV-01373 | 0.9741 | 3.1199 | 0.8302 | CRITICAL_MEMORIZATION_LEAK_HAZARD | TRIGGER_DYNAMIC_DIFFERENTIAL_PRIVACY_NOISE | 422
PRIV-01374 | 0.6919 | 1.0563 | 0.1813 | DATA_PRIVACY_SECURE | MAINTAIN_BASELINE_PRIVACY_BUDGET | 200
PRIV-01375 | 0.9403 | 0.3880 | 0.5542 | DATA_PRIVACY_SECURE | MAINTAIN_BASELINE_PRIVACY_BUDGET | 200
PRIV-01376 | 0.8730 | 1.1280 | 0.4943 | DATA_PRIVACY_SECURE | MAINTAIN_BASELINE_PRIVACY_BUDGET | 200
PRIV-01377 | 0.9179 | 2.9430 | 0.7079 | DATA_PRIVACY_SECURE | MAINTAIN_BASELINE_PRIVACY_BUDGET | 200
PRIV-01378 | 0.7294 | 0.6546 | 0.2969 | DATA_PRIVACY_SECURE | MAINTAIN_BASELINE_PRIVACY_BUDGET | 200
PRIV-01379 | 0.9257 | 1.0785 | 0.5676 | DATA_PRIVACY_SECURE | MAINTAIN_BASELINE_PRIVACY_BUDGET | 200
PRIV-01380 | 0.9007 | 2.8366 | 0.7634 | CRITICAL_MEMORIZATION_LEAK_HAZARD | TRIGGER_DYNAMIC_DIFFERENTIAL_PRIVACY_NOISE | 422
PRIV-01381 | 0.5063 | 0.7902 | 0.1164 | DATA_PRIVACY_SECURE | MAINTAIN_BASELINE_PRIVACY_BUDGET | 200
PRIV-01382 | 0.9876 | 3.3320 | 0.9104 | CRITICAL_MEMORIZATION_LEAK_HAZARD | TRIGGER_DYNAMIC_DIFFERENTIAL_PRIVACY_NOISE | 422
PRIV-01383 | 0.5841 | 3.0961 | 0.2769 | DATA_PRIVACY_SECURE | MAINTAIN_BASELINE_PRIVACY_BUDGET | 200
PRIV-01384 | 0.7097 | 1.8460 | 0.2845 | DATA_PRIVACY_SECURE | MAINTAIN_BASELINE_PRIVACY_BUDGET | 200
PRIV-01385 | 0.8315 | 2.7935 | 0.5715 | DATA_PRIVACY_SECURE | MAINTAIN_BASELINE_PRIVACY_BUDGET | 200
PRIV-01386 | 0.8246 | 1.0791 | 0.4304 | DATA_PRIVACY_SECURE | MAINTAIN_BASELINE_PRIVACY_BUDGET | 200
PRIV-01387 | 0.7641 | 2.5830 | 0.4669 | DATA_PRIVACY_SECURE | MAINTAIN_BASELINE_PRIVACY_BUDGET | 200
PRIV-01388 | 0.6325 | 1.6233 | 0.2738 | DATA_PRIVACY_SECURE | MAINTAIN_BASELINE_PRIVACY_BUDGET | 200
PRIV-01389 | 0.7206 | 1.6273 | 0.3141 | DATA_PRIVACY_SECURE | MAINTAIN_BASELINE_PRIVACY_BUDGET | 200
PRIV-01390 | 0.5466 | 2.0911 | 0.1152 | DATA_PRIVACY_SECURE | MAINTAIN_BASELINE_PRIVACY_BUDGET | 200
PRIV-01391 | 0.6366 | 0.5740 | 0.1834 | DATA_PRIVACY_SECURE | MAINTAIN_BASELINE_PRIVACY_BUDGET | 200
PRIV-01392 | 0.8458 | 1.9387 | 0.5019 | DATA_PRIVACY_SECURE | MAINTAIN_BASELINE_PRIVACY_BUDGET | 200
PRIV-01393 | 0.5039 | 0.9477 | 0.1727 | DATA_PRIVACY_SECURE | MAINTAIN_BASELINE_PRIVACY_BUDGET | 200
PRIV-01394 | 0.7133 | 2.9618 | 0.3505 | DATA_PRIVACY_SECURE | MAINTAIN_BASELINE_PRIVACY_BUDGET | 200
PRIV-01395 | 0.9342 | 1.4644 | 0.6476 | DATA_PRIVACY_SECURE | MAINTAIN_BASELINE_PRIVACY_BUDGET | 200
PRIV-01396 | 0.5626 | 1.8273 | 0.1608 | DATA_PRIVACY_SECURE | MAINTAIN_BASELINE_PRIVACY_BUDGET | 200
PRIV-01397 | 0.8770 | 3.1775 | 0.5936 | DATA_PRIVACY_SECURE | MAINTAIN_BASELINE_PRIVACY_BUDGET | 200
PRIV-01398 | 0.6309 | 0.4835 | 0.1165 | DATA_PRIVACY_SECURE | MAINTAIN_BASELINE_PRIVACY_BUDGET | 200
PRIV-01399 | 0.6156 | 2.4245 | 0.2623 | DATA_PRIVACY_SECURE | MAINTAIN_BASELINE_PRIVACY_BUDGET | 200
PRIV-01400 | 0.6257 | 0.9523 | 0.1505 | DATA_PRIVACY_SECURE | MAINTAIN_BASELINE_PRIVACY_BUDGET | 200
PRIV-01401 | 0.9055 | 3.3435 | 0.6752 | DATA_PRIVACY_SECURE | MAINTAIN_BASELINE_PRIVACY_BUDGET | 200
PRIV-01402 | 0.8873 | 0.5280 | 0.4609 | DATA_PRIVACY_SECURE | MAINTAIN_BASELINE_PRIVACY_BUDGET | 200
PRIV-01403 | 0.9870 | 2.3709 | 0.9267 | CRITICAL_MEMORIZATION_LEAK_HAZARD | TRIGGER_DYNAMIC_DIFFERENTIAL_PRIVACY_NOISE | 422
PRIV-01404 | 0.9900 | 0.1740 | 0.5559 | DATA_PRIVACY_SECURE | MAINTAIN_BASELINE_PRIVACY_BUDGET | 200
PRIV-01405 | 0.7875 | 2.2173 | 0.4803 | DATA_PRIVACY_SECURE | MAINTAIN_BASELINE_PRIVACY_BUDGET | 200
PRIV-01406 | 0.5798 | 3.4691 | 0.1588 | DATA_PRIVACY_SECURE | MAINTAIN_BASELINE_PRIVACY_BUDGET | 200
PRIV-01407 | 0.6499 | 0.3672 | 0.1053 | DATA_PRIVACY_SECURE | MAINTAIN_BASELINE_PRIVACY_BUDGET | 200
PRIV-01408 | 0.8547 | 2.7066 | 0.6453 | DATA_PRIVACY_SECURE | MAINTAIN_BASELINE_PRIVACY_BUDGET | 200
PRIV-01409 | 0.5000 | 1.9789 | 0.0969 | DATA_PRIVACY_SECURE | MAINTAIN_BASELINE_PRIVACY_BUDGET | 200
PRIV-01410 | 0.7396 | 1.7677 | 0.3356 | DATA_PRIVACY_SECURE | MAINTAIN_BASELINE_PRIVACY_BUDGET | 200
PRIV-01411 | 0.8507 | 0.5296 | 0.4407 | DATA_PRIVACY_SECURE | MAINTAIN_BASELINE_PRIVACY_BUDGET | 200
PRIV-01412 | 0.6551 | 2.4153 | 0.2803 | DATA_PRIVACY_SECURE | MAINTAIN_BASELINE_PRIVACY_BUDGET | 200
PRIV-01413 | 0.8057 | 2.0128 | 0.4797 | DATA_PRIVACY_SECURE | MAINTAIN_BASELINE_PRIVACY_BUDGET | 200
PRIV-01414 | 0.6490 | 1.7341 | 0.319 | DATA_PRIVACY_SECURE | MAINTAIN_BASELINE_PRIVACY_BUDGET | 200
PRIV-01415 | 0.8946 | 2.3430 | 0.6275 | DATA_PRIVACY_SECURE | MAINTAIN_BASELINE_PRIVACY_BUDGET | 200
PRIV-01416 | 0.5918 | 1.8520 | 0.2162 | DATA_PRIVACY_SECURE | MAINTAIN_BASELINE_PRIVACY_BUDGET | 200
PRIV-01417 | 0.5051 | 2.5670 | 0.122 | DATA_PRIVACY_SECURE | MAINTAIN_BASELINE_PRIVACY_BUDGET | 200
PRIV-01418 | 0.8681 | 2.6134 | 0.6203 | DATA_PRIVACY_SECURE | MAINTAIN_BASELINE_PRIVACY_BUDGET | 200
PRIV-01419 | 0.9582 | 0.9677 | 0.6987 | DATA_PRIVACY_SECURE | MAINTAIN_BASELINE_PRIVACY_BUDGET | 200
PRIV-01420 | 0.6133 | 0.8702 | 0.1829 | DATA_PRIVACY_SECURE | MAINTAIN_BASELINE_PRIVACY_BUDGET | 200
PRIV-01421 | 0.6565 | 3.4968 | 0.2962 | DATA_PRIVACY_SECURE | MAINTAIN_BASELINE_PRIVACY_BUDGET | 200
PRIV-01422 | 0.7975 | 1.8406 | 0.4806 | DATA_PRIVACY_SECURE | MAINTAIN_BASELINE_PRIVACY_BUDGET | 200
PRIV-01423 | 0.7698 | 1.9608 | 0.3853 | DATA_PRIVACY_SECURE | MAINTAIN_BASELINE_PRIVACY_BUDGET | 200
PRIV-01424 | 0.8722 | 1.7841 | 0.5344 | DATA_PRIVACY_SECURE | MAINTAIN_BASELINE_PRIVACY_BUDGET | 200
PRIV-01425 | 0.6553 | 0.7752 | 0.1509 | DATA_PRIVACY_SECURE | MAINTAIN_BASELINE_PRIVACY_BUDGET | 200
PRIV-01426 | 0.6374 | 2.2335 | 0.1553 | DATA_PRIVACY_SECURE | MAINTAIN_BASELINE_PRIVACY_BUDGET | 200
PRIV-01427 | 0.5426 | 1.8113 | 0.2195 | DATA_PRIVACY_SECURE | MAINTAIN_BASELINE_PRIVACY_BUDGET | 200
PRIV-01428 | 0.5133 | 2.1182 | 0.0766 | DATA_PRIVACY_SECURE | MAINTAIN_BASELINE_PRIVACY_BUDGET | 200
PRIV-01429 | 0.5368 | 2.7857 | 0.1368 | DATA_PRIVACY_SECURE | MAINTAIN_BASELINE_PRIVACY_BUDGET | 200
PRIV-01430 | 0.5924 | 2.0527 | 0.1731 | DATA_PRIVACY_SECURE | MAINTAIN_BASELINE_PRIVACY_BUDGET | 200
PRIV-01431 | 0.7067 | 0.3826 | 0.2222 | DATA_PRIVACY_SECURE | MAINTAIN_BASELINE_PRIVACY_BUDGET | 200
PRIV-01432 | 0.6418 | 2.1377 | 0.2691 | DATA_PRIVACY_SECURE | MAINTAIN_BASELINE_PRIVACY_BUDGET | 200
PRIV-01433 | 0.5769 | 0.5339 | 0.1555 | DATA_PRIVACY_SECURE | MAINTAIN_BASELINE_PRIVACY_BUDGET | 200
PRIV-01434 | 0.6917 | 2.3326 | 0.2783 | DATA_PRIVACY_SECURE | MAINTAIN_BASELINE_PRIVACY_BUDGET | 200
PRIV-01435 | 0.6631 | 1.1348 | 0.214 | DATA_PRIVACY_SECURE | MAINTAIN_BASELINE_PRIVACY_BUDGET | 200
PRIV-01436 | 0.9334 | 1.6558 | 0.694 | DATA_PRIVACY_SECURE | MAINTAIN_BASELINE_PRIVACY_BUDGET | 200
PRIV-01437 | 0.5766 | 1.1581 | 0.1359 | DATA_PRIVACY_SECURE | MAINTAIN_BASELINE_PRIVACY_BUDGET | 200
PRIV-01438 | 0.5535 | 1.6808 | 0.2072 | DATA_PRIVACY_SECURE | MAINTAIN_BASELINE_PRIVACY_BUDGET | 200
PRIV-01439 | 0.6245 | 2.0091 | 0.2344 | DATA_PRIVACY_SECURE | MAINTAIN_BASELINE_PRIVACY_BUDGET | 200
PRIV-01440 | 0.7626 | 3.1946 | 0.4554 | DATA_PRIVACY_SECURE | MAINTAIN_BASELINE_PRIVACY_BUDGET | 200
PRIV-01441 | 0.8480 | 0.1205 | 0.3498 | DATA_PRIVACY_SECURE | MAINTAIN_BASELINE_PRIVACY_BUDGET | 200
PRIV-01442 | 0.5620 | 0.6483 | 0.1635 | DATA_PRIVACY_SECURE | MAINTAIN_BASELINE_PRIVACY_BUDGET | 200
PRIV-01443 | 0.7448 | 3.4671 | 0.4079 | DATA_PRIVACY_SECURE | MAINTAIN_BASELINE_PRIVACY_BUDGET | 200
PRIV-01444 | 0.8185 | 2.7428 | 0.4633 | DATA_PRIVACY_SECURE | MAINTAIN_BASELINE_PRIVACY_BUDGET | 200
PRIV-01445 | 0.8966 | 1.6326 | 0.6189 | DATA_PRIVACY_SECURE | MAINTAIN_BASELINE_PRIVACY_BUDGET | 200
PRIV-01446 | 0.8310 | 1.1820 | 0.4131 | DATA_PRIVACY_SECURE | MAINTAIN_BASELINE_PRIVACY_BUDGET | 200
PRIV-01447 | 0.8864 | 2.6749 | 0.6303 | DATA_PRIVACY_SECURE | MAINTAIN_BASELINE_PRIVACY_BUDGET | 200
PRIV-01448 | 0.9775 | 1.4582 | 0.7811 | CRITICAL_MEMORIZATION_LEAK_HAZARD | TRIGGER_DYNAMIC_DIFFERENTIAL_PRIVACY_NOISE | 422
PRIV-01449 | 0.5694 | 2.2945 | 0.2172 | DATA_PRIVACY_SECURE | MAINTAIN_BASELINE_PRIVACY_BUDGET | 200
PRIV-01450 | 0.7767 | 2.0299 | 0.4149 | DATA_PRIVACY_SECURE | MAINTAIN_BASELINE_PRIVACY_BUDGET | 200
PRIV-01451 | 0.8577 | 2.4880 | 0.595 | DATA_PRIVACY_SECURE | MAINTAIN_BASELINE_PRIVACY_BUDGET | 200
PRIV-01452 | 0.7510 | 0.1136 | 0.2919 | DATA_PRIVACY_SECURE | MAINTAIN_BASELINE_PRIVACY_BUDGET | 200
PRIV-01453 | 0.9648 | 1.1362 | 0.6895 | DATA_PRIVACY_SECURE | MAINTAIN_BASELINE_PRIVACY_BUDGET | 200
PRIV-01454 | 0.9875 | 1.8942 | 0.9411 | CRITICAL_MEMORIZATION_LEAK_HAZARD | TRIGGER_DYNAMIC_DIFFERENTIAL_PRIVACY_NOISE | 422
PRIV-01455 | 0.6781 | 0.4172 | 0.2106 | DATA_PRIVACY_SECURE | MAINTAIN_BASELINE_PRIVACY_BUDGET | 200
PRIV-01456 | 0.8007 | 0.7772 | 0.2813 | DATA_PRIVACY_SECURE | MAINTAIN_BASELINE_PRIVACY_BUDGET | 200
PRIV-01457 | 0.7678 | 1.9680 | 0.4273 | DATA_PRIVACY_SECURE | MAINTAIN_BASELINE_PRIVACY_BUDGET | 200
PRIV-01458 | 0.8434 | 0.7036 | 0.4166 | DATA_PRIVACY_SECURE | MAINTAIN_BASELINE_PRIVACY_BUDGET | 200
PRIV-01459 | 0.8680 | 3.3719 | 0.6839 | DATA_PRIVACY_SECURE | MAINTAIN_BASELINE_PRIVACY_BUDGET | 200
PRIV-01460 | 0.8810 | 1.2951 | 0.5638 | DATA_PRIVACY_SECURE | MAINTAIN_BASELINE_PRIVACY_BUDGET | 200
PRIV-01461 | 0.5018 | 1.8726 | 0.104 | DATA_PRIVACY_SECURE | MAINTAIN_BASELINE_PRIVACY_BUDGET | 200
PRIV-01462 | 0.8087 | 1.3093 | 0.3675 | DATA_PRIVACY_SECURE | MAINTAIN_BASELINE_PRIVACY_BUDGET | 200
PRIV-01463 | 0.6097 | 2.8053 | 0.2053 | DATA_PRIVACY_SECURE | MAINTAIN_BASELINE_PRIVACY_BUDGET | 200
PRIV-01464 | 0.7978 | 0.3234 | 0.2605 | DATA_PRIVACY_SECURE | MAINTAIN_BASELINE_PRIVACY_BUDGET | 200
PRIV-01465 | 0.8633 | 0.9918 | 0.446 | DATA_PRIVACY_SECURE | MAINTAIN_BASELINE_PRIVACY_BUDGET | 200
PRIV-01466 | 0.8924 | 1.3309 | 0.5856 | DATA_PRIVACY_SECURE | MAINTAIN_BASELINE_PRIVACY_BUDGET | 200
PRIV-01467 | 0.6358 | 3.0053 | 0.3117 | DATA_PRIVACY_SECURE | MAINTAIN_BASELINE_PRIVACY_BUDGET | 200
PRIV-01468 | 0.8663 | 2.8984 | 0.632 | DATA_PRIVACY_SECURE | MAINTAIN_BASELINE_PRIVACY_BUDGET | 200
PRIV-01469 | 0.8653 | 0.8706 | 0.4089 | DATA_PRIVACY_SECURE | MAINTAIN_BASELINE_PRIVACY_BUDGET | 200
PRIV-01470 | 0.5327 | 0.8180 | 0.1227 | DATA_PRIVACY_SECURE | MAINTAIN_BASELINE_PRIVACY_BUDGET | 200
PRIV-01471 | 0.7555 | 1.3495 | 0.3903 | DATA_PRIVACY_SECURE | MAINTAIN_BASELINE_PRIVACY_BUDGET | 200
PRIV-01472 | 0.5223 | 0.5128 | 0.0647 | DATA_PRIVACY_SECURE | MAINTAIN_BASELINE_PRIVACY_BUDGET | 200
PRIV-01473 | 0.6376 | 2.4005 | 0.2323 | DATA_PRIVACY_SECURE | MAINTAIN_BASELINE_PRIVACY_BUDGET | 200
PRIV-01474 | 0.9436 | 1.9693 | 0.7379 | DATA_PRIVACY_SECURE | MAINTAIN_BASELINE_PRIVACY_BUDGET | 200
PRIV-01475 | 0.5890 | 0.4989 | 0.0957 | DATA_PRIVACY_SECURE | MAINTAIN_BASELINE_PRIVACY_BUDGET | 200
PRIV-01476 | 0.6939 | 1.9309 | 0.3177 | DATA_PRIVACY_SECURE | MAINTAIN_BASELINE_PRIVACY_BUDGET | 200
PRIV-01477 | 0.8445 | 0.2873 | 0.3393 | DATA_PRIVACY_SECURE | MAINTAIN_BASELINE_PRIVACY_BUDGET | 200
PRIV-01478 | 0.8720 | 3.4615 | 0.6597 | DATA_PRIVACY_SECURE | MAINTAIN_BASELINE_PRIVACY_BUDGET | 200
PRIV-01479 | 0.8812 | 0.8170 | 0.439 | DATA_PRIVACY_SECURE | MAINTAIN_BASELINE_PRIVACY_BUDGET | 200
PRIV-01480 | 0.5868 | 2.0208 | 0.1609 | DATA_PRIVACY_SECURE | MAINTAIN_BASELINE_PRIVACY_BUDGET | 200
PRIV-01481 | 0.7022 | 0.4679 | 0.2418 | DATA_PRIVACY_SECURE | MAINTAIN_BASELINE_PRIVACY_BUDGET | 200
PRIV-01482 | 0.8390 | 2.6367 | 0.5361 | DATA_PRIVACY_SECURE | MAINTAIN_BASELINE_PRIVACY_BUDGET | 200
PRIV-01483 | 0.9925 | 0.6656 | 0.7149 | DATA_PRIVACY_SECURE | MAINTAIN_BASELINE_PRIVACY_BUDGET | 200
PRIV-01484 | 0.8193 | 0.1883 | 0.2848 | DATA_PRIVACY_SECURE | MAINTAIN_BASELINE_PRIVACY_BUDGET | 200
PRIV-01485 | 0.9317 | 2.7309 | 0.7682 | CRITICAL_MEMORIZATION_LEAK_HAZARD | TRIGGER_DYNAMIC_DIFFERENTIAL_PRIVACY_NOISE | 422
PRIV-01486 | 0.6328 | 0.3954 | 0.1887 | DATA_PRIVACY_SECURE | MAINTAIN_BASELINE_PRIVACY_BUDGET | 200
PRIV-01487 | 0.8733 | 2.0173 | 0.531 | DATA_PRIVACY_SECURE | MAINTAIN_BASELINE_PRIVACY_BUDGET | 200
PRIV-01488 | 0.6502 | 0.6813 | 0.1121 | DATA_PRIVACY_SECURE | MAINTAIN_BASELINE_PRIVACY_BUDGET | 200
PRIV-01489 | 0.5242 | 1.1185 | 0.0475 | DATA_PRIVACY_SECURE | MAINTAIN_BASELINE_PRIVACY_BUDGET | 200
PRIV-01490 | 0.9446 | 0.7870 | 0.6297 | DATA_PRIVACY_SECURE | MAINTAIN_BASELINE_PRIVACY_BUDGET | 200
PRIV-01491 | 0.8914 | 0.1141 | 0.3523 | DATA_PRIVACY_SECURE | MAINTAIN_BASELINE_PRIVACY_BUDGET | 200
PRIV-01492 | 0.5647 | 0.6763 | 0.2217 | DATA_PRIVACY_SECURE | MAINTAIN_BASELINE_PRIVACY_BUDGET | 200
PRIV-01493 | 0.9514 | 2.4534 | 0.7705 | CRITICAL_MEMORIZATION_LEAK_HAZARD | TRIGGER_DYNAMIC_DIFFERENTIAL_PRIVACY_NOISE | 422
PRIV-01494 | 0.6064 | 2.0299 | 0.2045 | DATA_PRIVACY_SECURE | MAINTAIN_BASELINE_PRIVACY_BUDGET | 200
PRIV-01495 | 0.7658 | 1.8119 | 0.4478 | DATA_PRIVACY_SECURE | MAINTAIN_BASELINE_PRIVACY_BUDGET | 200
PRIV-01496 | 0.6195 | 0.8477 | 0.2467 | DATA_PRIVACY_SECURE | MAINTAIN_BASELINE_PRIVACY_BUDGET | 200
PRIV-01497 | 0.7233 | 2.0087 | 0.4161 | DATA_PRIVACY_SECURE | MAINTAIN_BASELINE_PRIVACY_BUDGET | 200
PRIV-01498 | 0.7143 | 2.9336 | 0.3944 | DATA_PRIVACY_SECURE | MAINTAIN_BASELINE_PRIVACY_BUDGET | 200
PRIV-01499 | 0.6160 | 2.3300 | 0.2539 | DATA_PRIVACY_SECURE | MAINTAIN_BASELINE_PRIVACY_BUDGET | 200
PRIV-01500 | 0.9958 | 1.0129 | 0.7481 | DATA_PRIVACY_SECURE | MAINTAIN_BASELINE_PRIVACY_BUDGET | 200
PRIV-01501 | 0.6095 | 2.8450 | 0.2452 | DATA_PRIVACY_SECURE | MAINTAIN_BASELINE_PRIVACY_BUDGET | 200
PRIV-01502 | 0.7998 | 0.6139 | 0.3099 | DATA_PRIVACY_SECURE | MAINTAIN_BASELINE_PRIVACY_BUDGET | 200
PRIV-01503 | 0.6881 | 1.4405 | 0.2307 | DATA_PRIVACY_SECURE | MAINTAIN_BASELINE_PRIVACY_BUDGET | 200
PRIV-01504 | 0.9446 | 2.3698 | 0.7706 | CRITICAL_MEMORIZATION_LEAK_HAZARD | TRIGGER_DYNAMIC_DIFFERENTIAL_PRIVACY_NOISE | 422
PRIV-01505 | 0.9253 | 1.4426 | 0.634 | DATA_PRIVACY_SECURE | MAINTAIN_BASELINE_PRIVACY_BUDGET | 200
PRIV-01506 | 0.9865 | 2.4951 | 0.8688 | CRITICAL_MEMORIZATION_LEAK_HAZARD | TRIGGER_DYNAMIC_DIFFERENTIAL_PRIVACY_NOISE | 422
PRIV-01507 | 0.5428 | 1.3148 | 0.1539 | DATA_PRIVACY_SECURE | MAINTAIN_BASELINE_PRIVACY_BUDGET | 200
PRIV-01508 | 0.7351 | 0.4766 | 0.2833 | DATA_PRIVACY_SECURE | MAINTAIN_BASELINE_PRIVACY_BUDGET | 200
PRIV-01509 | 0.8628 | 0.9532 | 0.4671 | DATA_PRIVACY_SECURE | MAINTAIN_BASELINE_PRIVACY_BUDGET | 200
PRIV-01510 | 0.5370 | 2.2030 | 0.1985 | DATA_PRIVACY_SECURE | MAINTAIN_BASELINE_PRIVACY_BUDGET | 200
PRIV-01511 | 0.6663 | 1.2298 | 0.1833 | DATA_PRIVACY_SECURE | MAINTAIN_BASELINE_PRIVACY_BUDGET | 200
PRIV-01512 | 0.5581 | 3.0138 | 0.1579 | DATA_PRIVACY_SECURE | MAINTAIN_BASELINE_PRIVACY_BUDGET | 200
PRIV-01513 | 0.8479 | 2.2748 | 0.5241 | DATA_PRIVACY_SECURE | MAINTAIN_BASELINE_PRIVACY_BUDGET | 200
PRIV-01514 | 0.9296 | 0.7464 | 0.4703 | DATA_PRIVACY_SECURE | MAINTAIN_BASELINE_PRIVACY_BUDGET | 200
PRIV-01515 | 0.9298 | 0.4814 | 0.4935 | DATA_PRIVACY_SECURE | MAINTAIN_BASELINE_PRIVACY_BUDGET | 200
PRIV-01516 | 0.6534 | 3.1903 | 0.2631 | DATA_PRIVACY_SECURE | MAINTAIN_BASELINE_PRIVACY_BUDGET | 200
PRIV-01517 | 0.5920 | 0.8417 | 0.2056 | DATA_PRIVACY_SECURE | MAINTAIN_BASELINE_PRIVACY_BUDGET | 200
PRIV-01518 | 0.9520 | 0.7960 | 0.6198 | DATA_PRIVACY_SECURE | MAINTAIN_BASELINE_PRIVACY_BUDGET | 200
PRIV-01519 | 0.8869 | 1.0450 | 0.4751 | DATA_PRIVACY_SECURE | MAINTAIN_BASELINE_PRIVACY_BUDGET | 200
PRIV-01520 | 0.8624 | 2.3906 | 0.6617 | DATA_PRIVACY_SECURE | MAINTAIN_BASELINE_PRIVACY_BUDGET | 200
PRIV-01521 | 0.6185 | 0.7764 | 0.2109 | DATA_PRIVACY_SECURE | MAINTAIN_BASELINE_PRIVACY_BUDGET | 200
PRIV-01522 | 0.6415 | 2.5692 | 0.2685 | DATA_PRIVACY_SECURE | MAINTAIN_BASELINE_PRIVACY_BUDGET | 200
PRIV-01523 | 0.6679 | 1.5984 | 0.2387 | DATA_PRIVACY_SECURE | MAINTAIN_BASELINE_PRIVACY_BUDGET | 200
PRIV-01524 | 0.6594 | 2.9411 | 0.234 | DATA_PRIVACY_SECURE | MAINTAIN_BASELINE_PRIVACY_BUDGET | 200
PRIV-01525 | 0.9589 | 0.8215 | 0.5975 | DATA_PRIVACY_SECURE | MAINTAIN_BASELINE_PRIVACY_BUDGET | 200
PRIV-01526 | 0.8371 | 3.2700 | 0.6087 | DATA_PRIVACY_SECURE | MAINTAIN_BASELINE_PRIVACY_BUDGET | 200
PRIV-01527 | 0.7140 | 2.5318 | 0.4126 | DATA_PRIVACY_SECURE | MAINTAIN_BASELINE_PRIVACY_BUDGET | 200
PRIV-01528 | 0.6321 | 1.3872 | 0.2638 | DATA_PRIVACY_SECURE | MAINTAIN_BASELINE_PRIVACY_BUDGET | 200
PRIV-01529 | 0.8136 | 0.2812 | 0.2873 | DATA_PRIVACY_SECURE | MAINTAIN_BASELINE_PRIVACY_BUDGET | 200
PRIV-01530 | 0.7367 | 1.5446 | 0.2848 | DATA_PRIVACY_SECURE | MAINTAIN_BASELINE_PRIVACY_BUDGET | 200
PRIV-01531 | 0.6011 | 1.6025 | 0.1864 | DATA_PRIVACY_SECURE | MAINTAIN_BASELINE_PRIVACY_BUDGET | 200
PRIV-01532 | 0.9251 | 1.0803 | 0.5204 | DATA_PRIVACY_SECURE | MAINTAIN_BASELINE_PRIVACY_BUDGET | 200
PRIV-01533 | 0.7314 | 1.7754 | 0.3475 | DATA_PRIVACY_SECURE | MAINTAIN_BASELINE_PRIVACY_BUDGET | 200
PRIV-01534 | 0.7199 | 2.1571 | 0.3286 | DATA_PRIVACY_SECURE | MAINTAIN_BASELINE_PRIVACY_BUDGET | 200
PRIV-01535 | 0.5647 | 0.6075 | 0.0979 | DATA_PRIVACY_SECURE | MAINTAIN_BASELINE_PRIVACY_BUDGET | 200
PRIV-01536 | 0.7553 | 2.9642 | 0.3459 | DATA_PRIVACY_SECURE | MAINTAIN_BASELINE_PRIVACY_BUDGET | 200
PRIV-01537 | 0.8252 | 2.3375 | 0.5329 | DATA_PRIVACY_SECURE | MAINTAIN_BASELINE_PRIVACY_BUDGET | 200
PRIV-01538 | 0.6553 | 2.0741 | 0.2287 | DATA_PRIVACY_SECURE | MAINTAIN_BASELINE_PRIVACY_BUDGET | 200
PRIV-01539 | 0.9559 | 1.8387 | 0.7068 | DATA_PRIVACY_SECURE | MAINTAIN_BASELINE_PRIVACY_BUDGET | 200
PRIV-01540 | 0.5271 | 0.3233 | 0.0 | DATA_PRIVACY_SECURE | MAINTAIN_BASELINE_PRIVACY_BUDGET | 200
PRIV-01541 | 0.5121 | 0.7729 | 0.0908 | DATA_PRIVACY_SECURE | MAINTAIN_BASELINE_PRIVACY_BUDGET | 200
PRIV-01542 | 0.9604 | 2.8488 | 0.9083 | CRITICAL_MEMORIZATION_LEAK_HAZARD | TRIGGER_DYNAMIC_DIFFERENTIAL_PRIVACY_NOISE | 422
PRIV-01543 | 0.7445 | 0.2005 | 0.2934 | DATA_PRIVACY_SECURE | MAINTAIN_BASELINE_PRIVACY_BUDGET | 200
PRIV-01544 | 0.8194 | 0.3605 | 0.3058 | DATA_PRIVACY_SECURE | MAINTAIN_BASELINE_PRIVACY_BUDGET | 200
PRIV-01545 | 0.5839 | 2.3887 | 0.1582 | DATA_PRIVACY_SECURE | MAINTAIN_BASELINE_PRIVACY_BUDGET | 200
PRIV-01546 | 0.9532 | 0.2822 | 0.5125 | DATA_PRIVACY_SECURE | MAINTAIN_BASELINE_PRIVACY_BUDGET | 200
PRIV-01547 | 0.6422 | 0.8051 | 0.1431 | DATA_PRIVACY_SECURE | MAINTAIN_BASELINE_PRIVACY_BUDGET | 200
PRIV-01548 | 0.7847 | 1.0127 | 0.3665 | DATA_PRIVACY_SECURE | MAINTAIN_BASELINE_PRIVACY_BUDGET | 200
PRIV-01549 | 0.9870 | 2.8375 | 0.9389 | CRITICAL_MEMORIZATION_LEAK_HAZARD | TRIGGER_DYNAMIC_DIFFERENTIAL_PRIVACY_NOISE | 422
PRIV-01550 | 0.5726 | 1.3095 | 0.1969 | DATA_PRIVACY_SECURE | MAINTAIN_BASELINE_PRIVACY_BUDGET | 200
PRIV-01551 | 0.8419 | 1.7964 | 0.5078 | DATA_PRIVACY_SECURE | MAINTAIN_BASELINE_PRIVACY_BUDGET | 200
PRIV-01552 | 0.8291 | 1.9098 | 0.4883 | DATA_PRIVACY_SECURE | MAINTAIN_BASELINE_PRIVACY_BUDGET | 200
PRIV-01553 | 0.8785 | 2.1220 | 0.5703 | DATA_PRIVACY_SECURE | MAINTAIN_BASELINE_PRIVACY_BUDGET | 200
PRIV-01554 | 0.7281 | 2.9449 | 0.3336 | DATA_PRIVACY_SECURE | MAINTAIN_BASELINE_PRIVACY_BUDGET | 200
PRIV-01555 | 0.7295 | 2.8677 | 0.3583 | DATA_PRIVACY_SECURE | MAINTAIN_BASELINE_PRIVACY_BUDGET | 200
PRIV-01556 | 0.7631 | 0.4384 | 0.2849 | DATA_PRIVACY_SECURE | MAINTAIN_BASELINE_PRIVACY_BUDGET | 200
PRIV-01557 | 0.8058 | 1.7223 | 0.4805 | DATA_PRIVACY_SECURE | MAINTAIN_BASELINE_PRIVACY_BUDGET | 200
PRIV-01558 | 0.5611 | 1.8020 | 0.1195 | DATA_PRIVACY_SECURE | MAINTAIN_BASELINE_PRIVACY_BUDGET | 200
PRIV-01559 | 0.9650 | 0.1413 | 0.5407 | DATA_PRIVACY_SECURE | MAINTAIN_BASELINE_PRIVACY_BUDGET | 200
PRIV-01560 | 0.8813 | 3.4696 | 0.6531 | DATA_PRIVACY_SECURE | MAINTAIN_BASELINE_PRIVACY_BUDGET | 200
PRIV-01561 | 0.9328 | 0.8228 | 0.5632 | DATA_PRIVACY_SECURE | MAINTAIN_BASELINE_PRIVACY_BUDGET | 200
PRIV-01562 | 0.7338 | 1.2195 | 0.2751 | DATA_PRIVACY_SECURE | MAINTAIN_BASELINE_PRIVACY_BUDGET | 200
PRIV-01563 | 0.7959 | 0.5019 | 0.2171 | DATA_PRIVACY_SECURE | MAINTAIN_BASELINE_PRIVACY_BUDGET | 200
PRIV-01564 | 0.6217 | 1.9609 | 0.246 | DATA_PRIVACY_SECURE | MAINTAIN_BASELINE_PRIVACY_BUDGET | 200
PRIV-01565 | 0.5760 | 3.1302 | 0.2126 | DATA_PRIVACY_SECURE | MAINTAIN_BASELINE_PRIVACY_BUDGET | 200
PRIV-01566 | 0.9637 | 0.3676 | 0.5175 | DATA_PRIVACY_SECURE | MAINTAIN_BASELINE_PRIVACY_BUDGET | 200
PRIV-01567 | 0.6727 | 1.7913 | 0.2636 | DATA_PRIVACY_SECURE | MAINTAIN_BASELINE_PRIVACY_BUDGET | 200
PRIV-01568 | 0.6340 | 3.2696 | 0.2662 | DATA_PRIVACY_SECURE | MAINTAIN_BASELINE_PRIVACY_BUDGET | 200
PRIV-01569 | 0.9917 | 2.9344 | 0.8637 | CRITICAL_MEMORIZATION_LEAK_HAZARD | TRIGGER_DYNAMIC_DIFFERENTIAL_PRIVACY_NOISE | 422
PRIV-01570 | 0.5001 | 2.5629 | 0.0949 | DATA_PRIVACY_SECURE | MAINTAIN_BASELINE_PRIVACY_BUDGET | 200
PRIV-01571 | 0.5431 | 1.8322 | 0.1699 | DATA_PRIVACY_SECURE | MAINTAIN_BASELINE_PRIVACY_BUDGET | 200
PRIV-01572 | 0.9883 | 1.2407 | 0.6986 | DATA_PRIVACY_SECURE | MAINTAIN_BASELINE_PRIVACY_BUDGET | 200
PRIV-01573 | 0.9693 | 3.3365 | 0.8912 | CRITICAL_MEMORIZATION_LEAK_HAZARD | TRIGGER_DYNAMIC_DIFFERENTIAL_PRIVACY_NOISE | 422
PRIV-01574 | 0.5481 | 2.3009 | 0.0954 | DATA_PRIVACY_SECURE | MAINTAIN_BASELINE_PRIVACY_BUDGET | 200
PRIV-01575 | 0.7039 | 0.3807 | 0.2259 | DATA_PRIVACY_SECURE | MAINTAIN_BASELINE_PRIVACY_BUDGET | 200
PRIV-01576 | 0.7724 | 3.2675 | 0.4424 | DATA_PRIVACY_SECURE | MAINTAIN_BASELINE_PRIVACY_BUDGET | 200
PRIV-01577 | 0.9716 | 1.3301 | 0.6607 | DATA_PRIVACY_SECURE | MAINTAIN_BASELINE_PRIVACY_BUDGET | 200
PRIV-01578 | 0.6033 | 1.5733 | 0.2285 | DATA_PRIVACY_SECURE | MAINTAIN_BASELINE_PRIVACY_BUDGET | 200
PRIV-01579 | 0.8441 | 0.2524 | 0.3091 | DATA_PRIVACY_SECURE | MAINTAIN_BASELINE_PRIVACY_BUDGET | 200
PRIV-01580 | 0.7303 | 1.7216 | 0.298 | DATA_PRIVACY_SECURE | MAINTAIN_BASELINE_PRIVACY_BUDGET | 200
PRIV-01581 | 0.7110 | 2.2623 | 0.3336 | DATA_PRIVACY_SECURE | MAINTAIN_BASELINE_PRIVACY_BUDGET | 200
PRIV-01582 | 0.9117 | 1.0017 | 0.6001 | DATA_PRIVACY_SECURE | MAINTAIN_BASELINE_PRIVACY_BUDGET | 200
PRIV-01583 | 0.7229 | 1.0248 | 0.2373 | DATA_PRIVACY_SECURE | MAINTAIN_BASELINE_PRIVACY_BUDGET | 200
PRIV-01584 | 0.7438 | 2.9389 | 0.3933 | DATA_PRIVACY_SECURE | MAINTAIN_BASELINE_PRIVACY_BUDGET | 200
PRIV-01585 | 0.5439 | 0.8357 | 0.1294 | DATA_PRIVACY_SECURE | MAINTAIN_BASELINE_PRIVACY_BUDGET | 200
PRIV-01586 | 0.7359 | 1.5370 | 0.3557 | DATA_PRIVACY_SECURE | MAINTAIN_BASELINE_PRIVACY_BUDGET | 200
PRIV-01587 | 0.5473 | 0.8658 | 0.1224 | DATA_PRIVACY_SECURE | MAINTAIN_BASELINE_PRIVACY_BUDGET | 200
PRIV-01588 | 0.9389 | 2.5884 | 0.755 | DATA_PRIVACY_SECURE | MAINTAIN_BASELINE_PRIVACY_BUDGET | 200
PRIV-01589 | 0.9588 | 2.5302 | 0.7832 | CRITICAL_MEMORIZATION_LEAK_HAZARD | TRIGGER_DYNAMIC_DIFFERENTIAL_PRIVACY_NOISE | 422
PRIV-01590 | 0.7125 | 0.4915 | 0.2279 | DATA_PRIVACY_SECURE | MAINTAIN_BASELINE_PRIVACY_BUDGET | 200
PRIV-01591 | 0.8741 | 0.3550 | 0.3497 | DATA_PRIVACY_SECURE | MAINTAIN_BASELINE_PRIVACY_BUDGET | 200
PRIV-01592 | 0.6532 | 2.7824 | 0.1456 | DATA_PRIVACY_SECURE | MAINTAIN_BASELINE_PRIVACY_BUDGET | 200
PRIV-01593 | 0.9004 | 2.4343 | 0.6886 | DATA_PRIVACY_SECURE | MAINTAIN_BASELINE_PRIVACY_BUDGET | 200
PRIV-01594 | 0.5177 | 3.2656 | 0.1698 | DATA_PRIVACY_SECURE | MAINTAIN_BASELINE_PRIVACY_BUDGET | 200
PRIV-01595 | 0.9240 | 0.4126 | 0.3802 | DATA_PRIVACY_SECURE | MAINTAIN_BASELINE_PRIVACY_BUDGET | 200
PRIV-01596 | 0.5144 | 0.4057 | 0.0413 | DATA_PRIVACY_SECURE | MAINTAIN_BASELINE_PRIVACY_BUDGET | 200
PRIV-01597 | 0.9177 | 0.2022 | 0.4501 | DATA_PRIVACY_SECURE | MAINTAIN_BASELINE_PRIVACY_BUDGET | 200
PRIV-01598 | 0.7865 | 1.1647 | 0.4531 | DATA_PRIVACY_SECURE | MAINTAIN_BASELINE_PRIVACY_BUDGET | 200
PRIV-01599 | 0.5767 | 3.2376 | 0.1854 | DATA_PRIVACY_SECURE | MAINTAIN_BASELINE_PRIVACY_BUDGET | 200
PRIV-01600 | 0.5702 | 3.2412 | 0.1493 | DATA_PRIVACY_SECURE | MAINTAIN_BASELINE_PRIVACY_BUDGET | 200
PRIV-01601 | 0.5131 | 0.8857 | 0.0883 | DATA_PRIVACY_SECURE | MAINTAIN_BASELINE_PRIVACY_BUDGET | 200
PRIV-01602 | 0.9750 | 3.3433 | 0.9504 | CRITICAL_MEMORIZATION_LEAK_HAZARD | TRIGGER_DYNAMIC_DIFFERENTIAL_PRIVACY_NOISE | 422
PRIV-01603 | 0.5950 | 2.2564 | 0.1648 | DATA_PRIVACY_SECURE | MAINTAIN_BASELINE_PRIVACY_BUDGET | 200
PRIV-01604 | 0.9427 | 0.6276 | 0.5142 | DATA_PRIVACY_SECURE | MAINTAIN_BASELINE_PRIVACY_BUDGET | 200
PRIV-01605 | 0.7006 | 2.5514 | 0.2997 | DATA_PRIVACY_SECURE | MAINTAIN_BASELINE_PRIVACY_BUDGET | 200
PRIV-01606 | 0.6869 | 3.4259 | 0.2757 | DATA_PRIVACY_SECURE | MAINTAIN_BASELINE_PRIVACY_BUDGET | 200
PRIV-01607 | 0.5985 | 3.4470 | 0.2127 | DATA_PRIVACY_SECURE | MAINTAIN_BASELINE_PRIVACY_BUDGET | 200
PRIV-01608 | 0.5222 | 3.3611 | 0.2026 | DATA_PRIVACY_SECURE | MAINTAIN_BASELINE_PRIVACY_BUDGET | 200
PRIV-01609 | 0.9953 | 0.5120 | 0.6294 | DATA_PRIVACY_SECURE | MAINTAIN_BASELINE_PRIVACY_BUDGET | 200
PRIV-01610 | 0.6221 | 2.6970 | 0.2155 | DATA_PRIVACY_SECURE | MAINTAIN_BASELINE_PRIVACY_BUDGET | 200
PRIV-01611 | 0.7016 | 1.2312 | 0.2557 | DATA_PRIVACY_SECURE | MAINTAIN_BASELINE_PRIVACY_BUDGET | 200
PRIV-01612 | 0.5513 | 1.9820 | 0.0848 | DATA_PRIVACY_SECURE | MAINTAIN_BASELINE_PRIVACY_BUDGET | 200
PRIV-01613 | 0.9947 | 0.9693 | 0.7489 | DATA_PRIVACY_SECURE | MAINTAIN_BASELINE_PRIVACY_BUDGET | 200
PRIV-01614 | 0.8090 | 2.1450 | 0.4709 | DATA_PRIVACY_SECURE | MAINTAIN_BASELINE_PRIVACY_BUDGET | 200
PRIV-01615 | 0.8236 | 0.2952 | 0.3131 | DATA_PRIVACY_SECURE | MAINTAIN_BASELINE_PRIVACY_BUDGET | 200
PRIV-01616 | 0.5016 | 2.6236 | 0.2454 | DATA_PRIVACY_SECURE | MAINTAIN_BASELINE_PRIVACY_BUDGET | 200
PRIV-01617 | 0.5791 | 0.6134 | 0.1379 | DATA_PRIVACY_SECURE | MAINTAIN_BASELINE_PRIVACY_BUDGET | 200
PRIV-01618 | 0.9080 | 2.2488 | 0.6471 | DATA_PRIVACY_SECURE | MAINTAIN_BASELINE_PRIVACY_BUDGET | 200
PRIV-01619 | 0.6694 | 0.5093 | 0.1703 | DATA_PRIVACY_SECURE | MAINTAIN_BASELINE_PRIVACY_BUDGET | 200
PRIV-01620 | 0.9046 | 1.8478 | 0.6853 | DATA_PRIVACY_SECURE | MAINTAIN_BASELINE_PRIVACY_BUDGET | 200
PRIV-01621 | 0.5483 | 3.1845 | 0.1628 | DATA_PRIVACY_SECURE | MAINTAIN_BASELINE_PRIVACY_BUDGET | 200
PRIV-01622 | 0.8884 | 0.2185 | 0.3312 | DATA_PRIVACY_SECURE | MAINTAIN_BASELINE_PRIVACY_BUDGET | 200
PRIV-01623 | 0.7275 | 3.2830 | 0.4079 | DATA_PRIVACY_SECURE | MAINTAIN_BASELINE_PRIVACY_BUDGET | 200
PRIV-01624 | 0.5821 | 0.5645 | 0.099 | DATA_PRIVACY_SECURE | MAINTAIN_BASELINE_PRIVACY_BUDGET | 200
PRIV-01625 | 0.5990 | 0.3937 | 0.2033 | DATA_PRIVACY_SECURE | MAINTAIN_BASELINE_PRIVACY_BUDGET | 200
PRIV-01626 | 0.6309 | 0.9874 | 0.2262 | DATA_PRIVACY_SECURE | MAINTAIN_BASELINE_PRIVACY_BUDGET | 200
PRIV-01627 | 0.5514 | 0.5565 | 0.0887 | DATA_PRIVACY_SECURE | MAINTAIN_BASELINE_PRIVACY_BUDGET | 200
PRIV-01628 | 0.7480 | 0.9563 | 0.3536 | DATA_PRIVACY_SECURE | MAINTAIN_BASELINE_PRIVACY_BUDGET | 200
PRIV-01629 | 0.5521 | 1.4168 | 0.1382 | DATA_PRIVACY_SECURE | MAINTAIN_BASELINE_PRIVACY_BUDGET | 200
PRIV-01630 | 0.8095 | 3.4217 | 0.5478 | DATA_PRIVACY_SECURE | MAINTAIN_BASELINE_PRIVACY_BUDGET | 200
PRIV-01631 | 0.7010 | 1.5133 | 0.3017 | DATA_PRIVACY_SECURE | MAINTAIN_BASELINE_PRIVACY_BUDGET | 200
PRIV-01632 | 0.8645 | 3.0969 | 0.5844 | DATA_PRIVACY_SECURE | MAINTAIN_BASELINE_PRIVACY_BUDGET | 200
PRIV-01633 | 0.9568 | 1.1070 | 0.6326 | DATA_PRIVACY_SECURE | MAINTAIN_BASELINE_PRIVACY_BUDGET | 200
PRIV-01634 | 0.5984 | 0.8808 | 0.1927 | DATA_PRIVACY_SECURE | MAINTAIN_BASELINE_PRIVACY_BUDGET | 200
PRIV-01635 | 0.5751 | 2.1306 | 0.1567 | DATA_PRIVACY_SECURE | MAINTAIN_BASELINE_PRIVACY_BUDGET | 200
PRIV-01636 | 0.8862 | 0.9969 | 0.4922 | DATA_PRIVACY_SECURE | MAINTAIN_BASELINE_PRIVACY_BUDGET | 200
PRIV-01637 | 0.9906 | 3.4439 | 0.9037 | CRITICAL_MEMORIZATION_LEAK_HAZARD | TRIGGER_DYNAMIC_DIFFERENTIAL_PRIVACY_NOISE | 422
PRIV-01638 | 0.9385 | 0.3160 | 0.4951 | DATA_PRIVACY_SECURE | MAINTAIN_BASELINE_PRIVACY_BUDGET | 200
PRIV-01639 | 0.5714 | 3.0066 | 0.2602 | DATA_PRIVACY_SECURE | MAINTAIN_BASELINE_PRIVACY_BUDGET | 200
PRIV-01640 | 0.5183 | 1.5660 | 0.0725 | DATA_PRIVACY_SECURE | MAINTAIN_BASELINE_PRIVACY_BUDGET | 200
PRIV-01641 | 0.6459 | 3.1533 | 0.2593 | DATA_PRIVACY_SECURE | MAINTAIN_BASELINE_PRIVACY_BUDGET | 200
PRIV-01642 | 0.8581 | 1.9570 | 0.6102 | DATA_PRIVACY_SECURE | MAINTAIN_BASELINE_PRIVACY_BUDGET | 200
PRIV-01643 | 0.8118 | 2.1464 | 0.4758 | DATA_PRIVACY_SECURE | MAINTAIN_BASELINE_PRIVACY_BUDGET | 200
PRIV-01644 | 0.7694 | 3.4378 | 0.4593 | DATA_PRIVACY_SECURE | MAINTAIN_BASELINE_PRIVACY_BUDGET | 200
PRIV-01645 | 0.8187 | 0.5463 | 0.305 | DATA_PRIVACY_SECURE | MAINTAIN_BASELINE_PRIVACY_BUDGET | 200
PRIV-01646 | 0.9066 | 2.7146 | 0.7159 | DATA_PRIVACY_SECURE | MAINTAIN_BASELINE_PRIVACY_BUDGET | 200
PRIV-01647 | 0.6209 | 1.3352 | 0.182 | DATA_PRIVACY_SECURE | MAINTAIN_BASELINE_PRIVACY_BUDGET | 200
PRIV-01648 | 0.7982 | 1.9802 | 0.4863 | DATA_PRIVACY_SECURE | MAINTAIN_BASELINE_PRIVACY_BUDGET | 200
PRIV-01649 | 0.7980 | 3.2562 | 0.5368 | DATA_PRIVACY_SECURE | MAINTAIN_BASELINE_PRIVACY_BUDGET | 200
PRIV-01650 | 0.6054 | 1.5736 | 0.2874 | DATA_PRIVACY_SECURE | MAINTAIN_BASELINE_PRIVACY_BUDGET | 200
PRIV-01651 | 0.5778 | 2.5593 | 0.2022 | DATA_PRIVACY_SECURE | MAINTAIN_BASELINE_PRIVACY_BUDGET | 200
PRIV-01652 | 0.7469 | 3.4638 | 0.417 | DATA_PRIVACY_SECURE | MAINTAIN_BASELINE_PRIVACY_BUDGET | 200
PRIV-01653 | 0.8570 | 0.1476 | 0.3457 | DATA_PRIVACY_SECURE | MAINTAIN_BASELINE_PRIVACY_BUDGET | 200
PRIV-01654 | 0.6238 | 1.0925 | 0.1676 | DATA_PRIVACY_SECURE | MAINTAIN_BASELINE_PRIVACY_BUDGET | 200
PRIV-01655 | 0.8956 | 0.8792 | 0.5213 | DATA_PRIVACY_SECURE | MAINTAIN_BASELINE_PRIVACY_BUDGET | 200
PRIV-01656 | 0.7636 | 1.9849 | 0.3796 | DATA_PRIVACY_SECURE | MAINTAIN_BASELINE_PRIVACY_BUDGET | 200
PRIV-01657 | 0.9407 | 2.5038 | 0.7762 | CRITICAL_MEMORIZATION_LEAK_HAZARD | TRIGGER_DYNAMIC_DIFFERENTIAL_PRIVACY_NOISE | 422
PRIV-01658 | 0.5713 | 2.0596 | 0.2181 | DATA_PRIVACY_SECURE | MAINTAIN_BASELINE_PRIVACY_BUDGET | 200
PRIV-01659 | 0.8307 | 1.6271 | 0.4388 | DATA_PRIVACY_SECURE | MAINTAIN_BASELINE_PRIVACY_BUDGET | 200
PRIV-01660 | 0.7605 | 2.2867 | 0.4448 | DATA_PRIVACY_SECURE | MAINTAIN_BASELINE_PRIVACY_BUDGET | 200
PRIV-01661 | 0.9116 | 3.4102 | 0.786 | CRITICAL_MEMORIZATION_LEAK_HAZARD | TRIGGER_DYNAMIC_DIFFERENTIAL_PRIVACY_NOISE | 422
PRIV-01662 | 0.8078 | 2.7271 | 0.49 | DATA_PRIVACY_SECURE | MAINTAIN_BASELINE_PRIVACY_BUDGET | 200
PRIV-01663 | 0.5751 | 2.7340 | 0.0937 | DATA_PRIVACY_SECURE | MAINTAIN_BASELINE_PRIVACY_BUDGET | 200
PRIV-01664 | 0.8085 | 3.3714 | 0.4867 | DATA_PRIVACY_SECURE | MAINTAIN_BASELINE_PRIVACY_BUDGET | 200
PRIV-01665 | 0.6369 | 0.6796 | 0.2234 | DATA_PRIVACY_SECURE | MAINTAIN_BASELINE_PRIVACY_BUDGET | 200
PRIV-01666 | 0.9037 | 3.3883 | 0.713 | DATA_PRIVACY_SECURE | MAINTAIN_BASELINE_PRIVACY_BUDGET | 200
PRIV-01667 | 0.7789 | 0.4312 | 0.2465 | DATA_PRIVACY_SECURE | MAINTAIN_BASELINE_PRIVACY_BUDGET | 200
PRIV-01668 | 0.7131 | 1.0760 | 0.2502 | DATA_PRIVACY_SECURE | MAINTAIN_BASELINE_PRIVACY_BUDGET | 200
PRIV-01669 | 0.8126 | 1.0675 | 0.4328 | DATA_PRIVACY_SECURE | MAINTAIN_BASELINE_PRIVACY_BUDGET | 200
PRIV-01670 | 0.9761 | 1.0001 | 0.7018 | DATA_PRIVACY_SECURE | MAINTAIN_BASELINE_PRIVACY_BUDGET | 200
PRIV-01671 | 0.9565 | 1.5824 | 0.7164 | DATA_PRIVACY_SECURE | MAINTAIN_BASELINE_PRIVACY_BUDGET | 200
PRIV-01672 | 0.9729 | 0.6435 | 0.589 | DATA_PRIVACY_SECURE | MAINTAIN_BASELINE_PRIVACY_BUDGET | 200
PRIV-01673 | 0.6337 | 2.7462 | 0.2235 | DATA_PRIVACY_SECURE | MAINTAIN_BASELINE_PRIVACY_BUDGET | 200
PRIV-01674 | 0.7004 | 0.1164 | 0.1449 | DATA_PRIVACY_SECURE | MAINTAIN_BASELINE_PRIVACY_BUDGET | 200
PRIV-01675 | 0.6960 | 1.6383 | 0.3469 | DATA_PRIVACY_SECURE | MAINTAIN_BASELINE_PRIVACY_BUDGET | 200
PRIV-01676 | 0.6705 | 2.5876 | 0.2675 | DATA_PRIVACY_SECURE | MAINTAIN_BASELINE_PRIVACY_BUDGET | 200
PRIV-01677 | 0.9570 | 2.9472 | 0.8814 | CRITICAL_MEMORIZATION_LEAK_HAZARD | TRIGGER_DYNAMIC_DIFFERENTIAL_PRIVACY_NOISE | 422
PRIV-01678 | 0.8440 | 1.8827 | 0.5826 | DATA_PRIVACY_SECURE | MAINTAIN_BASELINE_PRIVACY_BUDGET | 200
PRIV-01679 | 0.5666 | 2.0609 | 0.2013 | DATA_PRIVACY_SECURE | MAINTAIN_BASELINE_PRIVACY_BUDGET | 200
PRIV-01680 | 0.5526 | 1.4437 | 0.1193 | DATA_PRIVACY_SECURE | MAINTAIN_BASELINE_PRIVACY_BUDGET | 200
PRIV-01681 | 0.5357 | 2.9632 | 0.1623 | DATA_PRIVACY_SECURE | MAINTAIN_BASELINE_PRIVACY_BUDGET | 200
PRIV-01682 | 0.6493 | 3.3439 | 0.2635 | DATA_PRIVACY_SECURE | MAINTAIN_BASELINE_PRIVACY_BUDGET | 200
PRIV-01683 | 0.9866 | 2.1861 | 0.8272 | CRITICAL_MEMORIZATION_LEAK_HAZARD | TRIGGER_DYNAMIC_DIFFERENTIAL_PRIVACY_NOISE | 422
PRIV-01684 | 0.6924 | 2.2703 | 0.3138 | DATA_PRIVACY_SECURE | MAINTAIN_BASELINE_PRIVACY_BUDGET | 200
PRIV-01685 | 0.9644 | 3.1121 | 0.8116 | CRITICAL_MEMORIZATION_LEAK_HAZARD | TRIGGER_DYNAMIC_DIFFERENTIAL_PRIVACY_NOISE | 422
PRIV-01686 | 0.5948 | 1.0490 | 0.2034 | DATA_PRIVACY_SECURE | MAINTAIN_BASELINE_PRIVACY_BUDGET | 200
PRIV-01687 | 0.7866 | 1.8728 | 0.4032 | DATA_PRIVACY_SECURE | MAINTAIN_BASELINE_PRIVACY_BUDGET | 200
PRIV-01688 | 0.8447 | 1.3223 | 0.4839 | DATA_PRIVACY_SECURE | MAINTAIN_BASELINE_PRIVACY_BUDGET | 200
PRIV-01689 | 0.9527 | 1.4759 | 0.7152 | DATA_PRIVACY_SECURE | MAINTAIN_BASELINE_PRIVACY_BUDGET | 200
PRIV-01690 | 0.9674 | 1.4645 | 0.7249 | DATA_PRIVACY_SECURE | MAINTAIN_BASELINE_PRIVACY_BUDGET | 200
PRIV-01691 | 0.7852 | 2.8102 | 0.4801 | DATA_PRIVACY_SECURE | MAINTAIN_BASELINE_PRIVACY_BUDGET | 200
PRIV-01692 | 0.7774 | 1.2422 | 0.3455 | DATA_PRIVACY_SECURE | MAINTAIN_BASELINE_PRIVACY_BUDGET | 200
PRIV-01693 | 0.7231 | 1.6672 | 0.3528 | DATA_PRIVACY_SECURE | MAINTAIN_BASELINE_PRIVACY_BUDGET | 200
PRIV-01694 | 0.9603 | 2.4892 | 0.7638 | CRITICAL_MEMORIZATION_LEAK_HAZARD | TRIGGER_DYNAMIC_DIFFERENTIAL_PRIVACY_NOISE | 422
PRIV-01695 | 0.5187 | 0.6551 | 0.0969 | DATA_PRIVACY_SECURE | MAINTAIN_BASELINE_PRIVACY_BUDGET | 200
PRIV-01696 | 0.8076 | 0.9738 | 0.4599 | DATA_PRIVACY_SECURE | MAINTAIN_BASELINE_PRIVACY_BUDGET | 200
PRIV-01697 | 0.7510 | 2.2280 | 0.3424 | DATA_PRIVACY_SECURE | MAINTAIN_BASELINE_PRIVACY_BUDGET | 200
PRIV-01698 | 0.5636 | 1.3962 | 0.1164 | DATA_PRIVACY_SECURE | MAINTAIN_BASELINE_PRIVACY_BUDGET | 200
PRIV-01699 | 0.8731 | 2.4785 | 0.6345 | DATA_PRIVACY_SECURE | MAINTAIN_BASELINE_PRIVACY_BUDGET | 200
PRIV-01700 | 0.8195 | 2.7933 | 0.5258 | DATA_PRIVACY_SECURE | MAINTAIN_BASELINE_PRIVACY_BUDGET | 200
PRIV-01701 | 0.5655 | 3.4807 | 0.1895 | DATA_PRIVACY_SECURE | MAINTAIN_BASELINE_PRIVACY_BUDGET | 200
PRIV-01702 | 0.7278 | 2.1019 | 0.3631 | DATA_PRIVACY_SECURE | MAINTAIN_BASELINE_PRIVACY_BUDGET | 200
PRIV-01703 | 0.5968 | 2.2149 | 0.217 | DATA_PRIVACY_SECURE | MAINTAIN_BASELINE_PRIVACY_BUDGET | 200
PRIV-01704 | 0.8362 | 1.5748 | 0.5287 | DATA_PRIVACY_SECURE | MAINTAIN_BASELINE_PRIVACY_BUDGET | 200
PRIV-01705 | 0.6566 | 1.5563 | 0.2502 | DATA_PRIVACY_SECURE | MAINTAIN_BASELINE_PRIVACY_BUDGET | 200
PRIV-01706 | 0.7296 | 3.3565 | 0.3656 | DATA_PRIVACY_SECURE | MAINTAIN_BASELINE_PRIVACY_BUDGET | 200
PRIV-01707 | 0.7736 | 0.3273 | 0.2959 | DATA_PRIVACY_SECURE | MAINTAIN_BASELINE_PRIVACY_BUDGET | 200
PRIV-01708 | 0.5198 | 1.1054 | 0.1815 | DATA_PRIVACY_SECURE | MAINTAIN_BASELINE_PRIVACY_BUDGET | 200
PRIV-01709 | 0.6058 | 0.1623 | 0.1149 | DATA_PRIVACY_SECURE | MAINTAIN_BASELINE_PRIVACY_BUDGET | 200
PRIV-01710 | 0.8145 | 1.2573 | 0.3818 | DATA_PRIVACY_SECURE | MAINTAIN_BASELINE_PRIVACY_BUDGET | 200
PRIV-01711 | 0.6878 | 1.7776 | 0.3226 | DATA_PRIVACY_SECURE | MAINTAIN_BASELINE_PRIVACY_BUDGET | 200
PRIV-01712 | 0.9914 | 1.3787 | 0.7736 | CRITICAL_MEMORIZATION_LEAK_HAZARD | TRIGGER_DYNAMIC_DIFFERENTIAL_PRIVACY_NOISE | 422
PRIV-01713 | 0.7006 | 3.3509 | 0.2453 | DATA_PRIVACY_SECURE | MAINTAIN_BASELINE_PRIVACY_BUDGET | 200
PRIV-01714 | 0.7061 | 1.5142 | 0.3224 | DATA_PRIVACY_SECURE | MAINTAIN_BASELINE_PRIVACY_BUDGET | 200
PRIV-01715 | 0.9980 | 0.8409 | 0.673 | DATA_PRIVACY_SECURE | MAINTAIN_BASELINE_PRIVACY_BUDGET | 200
PRIV-01716 | 0.6826 | 2.6434 | 0.2933 | DATA_PRIVACY_SECURE | MAINTAIN_BASELINE_PRIVACY_BUDGET | 200
PRIV-01717 | 0.9613 | 1.0241 | 0.6669 | DATA_PRIVACY_SECURE | MAINTAIN_BASELINE_PRIVACY_BUDGET | 200
PRIV-01718 | 0.6418 | 3.0736 | 0.2603 | DATA_PRIVACY_SECURE | MAINTAIN_BASELINE_PRIVACY_BUDGET | 200
PRIV-01719 | 0.6841 | 0.6845 | 0.2412 | DATA_PRIVACY_SECURE | MAINTAIN_BASELINE_PRIVACY_BUDGET | 200
PRIV-01720 | 0.6172 | 1.8348 | 0.1854 | DATA_PRIVACY_SECURE | MAINTAIN_BASELINE_PRIVACY_BUDGET | 200
PRIV-01721 | 0.8195 | 3.2848 | 0.551 | DATA_PRIVACY_SECURE | MAINTAIN_BASELINE_PRIVACY_BUDGET | 200
PRIV-01722 | 0.5041 | 0.6106 | 0.0726 | DATA_PRIVACY_SECURE | MAINTAIN_BASELINE_PRIVACY_BUDGET | 200
PRIV-01723 | 0.9997 | 1.4562 | 0.8399 | CRITICAL_MEMORIZATION_LEAK_HAZARD | TRIGGER_DYNAMIC_DIFFERENTIAL_PRIVACY_NOISE | 422
PRIV-01724 | 0.6490 | 2.4452 | 0.2762 | DATA_PRIVACY_SECURE | MAINTAIN_BASELINE_PRIVACY_BUDGET | 200
PRIV-01725 | 0.6159 | 3.2484 | 0.1875 | DATA_PRIVACY_SECURE | MAINTAIN_BASELINE_PRIVACY_BUDGET | 200
PRIV-01726 | 0.9411 | 1.0247 | 0.6568 | DATA_PRIVACY_SECURE | MAINTAIN_BASELINE_PRIVACY_BUDGET | 200
PRIV-01727 | 0.8918 | 2.2039 | 0.6173 | DATA_PRIVACY_SECURE | MAINTAIN_BASELINE_PRIVACY_BUDGET | 200
PRIV-01728 | 0.6383 | 0.4101 | 0.1886 | DATA_PRIVACY_SECURE | MAINTAIN_BASELINE_PRIVACY_BUDGET | 200
PRIV-01729 | 0.7059 | 2.5812 | 0.3417 | DATA_PRIVACY_SECURE | MAINTAIN_BASELINE_PRIVACY_BUDGET | 200
PRIV-01730 | 0.6373 | 0.8102 | 0.2527 | DATA_PRIVACY_SECURE | MAINTAIN_BASELINE_PRIVACY_BUDGET | 200
PRIV-01731 | 0.7029 | 0.5922 | 0.2147 | DATA_PRIVACY_SECURE | MAINTAIN_BASELINE_PRIVACY_BUDGET | 200
PRIV-01732 | 0.8678 | 3.4646 | 0.6196 | DATA_PRIVACY_SECURE | MAINTAIN_BASELINE_PRIVACY_BUDGET | 200
PRIV-01733 | 0.5525 | 2.1275 | 0.1499 | DATA_PRIVACY_SECURE | MAINTAIN_BASELINE_PRIVACY_BUDGET | 200
PRIV-01734 | 0.6470 | 0.7126 | 0.1696 | DATA_PRIVACY_SECURE | MAINTAIN_BASELINE_PRIVACY_BUDGET | 200
PRIV-01735 | 0.5183 | 0.8602 | 0.1298 | DATA_PRIVACY_SECURE | MAINTAIN_BASELINE_PRIVACY_BUDGET | 200
PRIV-01736 | 0.8005 | 1.3409 | 0.3419 | DATA_PRIVACY_SECURE | MAINTAIN_BASELINE_PRIVACY_BUDGET | 200
PRIV-01737 | 0.7540 | 0.7706 | 0.2509 | DATA_PRIVACY_SECURE | MAINTAIN_BASELINE_PRIVACY_BUDGET | 200
PRIV-01738 | 0.6525 | 3.3272 | 0.2254 | DATA_PRIVACY_SECURE | MAINTAIN_BASELINE_PRIVACY_BUDGET | 200
PRIV-01739 | 0.7711 | 0.8079 | 0.3551 | DATA_PRIVACY_SECURE | MAINTAIN_BASELINE_PRIVACY_BUDGET | 200
PRIV-01740 | 0.7439 | 0.2954 | 0.3044 | DATA_PRIVACY_SECURE | MAINTAIN_BASELINE_PRIVACY_BUDGET | 200
PRIV-01741 | 0.7458 | 3.1323 | 0.3933 | DATA_PRIVACY_SECURE | MAINTAIN_BASELINE_PRIVACY_BUDGET | 200
PRIV-01742 | 0.6798 | 1.0168 | 0.2239 | DATA_PRIVACY_SECURE | MAINTAIN_BASELINE_PRIVACY_BUDGET | 200
PRIV-01743 | 0.7612 | 1.9709 | 0.39 | DATA_PRIVACY_SECURE | MAINTAIN_BASELINE_PRIVACY_BUDGET | 200
PRIV-01744 | 0.8199 | 2.0203 | 0.5331 | DATA_PRIVACY_SECURE | MAINTAIN_BASELINE_PRIVACY_BUDGET | 200
PRIV-01745 | 0.7136 | 0.6727 | 0.2035 | DATA_PRIVACY_SECURE | MAINTAIN_BASELINE_PRIVACY_BUDGET | 200
PRIV-01746 | 0.8111 | 3.1816 | 0.5219 | DATA_PRIVACY_SECURE | MAINTAIN_BASELINE_PRIVACY_BUDGET | 200
PRIV-01747 | 0.6095 | 1.1799 | 0.2122 | DATA_PRIVACY_SECURE | MAINTAIN_BASELINE_PRIVACY_BUDGET | 200
PRIV-01748 | 0.8068 | 3.2453 | 0.5256 | DATA_PRIVACY_SECURE | MAINTAIN_BASELINE_PRIVACY_BUDGET | 200
PRIV-01749 | 0.8646 | 2.2039 | 0.5896 | DATA_PRIVACY_SECURE | MAINTAIN_BASELINE_PRIVACY_BUDGET | 200
PRIV-01750 | 0.7085 | 2.1286 | 0.3579 | DATA_PRIVACY_SECURE | MAINTAIN_BASELINE_PRIVACY_BUDGET | 200
PRIV-01751 | 0.7705 | 0.5373 | 0.1806 | DATA_PRIVACY_SECURE | MAINTAIN_BASELINE_PRIVACY_BUDGET | 200
PRIV-01752 | 0.6763 | 2.2664 | 0.3074 | DATA_PRIVACY_SECURE | MAINTAIN_BASELINE_PRIVACY_BUDGET | 200
PRIV-01753 | 0.9653 | 1.0778 | 0.645 | DATA_PRIVACY_SECURE | MAINTAIN_BASELINE_PRIVACY_BUDGET | 200
PRIV-01754 | 0.9374 | 1.1875 | 0.558 | DATA_PRIVACY_SECURE | MAINTAIN_BASELINE_PRIVACY_BUDGET | 200
PRIV-01755 | 0.6926 | 3.1387 | 0.3388 | DATA_PRIVACY_SECURE | MAINTAIN_BASELINE_PRIVACY_BUDGET | 200
PRIV-01756 | 0.7352 | 0.7551 | 0.3253 | DATA_PRIVACY_SECURE | MAINTAIN_BASELINE_PRIVACY_BUDGET | 200
PRIV-01757 | 0.7677 | 2.8648 | 0.4225 | DATA_PRIVACY_SECURE | MAINTAIN_BASELINE_PRIVACY_BUDGET | 200
PRIV-01758 | 0.5863 | 3.0031 | 0.2301 | DATA_PRIVACY_SECURE | MAINTAIN_BASELINE_PRIVACY_BUDGET | 200
PRIV-01759 | 0.5276 | 0.9352 | 0.17 | DATA_PRIVACY_SECURE | MAINTAIN_BASELINE_PRIVACY_BUDGET | 200
PRIV-01760 | 0.9119 | 2.8542 | 0.7696 | CRITICAL_MEMORIZATION_LEAK_HAZARD | TRIGGER_DYNAMIC_DIFFERENTIAL_PRIVACY_NOISE | 422
PRIV-01761 | 0.8575 | 0.2037 | 0.4128 | DATA_PRIVACY_SECURE | MAINTAIN_BASELINE_PRIVACY_BUDGET | 200
PRIV-01762 | 0.9816 | 0.2041 | 0.5506 | DATA_PRIVACY_SECURE | MAINTAIN_BASELINE_PRIVACY_BUDGET | 200
PRIV-01763 | 0.9520 | 2.4195 | 0.7953 | CRITICAL_MEMORIZATION_LEAK_HAZARD | TRIGGER_DYNAMIC_DIFFERENTIAL_PRIVACY_NOISE | 422
PRIV-01764 | 0.6183 | 1.0339 | 0.1103 | DATA_PRIVACY_SECURE | MAINTAIN_BASELINE_PRIVACY_BUDGET | 200
PRIV-01765 | 0.9389 | 1.4382 | 0.6591 | DATA_PRIVACY_SECURE | MAINTAIN_BASELINE_PRIVACY_BUDGET | 200
PRIV-01766 | 0.9086 | 1.4002 | 0.5681 | DATA_PRIVACY_SECURE | MAINTAIN_BASELINE_PRIVACY_BUDGET | 200
PRIV-01767 | 0.5195 | 0.9014 | 0.1866 | DATA_PRIVACY_SECURE | MAINTAIN_BASELINE_PRIVACY_BUDGET | 200
PRIV-01768 | 0.6364 | 0.3041 | 0.1413 | DATA_PRIVACY_SECURE | MAINTAIN_BASELINE_PRIVACY_BUDGET | 200
PRIV-01769 | 0.7464 | 2.0331 | 0.3726 | DATA_PRIVACY_SECURE | MAINTAIN_BASELINE_PRIVACY_BUDGET | 200
PRIV-01770 | 0.9302 | 1.6415 | 0.6962 | DATA_PRIVACY_SECURE | MAINTAIN_BASELINE_PRIVACY_BUDGET | 200
PRIV-01771 | 0.5386 | 1.3838 | 0.1267 | DATA_PRIVACY_SECURE | MAINTAIN_BASELINE_PRIVACY_BUDGET | 200
PRIV-01772 | 0.9508 | 1.8293 | 0.8083 | CRITICAL_MEMORIZATION_LEAK_HAZARD | TRIGGER_DYNAMIC_DIFFERENTIAL_PRIVACY_NOISE | 422
PRIV-01773 | 0.6468 | 2.9514 | 0.2323 | DATA_PRIVACY_SECURE | MAINTAIN_BASELINE_PRIVACY_BUDGET | 200
PRIV-01774 | 0.8768 | 1.9758 | 0.5997 | DATA_PRIVACY_SECURE | MAINTAIN_BASELINE_PRIVACY_BUDGET | 200
PRIV-01775 | 0.8231 | 0.5817 | 0.328 | DATA_PRIVACY_SECURE | MAINTAIN_BASELINE_PRIVACY_BUDGET | 200
PRIV-01776 | 0.9155 | 0.2357 | 0.3759 | DATA_PRIVACY_SECURE | MAINTAIN_BASELINE_PRIVACY_BUDGET | 200
PRIV-01777 | 0.9014 | 1.9204 | 0.6143 | DATA_PRIVACY_SECURE | MAINTAIN_BASELINE_PRIVACY_BUDGET | 200
PRIV-01778 | 0.8500 | 2.6325 | 0.5714 | DATA_PRIVACY_SECURE | MAINTAIN_BASELINE_PRIVACY_BUDGET | 200
PRIV-01779 | 0.9598 | 0.4934 | 0.5319 | DATA_PRIVACY_SECURE | MAINTAIN_BASELINE_PRIVACY_BUDGET | 200
PRIV-01780 | 0.8021 | 1.4889 | 0.3934 | DATA_PRIVACY_SECURE | MAINTAIN_BASELINE_PRIVACY_BUDGET | 200
PRIV-01781 | 0.7797 | 2.3725 | 0.3773 | DATA_PRIVACY_SECURE | MAINTAIN_BASELINE_PRIVACY_BUDGET | 200
PRIV-01782 | 0.7078 | 3.4362 | 0.3402 | DATA_PRIVACY_SECURE | MAINTAIN_BASELINE_PRIVACY_BUDGET | 200
PRIV-01783 | 0.7601 | 2.8254 | 0.3544 | DATA_PRIVACY_SECURE | MAINTAIN_BASELINE_PRIVACY_BUDGET | 200
PRIV-01784 | 0.9724 | 2.9864 | 0.9058 | CRITICAL_MEMORIZATION_LEAK_HAZARD | TRIGGER_DYNAMIC_DIFFERENTIAL_PRIVACY_NOISE | 422
PRIV-01785 | 0.9509 | 0.7913 | 0.5949 | DATA_PRIVACY_SECURE | MAINTAIN_BASELINE_PRIVACY_BUDGET | 200
PRIV-01786 | 0.5651 | 2.5929 | 0.1096 | DATA_PRIVACY_SECURE | MAINTAIN_BASELINE_PRIVACY_BUDGET | 200
PRIV-01787 | 0.9974 | 2.3133 | 0.8904 | CRITICAL_MEMORIZATION_LEAK_HAZARD | TRIGGER_DYNAMIC_DIFFERENTIAL_PRIVACY_NOISE | 422
PRIV-01788 | 0.8362 | 0.1899 | 0.29 | DATA_PRIVACY_SECURE | MAINTAIN_BASELINE_PRIVACY_BUDGET | 200
PRIV-01789 | 0.9750 | 2.9069 | 0.8917 | CRITICAL_MEMORIZATION_LEAK_HAZARD | TRIGGER_DYNAMIC_DIFFERENTIAL_PRIVACY_NOISE | 422
PRIV-01790 | 0.5930 | 0.8615 | 0.2002 | DATA_PRIVACY_SECURE | MAINTAIN_BASELINE_PRIVACY_BUDGET | 200
PRIV-01791 | 0.9032 | 2.5503 | 0.6084 | DATA_PRIVACY_SECURE | MAINTAIN_BASELINE_PRIVACY_BUDGET | 200
PRIV-01792 | 0.7524 | 1.9105 | 0.3756 | DATA_PRIVACY_SECURE | MAINTAIN_BASELINE_PRIVACY_BUDGET | 200
PRIV-01793 | 0.6683 | 3.3115 | 0.2816 | DATA_PRIVACY_SECURE | MAINTAIN_BASELINE_PRIVACY_BUDGET | 200
PRIV-01794 | 0.7605 | 3.0893 | 0.4475 | DATA_PRIVACY_SECURE | MAINTAIN_BASELINE_PRIVACY_BUDGET | 200
PRIV-01795 | 0.8509 | 2.5083 | 0.5783 | DATA_PRIVACY_SECURE | MAINTAIN_BASELINE_PRIVACY_BUDGET | 200
PRIV-01796 | 0.5373 | 0.2501 | 0.0571 | DATA_PRIVACY_SECURE | MAINTAIN_BASELINE_PRIVACY_BUDGET | 200
PRIV-01797 | 0.5068 | 1.7957 | 0.0989 | DATA_PRIVACY_SECURE | MAINTAIN_BASELINE_PRIVACY_BUDGET | 200
PRIV-01798 | 0.5268 | 2.2566 | 0.1005 | DATA_PRIVACY_SECURE | MAINTAIN_BASELINE_PRIVACY_BUDGET | 200
PRIV-01799 | 0.7407 | 2.8591 | 0.4273 | DATA_PRIVACY_SECURE | MAINTAIN_BASELINE_PRIVACY_BUDGET | 200
PRIV-01800 | 0.7830 | 2.5386 | 0.4458 | DATA_PRIVACY_SECURE | MAINTAIN_BASELINE_PRIVACY_BUDGET | 200
PRIV-01801 | 0.8668 | 3.2839 | 0.7037 | DATA_PRIVACY_SECURE | MAINTAIN_BASELINE_PRIVACY_BUDGET | 200
PRIV-01802 | 0.5561 | 0.9331 | 0.121 | DATA_PRIVACY_SECURE | MAINTAIN_BASELINE_PRIVACY_BUDGET | 200
PRIV-01803 | 0.6550 | 1.3954 | 0.1969 | DATA_PRIVACY_SECURE | MAINTAIN_BASELINE_PRIVACY_BUDGET | 200
PRIV-01804 | 0.5842 | 0.6797 | 0.0718 | DATA_PRIVACY_SECURE | MAINTAIN_BASELINE_PRIVACY_BUDGET | 200
PRIV-01805 | 0.7629 | 1.2173 | 0.2705 | DATA_PRIVACY_SECURE | MAINTAIN_BASELINE_PRIVACY_BUDGET | 200
PRIV-01806 | 0.9748 | 1.7953 | 0.731 | DATA_PRIVACY_SECURE | MAINTAIN_BASELINE_PRIVACY_BUDGET | 200
PRIV-01807 | 0.9658 | 1.1617 | 0.6969 | DATA_PRIVACY_SECURE | MAINTAIN_BASELINE_PRIVACY_BUDGET | 200
PRIV-01808 | 0.8287 | 2.0479 | 0.5244 | DATA_PRIVACY_SECURE | MAINTAIN_BASELINE_PRIVACY_BUDGET | 200
PRIV-01809 | 0.7810 | 1.6206 | 0.3345 | DATA_PRIVACY_SECURE | MAINTAIN_BASELINE_PRIVACY_BUDGET | 200
PRIV-01810 | 0.5092 | 2.8267 | 0.1604 | DATA_PRIVACY_SECURE | MAINTAIN_BASELINE_PRIVACY_BUDGET | 200
PRIV-01811 | 0.6571 | 2.1762 | 0.2355 | DATA_PRIVACY_SECURE | MAINTAIN_BASELINE_PRIVACY_BUDGET | 200
PRIV-01812 | 0.6795 | 2.0677 | 0.2844 | DATA_PRIVACY_SECURE | MAINTAIN_BASELINE_PRIVACY_BUDGET | 200
PRIV-01813 | 0.5405 | 2.9135 | 0.2143 | DATA_PRIVACY_SECURE | MAINTAIN_BASELINE_PRIVACY_BUDGET | 200
PRIV-01814 | 0.9735 | 1.1035 | 0.7286 | DATA_PRIVACY_SECURE | MAINTAIN_BASELINE_PRIVACY_BUDGET | 200
PRIV-01815 | 0.6560 | 2.3998 | 0.2481 | DATA_PRIVACY_SECURE | MAINTAIN_BASELINE_PRIVACY_BUDGET | 200
PRIV-01816 | 0.5466 | 2.4120 | 0.1143 | DATA_PRIVACY_SECURE | MAINTAIN_BASELINE_PRIVACY_BUDGET | 200
PRIV-01817 | 0.5201 | 2.3930 | 0.0428 | DATA_PRIVACY_SECURE | MAINTAIN_BASELINE_PRIVACY_BUDGET | 200
PRIV-01818 | 0.8601 | 2.6234 | 0.5644 | DATA_PRIVACY_SECURE | MAINTAIN_BASELINE_PRIVACY_BUDGET | 200
PRIV-01819 | 0.7550 | 2.5727 | 0.3914 | DATA_PRIVACY_SECURE | MAINTAIN_BASELINE_PRIVACY_BUDGET | 200
PRIV-01820 | 0.6599 | 3.0523 | 0.2349 | DATA_PRIVACY_SECURE | MAINTAIN_BASELINE_PRIVACY_BUDGET | 200
PRIV-01821 | 0.6490 | 0.8696 | 0.1874 | DATA_PRIVACY_SECURE | MAINTAIN_BASELINE_PRIVACY_BUDGET | 200
PRIV-01822 | 0.5069 | 1.1161 | 0.1012 | DATA_PRIVACY_SECURE | MAINTAIN_BASELINE_PRIVACY_BUDGET | 200
PRIV-01823 | 0.6022 | 1.7001 | 0.1757 | DATA_PRIVACY_SECURE | MAINTAIN_BASELINE_PRIVACY_BUDGET | 200
PRIV-01824 | 0.8095 | 2.7635 | 0.473 | DATA_PRIVACY_SECURE | MAINTAIN_BASELINE_PRIVACY_BUDGET | 200
PRIV-01825 | 0.9784 | 2.2815 | 0.8566 | CRITICAL_MEMORIZATION_LEAK_HAZARD | TRIGGER_DYNAMIC_DIFFERENTIAL_PRIVACY_NOISE | 422
PRIV-01826 | 0.7093 | 2.8113 | 0.3544 | DATA_PRIVACY_SECURE | MAINTAIN_BASELINE_PRIVACY_BUDGET | 200
PRIV-01827 | 0.6474 | 3.3125 | 0.2182 | DATA_PRIVACY_SECURE | MAINTAIN_BASELINE_PRIVACY_BUDGET | 200
PRIV-01828 | 0.7260 | 2.3317 | 0.4052 | DATA_PRIVACY_SECURE | MAINTAIN_BASELINE_PRIVACY_BUDGET | 200
PRIV-01829 | 0.9474 | 1.6364 | 0.708 | DATA_PRIVACY_SECURE | MAINTAIN_BASELINE_PRIVACY_BUDGET | 200
PRIV-01830 | 0.8762 | 0.9272 | 0.4828 | DATA_PRIVACY_SECURE | MAINTAIN_BASELINE_PRIVACY_BUDGET | 200
PRIV-01831 | 0.7786 | 1.0279 | 0.376 | DATA_PRIVACY_SECURE | MAINTAIN_BASELINE_PRIVACY_BUDGET | 200
PRIV-01832 | 0.6189 | 0.8571 | 0.1757 | DATA_PRIVACY_SECURE | MAINTAIN_BASELINE_PRIVACY_BUDGET | 200
PRIV-01833 | 0.5411 | 0.2480 | 0.1271 | DATA_PRIVACY_SECURE | MAINTAIN_BASELINE_PRIVACY_BUDGET | 200
PRIV-01834 | 0.6103 | 2.1426 | 0.2149 | DATA_PRIVACY_SECURE | MAINTAIN_BASELINE_PRIVACY_BUDGET | 200
PRIV-01835 | 0.5358 | 2.4703 | 0.1173 | DATA_PRIVACY_SECURE | MAINTAIN_BASELINE_PRIVACY_BUDGET | 200
PRIV-01836 | 0.8837 | 3.3519 | 0.6812 | DATA_PRIVACY_SECURE | MAINTAIN_BASELINE_PRIVACY_BUDGET | 200
PRIV-01837 | 0.6753 | 1.2044 | 0.1912 | DATA_PRIVACY_SECURE | MAINTAIN_BASELINE_PRIVACY_BUDGET | 200
PRIV-01838 | 0.7893 | 1.2133 | 0.3835 | DATA_PRIVACY_SECURE | MAINTAIN_BASELINE_PRIVACY_BUDGET | 200
PRIV-01839 | 0.5723 | 2.0936 | 0.1655 | DATA_PRIVACY_SECURE | MAINTAIN_BASELINE_PRIVACY_BUDGET | 200
PRIV-01840 | 0.6382 | 2.0095 | 0.2209 | DATA_PRIVACY_SECURE | MAINTAIN_BASELINE_PRIVACY_BUDGET | 200
PRIV-01841 | 0.6266 | 0.1691 | 0.1283 | DATA_PRIVACY_SECURE | MAINTAIN_BASELINE_PRIVACY_BUDGET | 200
PRIV-01842 | 0.5315 | 3.3824 | 0.07 | DATA_PRIVACY_SECURE | MAINTAIN_BASELINE_PRIVACY_BUDGET | 200
PRIV-01843 | 0.6839 | 3.3196 | 0.2867 | DATA_PRIVACY_SECURE | MAINTAIN_BASELINE_PRIVACY_BUDGET | 200
PRIV-01844 | 0.7037 | 1.1498 | 0.2683 | DATA_PRIVACY_SECURE | MAINTAIN_BASELINE_PRIVACY_BUDGET | 200
PRIV-01845 | 0.6725 | 2.1679 | 0.2793 | DATA_PRIVACY_SECURE | MAINTAIN_BASELINE_PRIVACY_BUDGET | 200
PRIV-01846 | 0.5238 | 2.5596 | 0.0923 | DATA_PRIVACY_SECURE | MAINTAIN_BASELINE_PRIVACY_BUDGET | 200
PRIV-01847 | 0.8983 | 2.2292 | 0.7052 | DATA_PRIVACY_SECURE | MAINTAIN_BASELINE_PRIVACY_BUDGET | 200
PRIV-01848 | 0.6341 | 0.6030 | 0.1302 | DATA_PRIVACY_SECURE | MAINTAIN_BASELINE_PRIVACY_BUDGET | 200
PRIV-01849 | 0.9523 | 0.5536 | 0.5872 | DATA_PRIVACY_SECURE | MAINTAIN_BASELINE_PRIVACY_BUDGET | 200
PRIV-01850 | 0.8063 | 1.3356 | 0.4321 | DATA_PRIVACY_SECURE | MAINTAIN_BASELINE_PRIVACY_BUDGET | 200
PRIV-01851 | 0.7216 | 2.3461 | 0.317 | DATA_PRIVACY_SECURE | MAINTAIN_BASELINE_PRIVACY_BUDGET | 200
PRIV-01852 | 0.9846 | 2.5033 | 0.9534 | CRITICAL_MEMORIZATION_LEAK_HAZARD | TRIGGER_DYNAMIC_DIFFERENTIAL_PRIVACY_NOISE | 422
PRIV-01853 | 0.8116 | 3.4278 | 0.47 | DATA_PRIVACY_SECURE | MAINTAIN_BASELINE_PRIVACY_BUDGET | 200
PRIV-01854 | 0.5495 | 0.2317 | 0.1293 | DATA_PRIVACY_SECURE | MAINTAIN_BASELINE_PRIVACY_BUDGET | 200
PRIV-01855 | 0.6979 | 3.3948 | 0.3689 | DATA_PRIVACY_SECURE | MAINTAIN_BASELINE_PRIVACY_BUDGET | 200
PRIV-01856 | 0.6119 | 1.9633 | 0.1741 | DATA_PRIVACY_SECURE | MAINTAIN_BASELINE_PRIVACY_BUDGET | 200
PRIV-01857 | 0.6015 | 0.6176 | 0.1971 | DATA_PRIVACY_SECURE | MAINTAIN_BASELINE_PRIVACY_BUDGET | 200
PRIV-01858 | 0.6512 | 1.3134 | 0.2076 | DATA_PRIVACY_SECURE | MAINTAIN_BASELINE_PRIVACY_BUDGET | 200
PRIV-01859 | 0.6684 | 0.4621 | 0.1947 | DATA_PRIVACY_SECURE | MAINTAIN_BASELINE_PRIVACY_BUDGET | 200
PRIV-01860 | 0.9303 | 1.6353 | 0.6842 | DATA_PRIVACY_SECURE | MAINTAIN_BASELINE_PRIVACY_BUDGET | 200
PRIV-01861 | 0.5512 | 1.8313 | 0.139 | DATA_PRIVACY_SECURE | MAINTAIN_BASELINE_PRIVACY_BUDGET | 200
PRIV-01862 | 0.8688 | 1.3868 | 0.5571 | DATA_PRIVACY_SECURE | MAINTAIN_BASELINE_PRIVACY_BUDGET | 200
PRIV-01863 | 0.7062 | 2.0126 | 0.3424 | DATA_PRIVACY_SECURE | MAINTAIN_BASELINE_PRIVACY_BUDGET | 200
PRIV-01864 | 0.7382 | 0.1429 | 0.1455 | DATA_PRIVACY_SECURE | MAINTAIN_BASELINE_PRIVACY_BUDGET | 200
PRIV-01865 | 0.6904 | 2.4086 | 0.3541 | DATA_PRIVACY_SECURE | MAINTAIN_BASELINE_PRIVACY_BUDGET | 200
PRIV-01866 | 0.5472 | 2.1570 | 0.0803 | DATA_PRIVACY_SECURE | MAINTAIN_BASELINE_PRIVACY_BUDGET | 200
PRIV-01867 | 0.5929 | 2.2803 | 0.2304 | DATA_PRIVACY_SECURE | MAINTAIN_BASELINE_PRIVACY_BUDGET | 200
PRIV-01868 | 0.8603 | 0.5495 | 0.4488 | DATA_PRIVACY_SECURE | MAINTAIN_BASELINE_PRIVACY_BUDGET | 200
PRIV-01869 | 0.7147 | 0.8423 | 0.2115 | DATA_PRIVACY_SECURE | MAINTAIN_BASELINE_PRIVACY_BUDGET | 200
PRIV-01870 | 0.9935 | 2.7083 | 0.9029 | CRITICAL_MEMORIZATION_LEAK_HAZARD | TRIGGER_DYNAMIC_DIFFERENTIAL_PRIVACY_NOISE | 422
PRIV-01871 | 0.9914 | 0.2720 | 0.5088 | DATA_PRIVACY_SECURE | MAINTAIN_BASELINE_PRIVACY_BUDGET | 200
PRIV-01872 | 0.6709 | 1.6960 | 0.2465 | DATA_PRIVACY_SECURE | MAINTAIN_BASELINE_PRIVACY_BUDGET | 200
PRIV-01873 | 0.8489 | 3.2529 | 0.5767 | DATA_PRIVACY_SECURE | MAINTAIN_BASELINE_PRIVACY_BUDGET | 200
PRIV-01874 | 0.9836 | 1.5176 | 0.8118 | CRITICAL_MEMORIZATION_LEAK_HAZARD | TRIGGER_DYNAMIC_DIFFERENTIAL_PRIVACY_NOISE | 422
PRIV-01875 | 0.7148 | 2.0047 | 0.3742 | DATA_PRIVACY_SECURE | MAINTAIN_BASELINE_PRIVACY_BUDGET | 200
PRIV-01876 | 0.6694 | 3.1059 | 0.3429 | DATA_PRIVACY_SECURE | MAINTAIN_BASELINE_PRIVACY_BUDGET | 200
PRIV-01877 | 0.9241 | 1.7873 | 0.6534 | DATA_PRIVACY_SECURE | MAINTAIN_BASELINE_PRIVACY_BUDGET | 200
PRIV-01878 | 0.8965 | 0.2635 | 0.3991 | DATA_PRIVACY_SECURE | MAINTAIN_BASELINE_PRIVACY_BUDGET | 200
PRIV-01879 | 0.9290 | 0.1147 | 0.3566 | DATA_PRIVACY_SECURE | MAINTAIN_BASELINE_PRIVACY_BUDGET | 200
PRIV-01880 | 0.9949 | 0.3445 | 0.5442 | DATA_PRIVACY_SECURE | MAINTAIN_BASELINE_PRIVACY_BUDGET | 200
PRIV-01881 | 0.9439 | 2.0141 | 0.7805 | CRITICAL_MEMORIZATION_LEAK_HAZARD | TRIGGER_DYNAMIC_DIFFERENTIAL_PRIVACY_NOISE | 422
PRIV-01882 | 0.5675 | 2.3205 | 0.2311 | DATA_PRIVACY_SECURE | MAINTAIN_BASELINE_PRIVACY_BUDGET | 200
PRIV-01883 | 0.5620 | 0.6244 | 0.0662 | DATA_PRIVACY_SECURE | MAINTAIN_BASELINE_PRIVACY_BUDGET | 200
PRIV-01884 | 0.6279 | 0.2346 | 0.1145 | DATA_PRIVACY_SECURE | MAINTAIN_BASELINE_PRIVACY_BUDGET | 200
PRIV-01885 | 0.6453 | 1.8732 | 0.2319 | DATA_PRIVACY_SECURE | MAINTAIN_BASELINE_PRIVACY_BUDGET | 200
PRIV-01886 | 0.5530 | 2.4597 | 0.167 | DATA_PRIVACY_SECURE | MAINTAIN_BASELINE_PRIVACY_BUDGET | 200
PRIV-01887 | 0.9857 | 1.7034 | 0.7779 | CRITICAL_MEMORIZATION_LEAK_HAZARD | TRIGGER_DYNAMIC_DIFFERENTIAL_PRIVACY_NOISE | 422
PRIV-01888 | 0.5809 | 0.5929 | 0.1432 | DATA_PRIVACY_SECURE | MAINTAIN_BASELINE_PRIVACY_BUDGET | 200
PRIV-01889 | 0.5859 | 2.3686 | 0.1649 | DATA_PRIVACY_SECURE | MAINTAIN_BASELINE_PRIVACY_BUDGET | 200
PRIV-01890 | 0.9115 | 2.1529 | 0.678 | DATA_PRIVACY_SECURE | MAINTAIN_BASELINE_PRIVACY_BUDGET | 200
PRIV-01891 | 0.8238 | 1.9935 | 0.5139 | DATA_PRIVACY_SECURE | MAINTAIN_BASELINE_PRIVACY_BUDGET | 200
PRIV-01892 | 0.8250 | 0.2555 | 0.3167 | DATA_PRIVACY_SECURE | MAINTAIN_BASELINE_PRIVACY_BUDGET | 200
PRIV-01893 | 0.7179 | 0.1711 | 0.1833 | DATA_PRIVACY_SECURE | MAINTAIN_BASELINE_PRIVACY_BUDGET | 200
PRIV-01894 | 0.6910 | 2.5857 | 0.3024 | DATA_PRIVACY_SECURE | MAINTAIN_BASELINE_PRIVACY_BUDGET | 200
PRIV-01895 | 0.9190 | 1.3884 | 0.6176 | DATA_PRIVACY_SECURE | MAINTAIN_BASELINE_PRIVACY_BUDGET | 200
PRIV-01896 | 0.7545 | 2.0979 | 0.3678 | DATA_PRIVACY_SECURE | MAINTAIN_BASELINE_PRIVACY_BUDGET | 200
PRIV-01897 | 0.7669 | 1.8424 | 0.379 | DATA_PRIVACY_SECURE | MAINTAIN_BASELINE_PRIVACY_BUDGET | 200
PRIV-01898 | 0.9966 | 0.7134 | 0.7282 | DATA_PRIVACY_SECURE | MAINTAIN_BASELINE_PRIVACY_BUDGET | 200
PRIV-01899 | 0.5742 | 3.2653 | 0.2048 | DATA_PRIVACY_SECURE | MAINTAIN_BASELINE_PRIVACY_BUDGET | 200
PRIV-01900 | 0.8001 | 3.1959 | 0.4802 | DATA_PRIVACY_SECURE | MAINTAIN_BASELINE_PRIVACY_BUDGET | 200
PRIV-01901 | 0.9332 | 0.8697 | 0.6006 | DATA_PRIVACY_SECURE | MAINTAIN_BASELINE_PRIVACY_BUDGET | 200
PRIV-01902 | 0.8497 | 0.4140 | 0.356 | DATA_PRIVACY_SECURE | MAINTAIN_BASELINE_PRIVACY_BUDGET | 200
PRIV-01903 | 0.5955 | 0.4830 | 0.1775 | DATA_PRIVACY_SECURE | MAINTAIN_BASELINE_PRIVACY_BUDGET | 200
PRIV-01904 | 0.8937 | 2.4835 | 0.6736 | DATA_PRIVACY_SECURE | MAINTAIN_BASELINE_PRIVACY_BUDGET | 200
PRIV-01905 | 0.8479 | 1.0077 | 0.4422 | DATA_PRIVACY_SECURE | MAINTAIN_BASELINE_PRIVACY_BUDGET | 200
PRIV-01906 | 0.9180 | 2.5328 | 0.7345 | DATA_PRIVACY_SECURE | MAINTAIN_BASELINE_PRIVACY_BUDGET | 200
PRIV-01907 | 0.8172 | 1.5461 | 0.387 | DATA_PRIVACY_SECURE | MAINTAIN_BASELINE_PRIVACY_BUDGET | 200
PRIV-01908 | 0.7209 | 0.2437 | 0.165 | DATA_PRIVACY_SECURE | MAINTAIN_BASELINE_PRIVACY_BUDGET | 200
PRIV-01909 | 0.5065 | 3.4654 | 0.0782 | DATA_PRIVACY_SECURE | MAINTAIN_BASELINE_PRIVACY_BUDGET | 200
PRIV-01910 | 0.5245 | 1.6090 | 0.1259 | DATA_PRIVACY_SECURE | MAINTAIN_BASELINE_PRIVACY_BUDGET | 200
PRIV-01911 | 0.5403 | 2.0318 | 0.2088 | DATA_PRIVACY_SECURE | MAINTAIN_BASELINE_PRIVACY_BUDGET | 200
PRIV-01912 | 0.9256 | 2.4253 | 0.8178 | CRITICAL_MEMORIZATION_LEAK_HAZARD | TRIGGER_DYNAMIC_DIFFERENTIAL_PRIVACY_NOISE | 422
PRIV-01913 | 0.5257 | 3.3600 | 0.1659 | DATA_PRIVACY_SECURE | MAINTAIN_BASELINE_PRIVACY_BUDGET | 200
PRIV-01914 | 0.8051 | 2.9330 | 0.5155 | DATA_PRIVACY_SECURE | MAINTAIN_BASELINE_PRIVACY_BUDGET | 200
PRIV-01915 | 0.5727 | 3.4675 | 0.1101 | DATA_PRIVACY_SECURE | MAINTAIN_BASELINE_PRIVACY_BUDGET | 200
PRIV-01916 | 0.8528 | 1.0398 | 0.4365 | DATA_PRIVACY_SECURE | MAINTAIN_BASELINE_PRIVACY_BUDGET | 200
PRIV-01917 | 0.5402 | 1.4700 | 0.0967 | DATA_PRIVACY_SECURE | MAINTAIN_BASELINE_PRIVACY_BUDGET | 200
PRIV-01918 | 0.8868 | 0.5095 | 0.4109 | DATA_PRIVACY_SECURE | MAINTAIN_BASELINE_PRIVACY_BUDGET | 200
PRIV-01919 | 0.8301 | 3.3173 | 0.5453 | DATA_PRIVACY_SECURE | MAINTAIN_BASELINE_PRIVACY_BUDGET | 200
PRIV-01920 | 0.5127 | 1.5487 | 0.0923 | DATA_PRIVACY_SECURE | MAINTAIN_BASELINE_PRIVACY_BUDGET | 200
PRIV-01921 | 0.7448 | 0.7142 | 0.1982 | DATA_PRIVACY_SECURE | MAINTAIN_BASELINE_PRIVACY_BUDGET | 200
PRIV-01922 | 0.7685 | 1.0321 | 0.3645 | DATA_PRIVACY_SECURE | MAINTAIN_BASELINE_PRIVACY_BUDGET | 200
PRIV-01923 | 0.8251 | 3.4085 | 0.5009 | DATA_PRIVACY_SECURE | MAINTAIN_BASELINE_PRIVACY_BUDGET | 200
PRIV-01924 | 0.7207 | 0.7309 | 0.2622 | DATA_PRIVACY_SECURE | MAINTAIN_BASELINE_PRIVACY_BUDGET | 200
PRIV-01925 | 0.7680 | 1.8330 | 0.4735 | DATA_PRIVACY_SECURE | MAINTAIN_BASELINE_PRIVACY_BUDGET | 200
PRIV-01926 | 0.9068 | 3.4763 | 0.6865 | DATA_PRIVACY_SECURE | MAINTAIN_BASELINE_PRIVACY_BUDGET | 200
PRIV-01927 | 0.6156 | 3.2524 | 0.1234 | DATA_PRIVACY_SECURE | MAINTAIN_BASELINE_PRIVACY_BUDGET | 200
PRIV-01928 | 0.8386 | 3.0813 | 0.5524 | DATA_PRIVACY_SECURE | MAINTAIN_BASELINE_PRIVACY_BUDGET | 200
PRIV-01929 | 0.8463 | 2.0359 | 0.5802 | DATA_PRIVACY_SECURE | MAINTAIN_BASELINE_PRIVACY_BUDGET | 200
PRIV-01930 | 0.5801 | 1.8225 | 0.2464 | DATA_PRIVACY_SECURE | MAINTAIN_BASELINE_PRIVACY_BUDGET | 200
PRIV-01931 | 0.8391 | 0.4636 | 0.3135 | DATA_PRIVACY_SECURE | MAINTAIN_BASELINE_PRIVACY_BUDGET | 200
PRIV-01932 | 0.8610 | 3.3349 | 0.6362 | DATA_PRIVACY_SECURE | MAINTAIN_BASELINE_PRIVACY_BUDGET | 200
PRIV-01933 | 0.6549 | 1.6136 | 0.2157 | DATA_PRIVACY_SECURE | MAINTAIN_BASELINE_PRIVACY_BUDGET | 200
PRIV-01934 | 0.9017 | 2.9260 | 0.6916 | DATA_PRIVACY_SECURE | MAINTAIN_BASELINE_PRIVACY_BUDGET | 200
PRIV-01935 | 0.7070 | 0.8398 | 0.3526 | DATA_PRIVACY_SECURE | MAINTAIN_BASELINE_PRIVACY_BUDGET | 200
PRIV-01936 | 0.8099 | 2.4338 | 0.4284 | DATA_PRIVACY_SECURE | MAINTAIN_BASELINE_PRIVACY_BUDGET | 200
PRIV-01937 | 0.7734 | 2.2355 | 0.428 | DATA_PRIVACY_SECURE | MAINTAIN_BASELINE_PRIVACY_BUDGET | 200
PRIV-01938 | 0.5863 | 0.8657 | 0.1605 | DATA_PRIVACY_SECURE | MAINTAIN_BASELINE_PRIVACY_BUDGET | 200
PRIV-01939 | 0.9475 | 2.9246 | 0.8506 | CRITICAL_MEMORIZATION_LEAK_HAZARD | TRIGGER_DYNAMIC_DIFFERENTIAL_PRIVACY_NOISE | 422
PRIV-01940 | 0.5193 | 2.5360 | 0.1337 | DATA_PRIVACY_SECURE | MAINTAIN_BASELINE_PRIVACY_BUDGET | 200
PRIV-01941 | 0.9704 | 0.2298 | 0.5215 | DATA_PRIVACY_SECURE | MAINTAIN_BASELINE_PRIVACY_BUDGET | 200
PRIV-01942 | 0.5312 | 2.0575 | 0.1172 | DATA_PRIVACY_SECURE | MAINTAIN_BASELINE_PRIVACY_BUDGET | 200
PRIV-01943 | 0.8218 | 2.1434 | 0.5074 | DATA_PRIVACY_SECURE | MAINTAIN_BASELINE_PRIVACY_BUDGET | 200
PRIV-01944 | 0.9402 | 2.6179 | 0.761 | CRITICAL_MEMORIZATION_LEAK_HAZARD | TRIGGER_DYNAMIC_DIFFERENTIAL_PRIVACY_NOISE | 422
PRIV-01945 | 0.5751 | 1.0042 | 0.1641 | DATA_PRIVACY_SECURE | MAINTAIN_BASELINE_PRIVACY_BUDGET | 200
PRIV-01946 | 0.5013 | 2.6746 | 0.1031 | DATA_PRIVACY_SECURE | MAINTAIN_BASELINE_PRIVACY_BUDGET | 200
PRIV-01947 | 0.8478 | 3.4529 | 0.6058 | DATA_PRIVACY_SECURE | MAINTAIN_BASELINE_PRIVACY_BUDGET | 200
PRIV-01948 | 0.5331 | 1.3783 | 0.1198 | DATA_PRIVACY_SECURE | MAINTAIN_BASELINE_PRIVACY_BUDGET | 200
PRIV-01949 | 0.7955 | 2.6031 | 0.5137 | DATA_PRIVACY_SECURE | MAINTAIN_BASELINE_PRIVACY_BUDGET | 200
PRIV-01950 | 0.9292 | 1.1576 | 0.6085 | DATA_PRIVACY_SECURE | MAINTAIN_BASELINE_PRIVACY_BUDGET | 200
PRIV-01951 | 0.7365 | 0.6422 | 0.1908 | DATA_PRIVACY_SECURE | MAINTAIN_BASELINE_PRIVACY_BUDGET | 200
PRIV-01952 | 0.9670 | 1.0689 | 0.7236 | DATA_PRIVACY_SECURE | MAINTAIN_BASELINE_PRIVACY_BUDGET | 200
PRIV-01953 | 0.8363 | 2.1940 | 0.4901 | DATA_PRIVACY_SECURE | MAINTAIN_BASELINE_PRIVACY_BUDGET | 200
PRIV-01954 | 0.7354 | 1.5480 | 0.3018 | DATA_PRIVACY_SECURE | MAINTAIN_BASELINE_PRIVACY_BUDGET | 200
PRIV-01955 | 0.8323 | 3.2121 | 0.5305 | DATA_PRIVACY_SECURE | MAINTAIN_BASELINE_PRIVACY_BUDGET | 200
PRIV-01956 | 0.5380 | 0.2841 | 0.1438 | DATA_PRIVACY_SECURE | MAINTAIN_BASELINE_PRIVACY_BUDGET | 200
PRIV-01957 | 0.7285 | 1.2724 | 0.2165 | DATA_PRIVACY_SECURE | MAINTAIN_BASELINE_PRIVACY_BUDGET | 200
PRIV-01958 | 0.5306 | 0.8352 | 0.2297 | DATA_PRIVACY_SECURE | MAINTAIN_BASELINE_PRIVACY_BUDGET | 200
PRIV-01959 | 0.5724 | 2.9868 | 0.2208 | DATA_PRIVACY_SECURE | MAINTAIN_BASELINE_PRIVACY_BUDGET | 200
PRIV-01960 | 0.8152 | 1.2628 | 0.4313 | DATA_PRIVACY_SECURE | MAINTAIN_BASELINE_PRIVACY_BUDGET | 200
PRIV-01961 | 0.6612 | 3.0638 | 0.2739 | DATA_PRIVACY_SECURE | MAINTAIN_BASELINE_PRIVACY_BUDGET | 200
PRIV-01962 | 0.9819 | 0.9116 | 0.6868 | DATA_PRIVACY_SECURE | MAINTAIN_BASELINE_PRIVACY_BUDGET | 200
PRIV-01963 | 0.5063 | 2.0507 | 0.1359 | DATA_PRIVACY_SECURE | MAINTAIN_BASELINE_PRIVACY_BUDGET | 200
PRIV-01964 | 0.8038 | 1.8172 | 0.4726 | DATA_PRIVACY_SECURE | MAINTAIN_BASELINE_PRIVACY_BUDGET | 200
PRIV-01965 | 0.6878 | 0.4452 | 0.2205 | DATA_PRIVACY_SECURE | MAINTAIN_BASELINE_PRIVACY_BUDGET | 200
PRIV-01966 | 0.5559 | 1.6054 | 0.1467 | DATA_PRIVACY_SECURE | MAINTAIN_BASELINE_PRIVACY_BUDGET | 200
PRIV-01967 | 0.8546 | 1.0297 | 0.4521 | DATA_PRIVACY_SECURE | MAINTAIN_BASELINE_PRIVACY_BUDGET | 200
PRIV-01968 | 0.7255 | 3.3778 | 0.3632 | DATA_PRIVACY_SECURE | MAINTAIN_BASELINE_PRIVACY_BUDGET | 200
PRIV-01969 | 0.8394 | 2.6436 | 0.5443 | DATA_PRIVACY_SECURE | MAINTAIN_BASELINE_PRIVACY_BUDGET | 200
PRIV-01970 | 0.5259 | 0.3260 | 0.1298 | DATA_PRIVACY_SECURE | MAINTAIN_BASELINE_PRIVACY_BUDGET | 200
PRIV-01971 | 0.9500 | 0.8504 | 0.6244 | DATA_PRIVACY_SECURE | MAINTAIN_BASELINE_PRIVACY_BUDGET | 200
PRIV-01972 | 0.8171 | 0.2847 | 0.1938 | DATA_PRIVACY_SECURE | MAINTAIN_BASELINE_PRIVACY_BUDGET | 200
PRIV-01973 | 0.9424 | 0.5808 | 0.563 | DATA_PRIVACY_SECURE | MAINTAIN_BASELINE_PRIVACY_BUDGET | 200
PRIV-01974 | 0.7545 | 3.4873 | 0.4246 | DATA_PRIVACY_SECURE | MAINTAIN_BASELINE_PRIVACY_BUDGET | 200
PRIV-01975 | 0.6915 | 3.3811 | 0.3191 | DATA_PRIVACY_SECURE | MAINTAIN_BASELINE_PRIVACY_BUDGET | 200
PRIV-01976 | 0.6692 | 3.0433 | 0.2705 | DATA_PRIVACY_SECURE | MAINTAIN_BASELINE_PRIVACY_BUDGET | 200
PRIV-01977 | 0.5493 | 2.9324 | 0.2024 | DATA_PRIVACY_SECURE | MAINTAIN_BASELINE_PRIVACY_BUDGET | 200
PRIV-01978 | 0.7758 | 2.9442 | 0.4815 | DATA_PRIVACY_SECURE | MAINTAIN_BASELINE_PRIVACY_BUDGET | 200
PRIV-01979 | 0.6726 | 1.9835 | 0.2365 | DATA_PRIVACY_SECURE | MAINTAIN_BASELINE_PRIVACY_BUDGET | 200
PRIV-01980 | 0.7113 | 3.0537 | 0.3599 | DATA_PRIVACY_SECURE | MAINTAIN_BASELINE_PRIVACY_BUDGET | 200
PRIV-01981 | 0.7899 | 0.4130 | 0.2577 | DATA_PRIVACY_SECURE | MAINTAIN_BASELINE_PRIVACY_BUDGET | 200
PRIV-01982 | 0.9709 | 1.8565 | 0.7363 | DATA_PRIVACY_SECURE | MAINTAIN_BASELINE_PRIVACY_BUDGET | 200
PRIV-01983 | 0.6564 | 1.2241 | 0.1935 | DATA_PRIVACY_SECURE | MAINTAIN_BASELINE_PRIVACY_BUDGET | 200
PRIV-01984 | 0.9881 | 3.3161 | 0.9653 | CRITICAL_MEMORIZATION_LEAK_HAZARD | TRIGGER_DYNAMIC_DIFFERENTIAL_PRIVACY_NOISE | 422
PRIV-01985 | 0.6796 | 1.2031 | 0.2796 | DATA_PRIVACY_SECURE | MAINTAIN_BASELINE_PRIVACY_BUDGET | 200
PRIV-01986 | 0.6007 | 0.6979 | 0.1653 | DATA_PRIVACY_SECURE | MAINTAIN_BASELINE_PRIVACY_BUDGET | 200
PRIV-01987 | 0.5447 | 2.2704 | 0.1755 | DATA_PRIVACY_SECURE | MAINTAIN_BASELINE_PRIVACY_BUDGET | 200
PRIV-01988 | 0.5614 | 0.8318 | 0.1439 | DATA_PRIVACY_SECURE | MAINTAIN_BASELINE_PRIVACY_BUDGET | 200
PRIV-01989 | 0.7314 | 2.1977 | 0.3266 | DATA_PRIVACY_SECURE | MAINTAIN_BASELINE_PRIVACY_BUDGET | 200
PRIV-01990 | 0.5144 | 1.6084 | 0.1307 | DATA_PRIVACY_SECURE | MAINTAIN_BASELINE_PRIVACY_BUDGET | 200
PRIV-01991 | 0.9054 | 2.1775 | 0.6986 | DATA_PRIVACY_SECURE | MAINTAIN_BASELINE_PRIVACY_BUDGET | 200
PRIV-01992 | 0.7413 | 2.5354 | 0.4077 | DATA_PRIVACY_SECURE | MAINTAIN_BASELINE_PRIVACY_BUDGET | 200
PRIV-01993 | 0.5646 | 1.7060 | 0.1999 | DATA_PRIVACY_SECURE | MAINTAIN_BASELINE_PRIVACY_BUDGET | 200
PRIV-01994 | 0.7166 | 1.7990 | 0.3441 | DATA_PRIVACY_SECURE | MAINTAIN_BASELINE_PRIVACY_BUDGET | 200
PRIV-01995 | 0.9678 | 0.6250 | 0.6045 | DATA_PRIVACY_SECURE | MAINTAIN_BASELINE_PRIVACY_BUDGET | 200
PRIV-01996 | 0.5427 | 0.8691 | 0.1554 | DATA_PRIVACY_SECURE | MAINTAIN_BASELINE_PRIVACY_BUDGET | 200
PRIV-01997 | 0.6461 | 2.6585 | 0.251 | DATA_PRIVACY_SECURE | MAINTAIN_BASELINE_PRIVACY_BUDGET | 200
PRIV-01998 | 0.5469 | 0.7849 | 0.0771 | DATA_PRIVACY_SECURE | MAINTAIN_BASELINE_PRIVACY_BUDGET | 200
PRIV-01999 | 0.8196 | 1.5349 | 0.4465 | DATA_PRIVACY_SECURE | MAINTAIN_BASELINE_PRIVACY_BUDGET | 200
PRIV-02000 | 0.5321 | 3.3539 | 0.1158 | DATA_PRIVACY_SECURE | MAINTAIN_BASELINE_PRIVACY_BUDGET | 200
PRIV-02001 | 0.5611 | 2.8930 | 0.1404 | DATA_PRIVACY_SECURE | MAINTAIN_BASELINE_PRIVACY_BUDGET | 200
PRIV-02002 | 0.6782 | 0.5321 | 0.1907 | DATA_PRIVACY_SECURE | MAINTAIN_BASELINE_PRIVACY_BUDGET | 200
PRIV-02003 | 0.8507 | 1.7073 | 0.4895 | DATA_PRIVACY_SECURE | MAINTAIN_BASELINE_PRIVACY_BUDGET | 200
PRIV-02004 | 0.6215 | 2.3681 | 0.2072 | DATA_PRIVACY_SECURE | MAINTAIN_BASELINE_PRIVACY_BUDGET | 200
PRIV-02005 | 0.7961 | 2.3225 | 0.3838 | DATA_PRIVACY_SECURE | MAINTAIN_BASELINE_PRIVACY_BUDGET | 200
PRIV-02006 | 0.7243 | 2.0117 | 0.3437 | DATA_PRIVACY_SECURE | MAINTAIN_BASELINE_PRIVACY_BUDGET | 200
PRIV-02007 | 0.6431 | 1.0015 | 0.1945 | DATA_PRIVACY_SECURE | MAINTAIN_BASELINE_PRIVACY_BUDGET | 200
PRIV-02008 | 0.8513 | 2.0509 | 0.514 | DATA_PRIVACY_SECURE | MAINTAIN_BASELINE_PRIVACY_BUDGET | 200
PRIV-02009 | 0.8941 | 2.6483 | 0.694 | DATA_PRIVACY_SECURE | MAINTAIN_BASELINE_PRIVACY_BUDGET | 200
PRIV-02010 | 0.9622 | 1.8090 | 0.8029 | CRITICAL_MEMORIZATION_LEAK_HAZARD | TRIGGER_DYNAMIC_DIFFERENTIAL_PRIVACY_NOISE | 422
PRIV-02011 | 0.6723 | 1.8321 | 0.1976 | DATA_PRIVACY_SECURE | MAINTAIN_BASELINE_PRIVACY_BUDGET | 200
PRIV-02012 | 0.9805 | 2.5089 | 0.8411 | CRITICAL_MEMORIZATION_LEAK_HAZARD | TRIGGER_DYNAMIC_DIFFERENTIAL_PRIVACY_NOISE | 422
PRIV-02013 | 0.5912 | 0.4229 | 0.0941 | DATA_PRIVACY_SECURE | MAINTAIN_BASELINE_PRIVACY_BUDGET | 200
PRIV-02014 | 0.7782 | 0.3007 | 0.2332 | DATA_PRIVACY_SECURE | MAINTAIN_BASELINE_PRIVACY_BUDGET | 200
PRIV-02015 | 0.5123 | 0.3632 | 0.1125 | DATA_PRIVACY_SECURE | MAINTAIN_BASELINE_PRIVACY_BUDGET | 200
PRIV-02016 | 0.7206 | 2.4732 | 0.3374 | DATA_PRIVACY_SECURE | MAINTAIN_BASELINE_PRIVACY_BUDGET | 200
PRIV-02017 | 0.7764 | 0.3584 | 0.2649 | DATA_PRIVACY_SECURE | MAINTAIN_BASELINE_PRIVACY_BUDGET | 200
PRIV-02018 | 0.6949 | 1.5416 | 0.1962 | DATA_PRIVACY_SECURE | MAINTAIN_BASELINE_PRIVACY_BUDGET | 200
PRIV-02019 | 0.9821 | 3.3732 | 0.9414 | CRITICAL_MEMORIZATION_LEAK_HAZARD | TRIGGER_DYNAMIC_DIFFERENTIAL_PRIVACY_NOISE | 422
PRIV-02020 | 0.6466 | 3.1109 | 0.2093 | DATA_PRIVACY_SECURE | MAINTAIN_BASELINE_PRIVACY_BUDGET | 200
PRIV-02021 | 0.9179 | 2.5091 | 0.7176 | DATA_PRIVACY_SECURE | MAINTAIN_BASELINE_PRIVACY_BUDGET | 200
PRIV-02022 | 0.9962 | 2.5885 | 0.9308 | CRITICAL_MEMORIZATION_LEAK_HAZARD | TRIGGER_DYNAMIC_DIFFERENTIAL_PRIVACY_NOISE | 422
PRIV-02023 | 0.9319 | 0.6737 | 0.5904 | DATA_PRIVACY_SECURE | MAINTAIN_BASELINE_PRIVACY_BUDGET | 200
PRIV-02024 | 0.5845 | 1.0207 | 0.0944 | DATA_PRIVACY_SECURE | MAINTAIN_BASELINE_PRIVACY_BUDGET | 200
PRIV-02025 | 0.5127 | 0.5899 | 0.0 | DATA_PRIVACY_SECURE | MAINTAIN_BASELINE_PRIVACY_BUDGET | 200
PRIV-02026 | 0.5073 | 2.3439 | 0.1265 | DATA_PRIVACY_SECURE | MAINTAIN_BASELINE_PRIVACY_BUDGET | 200
PRIV-02027 | 0.5481 | 1.6909 | 0.211 | DATA_PRIVACY_SECURE | MAINTAIN_BASELINE_PRIVACY_BUDGET | 200
PRIV-02028 | 0.7134 | 2.8998 | 0.3938 | DATA_PRIVACY_SECURE | MAINTAIN_BASELINE_PRIVACY_BUDGET | 200
PRIV-02029 | 0.7108 | 0.4240 | 0.2255 | DATA_PRIVACY_SECURE | MAINTAIN_BASELINE_PRIVACY_BUDGET | 200
PRIV-02030 | 0.5687 | 1.4162 | 0.1283 | DATA_PRIVACY_SECURE | MAINTAIN_BASELINE_PRIVACY_BUDGET | 200
PRIV-02031 | 0.5208 | 1.6831 | 0.1514 | DATA_PRIVACY_SECURE | MAINTAIN_BASELINE_PRIVACY_BUDGET | 200
PRIV-02032 | 0.7736 | 2.9025 | 0.4 | DATA_PRIVACY_SECURE | MAINTAIN_BASELINE_PRIVACY_BUDGET | 200
PRIV-02033 | 0.7833 | 0.7781 | 0.3484 | DATA_PRIVACY_SECURE | MAINTAIN_BASELINE_PRIVACY_BUDGET | 200
PRIV-02034 | 0.9659 | 0.5395 | 0.5895 | DATA_PRIVACY_SECURE | MAINTAIN_BASELINE_PRIVACY_BUDGET | 200
PRIV-02035 | 0.9072 | 3.2724 | 0.7617 | CRITICAL_MEMORIZATION_LEAK_HAZARD | TRIGGER_DYNAMIC_DIFFERENTIAL_PRIVACY_NOISE | 422
PRIV-02036 | 0.8653 | 0.9067 | 0.5719 | DATA_PRIVACY_SECURE | MAINTAIN_BASELINE_PRIVACY_BUDGET | 200
PRIV-02037 | 0.9069 | 0.2051 | 0.4267 | DATA_PRIVACY_SECURE | MAINTAIN_BASELINE_PRIVACY_BUDGET | 200
PRIV-02038 | 0.6040 | 2.7264 | 0.1864 | DATA_PRIVACY_SECURE | MAINTAIN_BASELINE_PRIVACY_BUDGET | 200
PRIV-02039 | 0.9288 | 1.0886 | 0.5984 | DATA_PRIVACY_SECURE | MAINTAIN_BASELINE_PRIVACY_BUDGET | 200
PRIV-02040 | 0.7923 | 0.1051 | 0.1909 | DATA_PRIVACY_SECURE | MAINTAIN_BASELINE_PRIVACY_BUDGET | 200
PRIV-02041 | 0.5070 | 1.6291 | 0.0812 | DATA_PRIVACY_SECURE | MAINTAIN_BASELINE_PRIVACY_BUDGET | 200
PRIV-02042 | 0.8039 | 3.2826 | 0.4844 | DATA_PRIVACY_SECURE | MAINTAIN_BASELINE_PRIVACY_BUDGET | 200
PRIV-02043 | 0.5048 | 1.0184 | 0.0736 | DATA_PRIVACY_SECURE | MAINTAIN_BASELINE_PRIVACY_BUDGET | 200
PRIV-02044 | 0.9577 | 1.3488 | 0.7034 | DATA_PRIVACY_SECURE | MAINTAIN_BASELINE_PRIVACY_BUDGET | 200
PRIV-02045 | 0.7389 | 1.6494 | 0.3055 | DATA_PRIVACY_SECURE | MAINTAIN_BASELINE_PRIVACY_BUDGET | 200
PRIV-02046 | 0.7040 | 2.2016 | 0.359 | DATA_PRIVACY_SECURE | MAINTAIN_BASELINE_PRIVACY_BUDGET | 200
PRIV-02047 | 0.9582 | 2.7733 | 0.828 | CRITICAL_MEMORIZATION_LEAK_HAZARD | TRIGGER_DYNAMIC_DIFFERENTIAL_PRIVACY_NOISE | 422
PRIV-02048 | 0.9405 | 2.8399 | 0.7856 | CRITICAL_MEMORIZATION_LEAK_HAZARD | TRIGGER_DYNAMIC_DIFFERENTIAL_PRIVACY_NOISE | 422
PRIV-02049 | 0.7991 | 1.5436 | 0.4073 | DATA_PRIVACY_SECURE | MAINTAIN_BASELINE_PRIVACY_BUDGET | 200
PRIV-02050 | 0.7214 | 1.8783 | 0.3318 | DATA_PRIVACY_SECURE | MAINTAIN_BASELINE_PRIVACY_BUDGET | 200
PRIV-02051 | 0.5094 | 2.1353 | 0.1512 | DATA_PRIVACY_SECURE | MAINTAIN_BASELINE_PRIVACY_BUDGET | 200
PRIV-02052 | 0.8687 | 1.6986 | 0.5195 | DATA_PRIVACY_SECURE | MAINTAIN_BASELINE_PRIVACY_BUDGET | 200
PRIV-02053 | 0.9518 | 0.4908 | 0.5086 | DATA_PRIVACY_SECURE | MAINTAIN_BASELINE_PRIVACY_BUDGET | 200
PRIV-02054 | 0.8952 | 3.0158 | 0.6718 | DATA_PRIVACY_SECURE | MAINTAIN_BASELINE_PRIVACY_BUDGET | 200
PRIV-02055 | 0.8736 | 1.8324 | 0.5209 | DATA_PRIVACY_SECURE | MAINTAIN_BASELINE_PRIVACY_BUDGET | 200
PRIV-02056 | 0.7170 | 0.6703 | 0.2111 | DATA_PRIVACY_SECURE | MAINTAIN_BASELINE_PRIVACY_BUDGET | 200
PRIV-02057 | 0.6013 | 2.0279 | 0.1731 | DATA_PRIVACY_SECURE | MAINTAIN_BASELINE_PRIVACY_BUDGET | 200
PRIV-02058 | 0.8010 | 2.2905 | 0.5017 | DATA_PRIVACY_SECURE | MAINTAIN_BASELINE_PRIVACY_BUDGET | 200
PRIV-02059 | 0.8489 | 0.8852 | 0.4435 | DATA_PRIVACY_SECURE | MAINTAIN_BASELINE_PRIVACY_BUDGET | 200
PRIV-02060 | 0.7729 | 0.4462 | 0.2892 | DATA_PRIVACY_SECURE | MAINTAIN_BASELINE_PRIVACY_BUDGET | 200
PRIV-02061 | 0.6447 | 1.7229 | 0.2614 | DATA_PRIVACY_SECURE | MAINTAIN_BASELINE_PRIVACY_BUDGET | 200
PRIV-02062 | 0.7711 | 1.4961 | 0.3691 | DATA_PRIVACY_SECURE | MAINTAIN_BASELINE_PRIVACY_BUDGET | 200
PRIV-02063 | 0.8918 | 1.1082 | 0.5489 | DATA_PRIVACY_SECURE | MAINTAIN_BASELINE_PRIVACY_BUDGET | 200
PRIV-02064 | 0.8821 | 2.2220 | 0.6151 | DATA_PRIVACY_SECURE | MAINTAIN_BASELINE_PRIVACY_BUDGET | 200
PRIV-02065 | 0.8747 | 2.4660 | 0.6274 | DATA_PRIVACY_SECURE | MAINTAIN_BASELINE_PRIVACY_BUDGET | 200
PRIV-02066 | 0.9994 | 3.0826 | 0.9312 | CRITICAL_MEMORIZATION_LEAK_HAZARD | TRIGGER_DYNAMIC_DIFFERENTIAL_PRIVACY_NOISE | 422
PRIV-02067 | 0.6714 | 0.2503 | 0.0726 | DATA_PRIVACY_SECURE | MAINTAIN_BASELINE_PRIVACY_BUDGET | 200
PRIV-02068 | 0.7559 | 0.6449 | 0.2779 | DATA_PRIVACY_SECURE | MAINTAIN_BASELINE_PRIVACY_BUDGET | 200
PRIV-02069 | 0.8005 | 2.7971 | 0.5404 | DATA_PRIVACY_SECURE | MAINTAIN_BASELINE_PRIVACY_BUDGET | 200
PRIV-02070 | 0.6292 | 0.7082 | 0.2039 | DATA_PRIVACY_SECURE | MAINTAIN_BASELINE_PRIVACY_BUDGET | 200
PRIV-02071 | 0.8342 | 0.1822 | 0.3552 | DATA_PRIVACY_SECURE | MAINTAIN_BASELINE_PRIVACY_BUDGET | 200
PRIV-02072 | 0.8967 | 0.4775 | 0.4945 | DATA_PRIVACY_SECURE | MAINTAIN_BASELINE_PRIVACY_BUDGET | 200
PRIV-02073 | 0.6990 | 1.7007 | 0.2923 | DATA_PRIVACY_SECURE | MAINTAIN_BASELINE_PRIVACY_BUDGET | 200
PRIV-02074 | 0.8728 | 1.2236 | 0.5216 | DATA_PRIVACY_SECURE | MAINTAIN_BASELINE_PRIVACY_BUDGET | 200
PRIV-02075 | 0.5600 | 1.3602 | 0.115 | DATA_PRIVACY_SECURE | MAINTAIN_BASELINE_PRIVACY_BUDGET | 200
PRIV-02076 | 0.9367 | 1.8639 | 0.6988 | DATA_PRIVACY_SECURE | MAINTAIN_BASELINE_PRIVACY_BUDGET | 200
PRIV-02077 | 0.6291 | 1.7402 | 0.2364 | DATA_PRIVACY_SECURE | MAINTAIN_BASELINE_PRIVACY_BUDGET | 200
PRIV-02078 | 0.8736 | 2.4070 | 0.6597 | DATA_PRIVACY_SECURE | MAINTAIN_BASELINE_PRIVACY_BUDGET | 200
PRIV-02079 | 0.6897 | 2.6542 | 0.3009 | DATA_PRIVACY_SECURE | MAINTAIN_BASELINE_PRIVACY_BUDGET | 200
PRIV-02080 | 0.5475 | 0.3674 | 0.0789 | DATA_PRIVACY_SECURE | MAINTAIN_BASELINE_PRIVACY_BUDGET | 200
PRIV-02081 | 0.8268 | 2.8046 | 0.5329 | DATA_PRIVACY_SECURE | MAINTAIN_BASELINE_PRIVACY_BUDGET | 200
PRIV-02082 | 0.7614 | 2.4640 | 0.4308 | DATA_PRIVACY_SECURE | MAINTAIN_BASELINE_PRIVACY_BUDGET | 200
PRIV-02083 | 0.5292 | 1.1824 | 0.0557 | DATA_PRIVACY_SECURE | MAINTAIN_BASELINE_PRIVACY_BUDGET | 200
PRIV-02084 | 0.7235 | 3.0578 | 0.2699 | DATA_PRIVACY_SECURE | MAINTAIN_BASELINE_PRIVACY_BUDGET | 200
PRIV-02085 | 0.7260 | 1.6699 | 0.3 | DATA_PRIVACY_SECURE | MAINTAIN_BASELINE_PRIVACY_BUDGET | 200
PRIV-02086 | 0.5491 | 2.4033 | 0.103 | DATA_PRIVACY_SECURE | MAINTAIN_BASELINE_PRIVACY_BUDGET | 200
PRIV-02087 | 0.8447 | 2.3719 | 0.531 | DATA_PRIVACY_SECURE | MAINTAIN_BASELINE_PRIVACY_BUDGET | 200
PRIV-02088 | 0.8995 | 2.7545 | 0.6784 | DATA_PRIVACY_SECURE | MAINTAIN_BASELINE_PRIVACY_BUDGET | 200
PRIV-02089 | 0.9253 | 0.1274 | 0.4031 | DATA_PRIVACY_SECURE | MAINTAIN_BASELINE_PRIVACY_BUDGET | 200
PRIV-02090 | 0.7737 | 2.2424 | 0.4768 | DATA_PRIVACY_SECURE | MAINTAIN_BASELINE_PRIVACY_BUDGET | 200
PRIV-02091 | 0.8505 | 1.0335 | 0.4668 | DATA_PRIVACY_SECURE | MAINTAIN_BASELINE_PRIVACY_BUDGET | 200
PRIV-02092 | 0.7651 | 0.2953 | 0.2688 | DATA_PRIVACY_SECURE | MAINTAIN_BASELINE_PRIVACY_BUDGET | 200
PRIV-02093 | 0.7011 | 3.0666 | 0.3542 | DATA_PRIVACY_SECURE | MAINTAIN_BASELINE_PRIVACY_BUDGET | 200
PRIV-02094 | 0.9757 | 0.2806 | 0.4835 | DATA_PRIVACY_SECURE | MAINTAIN_BASELINE_PRIVACY_BUDGET | 200
PRIV-02095 | 0.6839 | 0.1269 | 0.2117 | DATA_PRIVACY_SECURE | MAINTAIN_BASELINE_PRIVACY_BUDGET | 200
PRIV-02096 | 0.9648 | 2.1302 | 0.7996 | CRITICAL_MEMORIZATION_LEAK_HAZARD | TRIGGER_DYNAMIC_DIFFERENTIAL_PRIVACY_NOISE | 422
PRIV-02097 | 0.7661 | 0.4369 | 0.3 | DATA_PRIVACY_SECURE | MAINTAIN_BASELINE_PRIVACY_BUDGET | 200
PRIV-02098 | 0.8941 | 1.8009 | 0.5705 | DATA_PRIVACY_SECURE | MAINTAIN_BASELINE_PRIVACY_BUDGET | 200
PRIV-02099 | 0.7493 | 1.6626 | 0.2915 | DATA_PRIVACY_SECURE | MAINTAIN_BASELINE_PRIVACY_BUDGET | 200
PRIV-02100 | 0.8409 | 0.9423 | 0.4606 | DATA_PRIVACY_SECURE | MAINTAIN_BASELINE_PRIVACY_BUDGET | 200
PRIV-02101 | 0.6530 | 2.7877 | 0.2773 | DATA_PRIVACY_SECURE | MAINTAIN_BASELINE_PRIVACY_BUDGET | 200
PRIV-02102 | 0.6565 | 0.5613 | 0.1441 | DATA_PRIVACY_SECURE | MAINTAIN_BASELINE_PRIVACY_BUDGET | 200
PRIV-02103 | 0.9746 | 0.4854 | 0.5382 | DATA_PRIVACY_SECURE | MAINTAIN_BASELINE_PRIVACY_BUDGET | 200
PRIV-02104 | 0.9991 | 1.1144 | 0.796 | CRITICAL_MEMORIZATION_LEAK_HAZARD | TRIGGER_DYNAMIC_DIFFERENTIAL_PRIVACY_NOISE | 422
PRIV-02105 | 0.8819 | 1.1794 | 0.477 | DATA_PRIVACY_SECURE | MAINTAIN_BASELINE_PRIVACY_BUDGET | 200
PRIV-02106 | 0.9427 | 2.8239 | 0.8565 | CRITICAL_MEMORIZATION_LEAK_HAZARD | TRIGGER_DYNAMIC_DIFFERENTIAL_PRIVACY_NOISE | 422
PRIV-02107 | 0.8320 | 1.0010 | 0.3851 | DATA_PRIVACY_SECURE | MAINTAIN_BASELINE_PRIVACY_BUDGET | 200
PRIV-02108 | 0.9935 | 2.3025 | 0.9171 | CRITICAL_MEMORIZATION_LEAK_HAZARD | TRIGGER_DYNAMIC_DIFFERENTIAL_PRIVACY_NOISE | 422
PRIV-02109 | 0.8860 | 2.2769 | 0.6176 | DATA_PRIVACY_SECURE | MAINTAIN_BASELINE_PRIVACY_BUDGET | 200
PRIV-02110 | 0.9413 | 3.0370 | 0.8199 | CRITICAL_MEMORIZATION_LEAK_HAZARD | TRIGGER_DYNAMIC_DIFFERENTIAL_PRIVACY_NOISE | 422
PRIV-02111 | 0.5423 | 0.2465 | 0.0678 | DATA_PRIVACY_SECURE | MAINTAIN_BASELINE_PRIVACY_BUDGET | 200
PRIV-02112 | 0.8829 | 1.8613 | 0.589 | DATA_PRIVACY_SECURE | MAINTAIN_BASELINE_PRIVACY_BUDGET | 200
PRIV-02113 | 0.5570 | 1.7817 | 0.1496 | DATA_PRIVACY_SECURE | MAINTAIN_BASELINE_PRIVACY_BUDGET | 200
PRIV-02114 | 0.8331 | 3.0734 | 0.5125 | DATA_PRIVACY_SECURE | MAINTAIN_BASELINE_PRIVACY_BUDGET | 200
PRIV-02115 | 0.6677 | 1.1903 | 0.2579 | DATA_PRIVACY_SECURE | MAINTAIN_BASELINE_PRIVACY_BUDGET | 200
PRIV-02116 | 0.7629 | 0.6174 | 0.2679 | DATA_PRIVACY_SECURE | MAINTAIN_BASELINE_PRIVACY_BUDGET | 200
PRIV-02117 | 0.8316 | 3.0526 | 0.54 | DATA_PRIVACY_SECURE | MAINTAIN_BASELINE_PRIVACY_BUDGET | 200
PRIV-02118 | 0.9803 | 1.1319 | 0.6726 | DATA_PRIVACY_SECURE | MAINTAIN_BASELINE_PRIVACY_BUDGET | 200
PRIV-02119 | 0.8331 | 1.2273 | 0.3446 | DATA_PRIVACY_SECURE | MAINTAIN_BASELINE_PRIVACY_BUDGET | 200
PRIV-02120 | 0.9576 | 0.5454 | 0.5483 | DATA_PRIVACY_SECURE | MAINTAIN_BASELINE_PRIVACY_BUDGET | 200
PRIV-02121 | 0.7302 | 1.1495 | 0.3922 | DATA_PRIVACY_SECURE | MAINTAIN_BASELINE_PRIVACY_BUDGET | 200
PRIV-02122 | 0.5110 | 0.4525 | 0.1129 | DATA_PRIVACY_SECURE | MAINTAIN_BASELINE_PRIVACY_BUDGET | 200
PRIV-02123 | 0.7186 | 1.7676 | 0.3162 | DATA_PRIVACY_SECURE | MAINTAIN_BASELINE_PRIVACY_BUDGET | 200
PRIV-02124 | 0.5960 | 1.7201 | 0.1691 | DATA_PRIVACY_SECURE | MAINTAIN_BASELINE_PRIVACY_BUDGET | 200
PRIV-02125 | 0.6418 | 1.1586 | 0.2021 | DATA_PRIVACY_SECURE | MAINTAIN_BASELINE_PRIVACY_BUDGET | 200
PRIV-02126 | 0.6112 | 1.6265 | 0.2127 | DATA_PRIVACY_SECURE | MAINTAIN_BASELINE_PRIVACY_BUDGET | 200
PRIV-02127 | 0.9661 | 0.8262 | 0.58 | DATA_PRIVACY_SECURE | MAINTAIN_BASELINE_PRIVACY_BUDGET | 200
PRIV-02128 | 0.9280 | 2.7433 | 0.7955 | CRITICAL_MEMORIZATION_LEAK_HAZARD | TRIGGER_DYNAMIC_DIFFERENTIAL_PRIVACY_NOISE | 422
PRIV-02129 | 0.7566 | 3.0939 | 0.443 | DATA_PRIVACY_SECURE | MAINTAIN_BASELINE_PRIVACY_BUDGET | 200
PRIV-02130 | 0.5985 | 2.0615 | 0.2189 | DATA_PRIVACY_SECURE | MAINTAIN_BASELINE_PRIVACY_BUDGET | 200
PRIV-02131 | 0.9392 | 0.6526 | 0.5624 | DATA_PRIVACY_SECURE | MAINTAIN_BASELINE_PRIVACY_BUDGET | 200
PRIV-02132 | 0.5637 | 1.2316 | 0.1394 | DATA_PRIVACY_SECURE | MAINTAIN_BASELINE_PRIVACY_BUDGET | 200
PRIV-02133 | 0.8124 | 1.6663 | 0.478 | DATA_PRIVACY_SECURE | MAINTAIN_BASELINE_PRIVACY_BUDGET | 200
PRIV-02134 | 0.7949 | 3.3063 | 0.5082 | DATA_PRIVACY_SECURE | MAINTAIN_BASELINE_PRIVACY_BUDGET | 200
PRIV-02135 | 0.9549 | 2.0291 | 0.7553 | DATA_PRIVACY_SECURE | MAINTAIN_BASELINE_PRIVACY_BUDGET | 200
PRIV-02136 | 0.7920 | 2.1660 | 0.4228 | DATA_PRIVACY_SECURE | MAINTAIN_BASELINE_PRIVACY_BUDGET | 200
PRIV-02137 | 0.5904 | 2.2631 | 0.1905 | DATA_PRIVACY_SECURE | MAINTAIN_BASELINE_PRIVACY_BUDGET | 200
PRIV-02138 | 0.8701 | 1.3899 | 0.5894 | DATA_PRIVACY_SECURE | MAINTAIN_BASELINE_PRIVACY_BUDGET | 200
PRIV-02139 | 0.9704 | 1.3594 | 0.6775 | DATA_PRIVACY_SECURE | MAINTAIN_BASELINE_PRIVACY_BUDGET | 200
PRIV-02140 | 0.7389 | 2.8216 | 0.322 | DATA_PRIVACY_SECURE | MAINTAIN_BASELINE_PRIVACY_BUDGET | 200
PRIV-02141 | 0.6077 | 0.3852 | 0.1401 | DATA_PRIVACY_SECURE | MAINTAIN_BASELINE_PRIVACY_BUDGET | 200
PRIV-02142 | 0.9988 | 1.7190 | 0.8471 | CRITICAL_MEMORIZATION_LEAK_HAZARD | TRIGGER_DYNAMIC_DIFFERENTIAL_PRIVACY_NOISE | 422
PRIV-02143 | 0.5695 | 1.3022 | 0.1521 | DATA_PRIVACY_SECURE | MAINTAIN_BASELINE_PRIVACY_BUDGET | 200
PRIV-02144 | 0.8296 | 0.1712 | 0.3196 | DATA_PRIVACY_SECURE | MAINTAIN_BASELINE_PRIVACY_BUDGET | 200
PRIV-02145 | 0.7231 | 0.9760 | 0.2657 | DATA_PRIVACY_SECURE | MAINTAIN_BASELINE_PRIVACY_BUDGET | 200
PRIV-02146 | 0.9340 | 2.1075 | 0.786 | CRITICAL_MEMORIZATION_LEAK_HAZARD | TRIGGER_DYNAMIC_DIFFERENTIAL_PRIVACY_NOISE | 422
PRIV-02147 | 0.9268 | 2.6746 | 0.6807 | DATA_PRIVACY_SECURE | MAINTAIN_BASELINE_PRIVACY_BUDGET | 200
PRIV-02148 | 0.8950 | 2.7879 | 0.6422 | DATA_PRIVACY_SECURE | MAINTAIN_BASELINE_PRIVACY_BUDGET | 200
PRIV-02149 | 0.5273 | 2.8987 | 0.1348 | DATA_PRIVACY_SECURE | MAINTAIN_BASELINE_PRIVACY_BUDGET | 200
PRIV-02150 | 0.5487 | 2.8469 | 0.0904 | DATA_PRIVACY_SECURE | MAINTAIN_BASELINE_PRIVACY_BUDGET | 200
PRIV-02151 | 0.6387 | 1.1972 | 0.1931 | DATA_PRIVACY_SECURE | MAINTAIN_BASELINE_PRIVACY_BUDGET | 200
PRIV-02152 | 0.7579 | 1.9400 | 0.4471 | DATA_PRIVACY_SECURE | MAINTAIN_BASELINE_PRIVACY_BUDGET | 200
PRIV-02153 | 0.6021 | 3.3829 | 0.212 | DATA_PRIVACY_SECURE | MAINTAIN_BASELINE_PRIVACY_BUDGET | 200
PRIV-02154 | 0.6682 | 2.5875 | 0.2867 | DATA_PRIVACY_SECURE | MAINTAIN_BASELINE_PRIVACY_BUDGET | 200
PRIV-02155 | 0.9819 | 2.8367 | 0.8438 | CRITICAL_MEMORIZATION_LEAK_HAZARD | TRIGGER_DYNAMIC_DIFFERENTIAL_PRIVACY_NOISE | 422
PRIV-02156 | 0.7437 | 2.3866 | 0.352 | DATA_PRIVACY_SECURE | MAINTAIN_BASELINE_PRIVACY_BUDGET | 200
PRIV-02157 | 0.5126 | 1.8653 | 0.1016 | DATA_PRIVACY_SECURE | MAINTAIN_BASELINE_PRIVACY_BUDGET | 200
PRIV-02158 | 0.8553 | 2.7808 | 0.5765 | DATA_PRIVACY_SECURE | MAINTAIN_BASELINE_PRIVACY_BUDGET | 200
PRIV-02159 | 0.6298 | 3.2933 | 0.2921 | DATA_PRIVACY_SECURE | MAINTAIN_BASELINE_PRIVACY_BUDGET | 200
PRIV-02160 | 0.6129 | 2.0750 | 0.2268 | DATA_PRIVACY_SECURE | MAINTAIN_BASELINE_PRIVACY_BUDGET | 200
PRIV-02161 | 0.5852 | 3.1942 | 0.148 | DATA_PRIVACY_SECURE | MAINTAIN_BASELINE_PRIVACY_BUDGET | 200
PRIV-02162 | 0.7287 | 2.4360 | 0.3657 | DATA_PRIVACY_SECURE | MAINTAIN_BASELINE_PRIVACY_BUDGET | 200
PRIV-02163 | 0.6693 | 0.6083 | 0.2141 | DATA_PRIVACY_SECURE | MAINTAIN_BASELINE_PRIVACY_BUDGET | 200
PRIV-02164 | 0.9695 | 2.3469 | 0.8772 | CRITICAL_MEMORIZATION_LEAK_HAZARD | TRIGGER_DYNAMIC_DIFFERENTIAL_PRIVACY_NOISE | 422
PRIV-02165 | 0.8530 | 0.6785 | 0.475 | DATA_PRIVACY_SECURE | MAINTAIN_BASELINE_PRIVACY_BUDGET | 200
PRIV-02166 | 0.5876 | 0.7201 | 0.0959 | DATA_PRIVACY_SECURE | MAINTAIN_BASELINE_PRIVACY_BUDGET | 200
PRIV-02167 | 0.6534 | 1.8512 | 0.2087 | DATA_PRIVACY_SECURE | MAINTAIN_BASELINE_PRIVACY_BUDGET | 200
PRIV-02168 | 0.7192 | 2.0597 | 0.2796 | DATA_PRIVACY_SECURE | MAINTAIN_BASELINE_PRIVACY_BUDGET | 200
PRIV-02169 | 0.5731 | 2.0006 | 0.1564 | DATA_PRIVACY_SECURE | MAINTAIN_BASELINE_PRIVACY_BUDGET | 200
PRIV-02170 | 0.6693 | 0.1791 | 0.1819 | DATA_PRIVACY_SECURE | MAINTAIN_BASELINE_PRIVACY_BUDGET | 200
PRIV-02171 | 0.7777 | 0.9964 | 0.3831 | DATA_PRIVACY_SECURE | MAINTAIN_BASELINE_PRIVACY_BUDGET | 200
PRIV-02172 | 0.7589 | 0.4423 | 0.2631 | DATA_PRIVACY_SECURE | MAINTAIN_BASELINE_PRIVACY_BUDGET | 200
PRIV-02173 | 0.9503 | 1.8379 | 0.7275 | DATA_PRIVACY_SECURE | MAINTAIN_BASELINE_PRIVACY_BUDGET | 200
PRIV-02174 | 0.5923 | 1.9667 | 0.1884 | DATA_PRIVACY_SECURE | MAINTAIN_BASELINE_PRIVACY_BUDGET | 200
PRIV-02175 | 0.8592 | 2.3182 | 0.544 | DATA_PRIVACY_SECURE | MAINTAIN_BASELINE_PRIVACY_BUDGET | 200
PRIV-02176 | 0.5985 | 0.4744 | 0.2157 | DATA_PRIVACY_SECURE | MAINTAIN_BASELINE_PRIVACY_BUDGET | 200
PRIV-02177 | 0.9839 | 2.0595 | 0.7805 | CRITICAL_MEMORIZATION_LEAK_HAZARD | TRIGGER_DYNAMIC_DIFFERENTIAL_PRIVACY_NOISE | 422
PRIV-02178 | 0.9227 | 1.6770 | 0.6691 | DATA_PRIVACY_SECURE | MAINTAIN_BASELINE_PRIVACY_BUDGET | 200
PRIV-02179 | 0.7567 | 3.0996 | 0.4956 | DATA_PRIVACY_SECURE | MAINTAIN_BASELINE_PRIVACY_BUDGET | 200
PRIV-02180 | 0.8837 | 2.9873 | 0.6572 | DATA_PRIVACY_SECURE | MAINTAIN_BASELINE_PRIVACY_BUDGET | 200
PRIV-02181 | 0.6475 | 2.6894 | 0.2466 | DATA_PRIVACY_SECURE | MAINTAIN_BASELINE_PRIVACY_BUDGET | 200
PRIV-02182 | 0.8635 | 3.0043 | 0.5992 | DATA_PRIVACY_SECURE | MAINTAIN_BASELINE_PRIVACY_BUDGET | 200
PRIV-02183 | 0.9655 | 2.9009 | 0.8459 | CRITICAL_MEMORIZATION_LEAK_HAZARD | TRIGGER_DYNAMIC_DIFFERENTIAL_PRIVACY_NOISE | 422
PRIV-02184 | 0.9890 | 2.9105 | 0.9723 | CRITICAL_MEMORIZATION_LEAK_HAZARD | TRIGGER_DYNAMIC_DIFFERENTIAL_PRIVACY_NOISE | 422
PRIV-02185 | 0.8024 | 3.1449 | 0.4068 | DATA_PRIVACY_SECURE | MAINTAIN_BASELINE_PRIVACY_BUDGET | 200
PRIV-02186 | 0.8533 | 0.9927 | 0.5146 | DATA_PRIVACY_SECURE | MAINTAIN_BASELINE_PRIVACY_BUDGET | 200
PRIV-02187 | 0.8326 | 2.8189 | 0.4876 | DATA_PRIVACY_SECURE | MAINTAIN_BASELINE_PRIVACY_BUDGET | 200
PRIV-02188 | 0.6569 | 0.5488 | 0.169 | DATA_PRIVACY_SECURE | MAINTAIN_BASELINE_PRIVACY_BUDGET | 200
PRIV-02189 | 0.6670 | 3.4828 | 0.2708 | DATA_PRIVACY_SECURE | MAINTAIN_BASELINE_PRIVACY_BUDGET | 200
PRIV-02190 | 0.8610 | 2.2947 | 0.6034 | DATA_PRIVACY_SECURE | MAINTAIN_BASELINE_PRIVACY_BUDGET | 200
PRIV-02191 | 0.8114 | 1.6745 | 0.386 | DATA_PRIVACY_SECURE | MAINTAIN_BASELINE_PRIVACY_BUDGET | 200
PRIV-02192 | 0.6314 | 2.3804 | 0.2488 | DATA_PRIVACY_SECURE | MAINTAIN_BASELINE_PRIVACY_BUDGET | 200
PRIV-02193 | 0.8852 | 1.5321 | 0.6513 | DATA_PRIVACY_SECURE | MAINTAIN_BASELINE_PRIVACY_BUDGET | 200
PRIV-02194 | 0.6229 | 0.9690 | 0.1207 | DATA_PRIVACY_SECURE | MAINTAIN_BASELINE_PRIVACY_BUDGET | 200
PRIV-02195 | 0.6961 | 3.2904 | 0.3328 | DATA_PRIVACY_SECURE | MAINTAIN_BASELINE_PRIVACY_BUDGET | 200
PRIV-02196 | 0.6706 | 3.2675 | 0.264 | DATA_PRIVACY_SECURE | MAINTAIN_BASELINE_PRIVACY_BUDGET | 200
PRIV-02197 | 0.9500 | 3.3425 | 0.8453 | CRITICAL_MEMORIZATION_LEAK_HAZARD | TRIGGER_DYNAMIC_DIFFERENTIAL_PRIVACY_NOISE | 422
PRIV-02198 | 0.9841 | 1.8832 | 0.828 | CRITICAL_MEMORIZATION_LEAK_HAZARD | TRIGGER_DYNAMIC_DIFFERENTIAL_PRIVACY_NOISE | 422
PRIV-02199 | 0.8204 | 2.4086 | 0.4809 | DATA_PRIVACY_SECURE | MAINTAIN_BASELINE_PRIVACY_BUDGET | 200
PRIV-02200 | 0.8955 | 1.1019 | 0.5585 | DATA_PRIVACY_SECURE | MAINTAIN_BASELINE_PRIVACY_BUDGET | 200
PRIV-02201 | 0.9141 | 1.0561 | 0.6389 | DATA_PRIVACY_SECURE | MAINTAIN_BASELINE_PRIVACY_BUDGET | 200
PRIV-02202 | 0.7767 | 1.4547 | 0.3722 | DATA_PRIVACY_SECURE | MAINTAIN_BASELINE_PRIVACY_BUDGET | 200
PRIV-02203 | 0.6724 | 2.9345 | 0.3174 | DATA_PRIVACY_SECURE | MAINTAIN_BASELINE_PRIVACY_BUDGET | 200
PRIV-02204 | 0.7584 | 1.3734 | 0.2963 | DATA_PRIVACY_SECURE | MAINTAIN_BASELINE_PRIVACY_BUDGET | 200
PRIV-02205 | 0.9522 | 3.3774 | 0.7965 | CRITICAL_MEMORIZATION_LEAK_HAZARD | TRIGGER_DYNAMIC_DIFFERENTIAL_PRIVACY_NOISE | 422
PRIV-02206 | 0.5033 | 2.6947 | 0.1383 | DATA_PRIVACY_SECURE | MAINTAIN_BASELINE_PRIVACY_BUDGET | 200
PRIV-02207 | 0.7829 | 1.4132 | 0.4453 | DATA_PRIVACY_SECURE | MAINTAIN_BASELINE_PRIVACY_BUDGET | 200
PRIV-02208 | 0.8708 | 2.8767 | 0.6393 | DATA_PRIVACY_SECURE | MAINTAIN_BASELINE_PRIVACY_BUDGET | 200
PRIV-02209 | 0.7379 | 0.8892 | 0.2723 | DATA_PRIVACY_SECURE | MAINTAIN_BASELINE_PRIVACY_BUDGET | 200
PRIV-02210 | 0.6999 | 1.1699 | 0.2617 | DATA_PRIVACY_SECURE | MAINTAIN_BASELINE_PRIVACY_BUDGET | 200
PRIV-02211 | 0.8290 | 0.7706 | 0.3394 | DATA_PRIVACY_SECURE | MAINTAIN_BASELINE_PRIVACY_BUDGET | 200
PRIV-02212 | 0.6238 | 3.4839 | 0.2596 | DATA_PRIVACY_SECURE | MAINTAIN_BASELINE_PRIVACY_BUDGET | 200
PRIV-02213 | 0.6909 | 1.8184 | 0.319 | DATA_PRIVACY_SECURE | MAINTAIN_BASELINE_PRIVACY_BUDGET | 200
PRIV-02214 | 0.6428 | 1.8009 | 0.2099 | DATA_PRIVACY_SECURE | MAINTAIN_BASELINE_PRIVACY_BUDGET | 200
PRIV-02215 | 0.9040 | 1.7999 | 0.6152 | DATA_PRIVACY_SECURE | MAINTAIN_BASELINE_PRIVACY_BUDGET | 200
PRIV-02216 | 0.7608 | 0.3178 | 0.2655 | DATA_PRIVACY_SECURE | MAINTAIN_BASELINE_PRIVACY_BUDGET | 200
PRIV-02217 | 0.6034 | 0.7184 | 0.1303 | DATA_PRIVACY_SECURE | MAINTAIN_BASELINE_PRIVACY_BUDGET | 200
PRIV-02218 | 0.7569 | 0.5189 | 0.2692 | DATA_PRIVACY_SECURE | MAINTAIN_BASELINE_PRIVACY_BUDGET | 200
PRIV-02219 | 0.6241 | 3.0946 | 0.3166 | DATA_PRIVACY_SECURE | MAINTAIN_BASELINE_PRIVACY_BUDGET | 200
PRIV-02220 | 0.6959 | 2.9753 | 0.3108 | DATA_PRIVACY_SECURE | MAINTAIN_BASELINE_PRIVACY_BUDGET | 200
PRIV-02221 | 0.8275 | 2.7916 | 0.5195 | DATA_PRIVACY_SECURE | MAINTAIN_BASELINE_PRIVACY_BUDGET | 200
PRIV-02222 | 0.5999 | 3.1478 | 0.1811 | DATA_PRIVACY_SECURE | MAINTAIN_BASELINE_PRIVACY_BUDGET | 200
PRIV-02223 | 0.5490 | 0.8814 | 0.1468 | DATA_PRIVACY_SECURE | MAINTAIN_BASELINE_PRIVACY_BUDGET | 200
PRIV-02224 | 0.7185 | 2.8501 | 0.3434 | DATA_PRIVACY_SECURE | MAINTAIN_BASELINE_PRIVACY_BUDGET | 200
PRIV-02225 | 0.8587 | 3.0181 | 0.5777 | DATA_PRIVACY_SECURE | MAINTAIN_BASELINE_PRIVACY_BUDGET | 200
PRIV-02226 | 0.6871 | 0.8399 | 0.2794 | DATA_PRIVACY_SECURE | MAINTAIN_BASELINE_PRIVACY_BUDGET | 200
PRIV-02227 | 0.6610 | 2.3605 | 0.3207 | DATA_PRIVACY_SECURE | MAINTAIN_BASELINE_PRIVACY_BUDGET | 200
PRIV-02228 | 0.7189 | 0.9974 | 0.2474 | DATA_PRIVACY_SECURE | MAINTAIN_BASELINE_PRIVACY_BUDGET | 200
PRIV-02229 | 0.5318 | 3.4402 | 0.0711 | DATA_PRIVACY_SECURE | MAINTAIN_BASELINE_PRIVACY_BUDGET | 200
PRIV-02230 | 0.6417 | 0.6575 | 0.2144 | DATA_PRIVACY_SECURE | MAINTAIN_BASELINE_PRIVACY_BUDGET | 200
PRIV-02231 | 0.7525 | 3.2689 | 0.3832 | DATA_PRIVACY_SECURE | MAINTAIN_BASELINE_PRIVACY_BUDGET | 200
PRIV-02232 | 0.5544 | 2.1483 | 0.1843 | DATA_PRIVACY_SECURE | MAINTAIN_BASELINE_PRIVACY_BUDGET | 200
PRIV-02233 | 0.8195 | 1.8365 | 0.3959 | DATA_PRIVACY_SECURE | MAINTAIN_BASELINE_PRIVACY_BUDGET | 200
PRIV-02234 | 0.7334 | 1.5408 | 0.3606 | DATA_PRIVACY_SECURE | MAINTAIN_BASELINE_PRIVACY_BUDGET | 200
PRIV-02235 | 0.9306 | 2.4789 | 0.6951 | DATA_PRIVACY_SECURE | MAINTAIN_BASELINE_PRIVACY_BUDGET | 200
PRIV-02236 | 0.5177 | 1.4379 | 0.1414 | DATA_PRIVACY_SECURE | MAINTAIN_BASELINE_PRIVACY_BUDGET | 200
PRIV-02237 | 0.5964 | 1.9586 | 0.1865 | DATA_PRIVACY_SECURE | MAINTAIN_BASELINE_PRIVACY_BUDGET | 200
PRIV-02238 | 0.7789 | 0.8936 | 0.2971 | DATA_PRIVACY_SECURE | MAINTAIN_BASELINE_PRIVACY_BUDGET | 200
PRIV-02239 | 0.6662 | 1.9150 | 0.2414 | DATA_PRIVACY_SECURE | MAINTAIN_BASELINE_PRIVACY_BUDGET | 200
PRIV-02240 | 0.6505 | 2.1598 | 0.2743 | DATA_PRIVACY_SECURE | MAINTAIN_BASELINE_PRIVACY_BUDGET | 200
PRIV-02241 | 0.9614 | 2.6686 | 0.8351 | CRITICAL_MEMORIZATION_LEAK_HAZARD | TRIGGER_DYNAMIC_DIFFERENTIAL_PRIVACY_NOISE | 422
PRIV-02242 | 0.8913 | 0.3654 | 0.4414 | DATA_PRIVACY_SECURE | MAINTAIN_BASELINE_PRIVACY_BUDGET | 200
PRIV-02243 | 0.7882 | 3.1291 | 0.5481 | DATA_PRIVACY_SECURE | MAINTAIN_BASELINE_PRIVACY_BUDGET | 200
PRIV-02244 | 0.5556 | 0.9246 | 0.0602 | DATA_PRIVACY_SECURE | MAINTAIN_BASELINE_PRIVACY_BUDGET | 200
PRIV-02245 | 0.7548 | 2.1592 | 0.4502 | DATA_PRIVACY_SECURE | MAINTAIN_BASELINE_PRIVACY_BUDGET | 200
PRIV-02246 | 0.6362 | 0.6603 | 0.1739 | DATA_PRIVACY_SECURE | MAINTAIN_BASELINE_PRIVACY_BUDGET | 200
PRIV-02247 | 0.8094 | 2.1891 | 0.4408 | DATA_PRIVACY_SECURE | MAINTAIN_BASELINE_PRIVACY_BUDGET | 200
PRIV-02248 | 0.5104 | 2.9551 | 0.0732 | DATA_PRIVACY_SECURE | MAINTAIN_BASELINE_PRIVACY_BUDGET | 200
PRIV-02249 | 0.6611 | 2.9401 | 0.2668 | DATA_PRIVACY_SECURE | MAINTAIN_BASELINE_PRIVACY_BUDGET | 200
PRIV-02250 | 0.6638 | 2.4337 | 0.3058 | DATA_PRIVACY_SECURE | MAINTAIN_BASELINE_PRIVACY_BUDGET | 200
PRIV-02251 | 0.6340 | 1.6334 | 0.2081 | DATA_PRIVACY_SECURE | MAINTAIN_BASELINE_PRIVACY_BUDGET | 200
PRIV-02252 | 0.5984 | 0.8328 | 0.2098 | DATA_PRIVACY_SECURE | MAINTAIN_BASELINE_PRIVACY_BUDGET | 200
PRIV-02253 | 0.8240 | 1.2331 | 0.3752 | DATA_PRIVACY_SECURE | MAINTAIN_BASELINE_PRIVACY_BUDGET | 200
PRIV-02254 | 0.9113 | 3.4049 | 0.7321 | DATA_PRIVACY_SECURE | MAINTAIN_BASELINE_PRIVACY_BUDGET | 200
PRIV-02255 | 0.5453 | 0.9416 | 0.0666 | DATA_PRIVACY_SECURE | MAINTAIN_BASELINE_PRIVACY_BUDGET | 200
PRIV-02256 | 0.9419 | 1.1186 | 0.6444 | DATA_PRIVACY_SECURE | MAINTAIN_BASELINE_PRIVACY_BUDGET | 200
PRIV-02257 | 0.7156 | 3.4385 | 0.3906 | DATA_PRIVACY_SECURE | MAINTAIN_BASELINE_PRIVACY_BUDGET | 200
PRIV-02258 | 0.8447 | 1.6861 | 0.4917 | DATA_PRIVACY_SECURE | MAINTAIN_BASELINE_PRIVACY_BUDGET | 200
PRIV-02259 | 0.6816 | 3.1070 | 0.1989 | DATA_PRIVACY_SECURE | MAINTAIN_BASELINE_PRIVACY_BUDGET | 200
PRIV-02260 | 0.7796 | 2.2891 | 0.4381 | DATA_PRIVACY_SECURE | MAINTAIN_BASELINE_PRIVACY_BUDGET | 200
PRIV-02261 | 0.5147 | 2.1125 | 0.1391 | DATA_PRIVACY_SECURE | MAINTAIN_BASELINE_PRIVACY_BUDGET | 200
PRIV-02262 | 0.7013 | 1.1564 | 0.2785 | DATA_PRIVACY_SECURE | MAINTAIN_BASELINE_PRIVACY_BUDGET | 200
PRIV-02263 | 0.5172 | 2.2691 | 0.1748 | DATA_PRIVACY_SECURE | MAINTAIN_BASELINE_PRIVACY_BUDGET | 200
PRIV-02264 | 0.5810 | 2.6710 | 0.1406 | DATA_PRIVACY_SECURE | MAINTAIN_BASELINE_PRIVACY_BUDGET | 200
PRIV-02265 | 0.5124 | 1.1434 | 0.1292 | DATA_PRIVACY_SECURE | MAINTAIN_BASELINE_PRIVACY_BUDGET | 200
PRIV-02266 | 0.7805 | 1.3322 | 0.4238 | DATA_PRIVACY_SECURE | MAINTAIN_BASELINE_PRIVACY_BUDGET | 200
PRIV-02267 | 0.8879 | 0.1144 | 0.2988 | DATA_PRIVACY_SECURE | MAINTAIN_BASELINE_PRIVACY_BUDGET | 200
PRIV-02268 | 0.5479 | 3.1665 | 0.1706 | DATA_PRIVACY_SECURE | MAINTAIN_BASELINE_PRIVACY_BUDGET | 200
PRIV-02269 | 0.7268 | 2.0653 | 0.3205 | DATA_PRIVACY_SECURE | MAINTAIN_BASELINE_PRIVACY_BUDGET | 200
PRIV-02270 | 0.7167 | 2.5925 | 0.3392 | DATA_PRIVACY_SECURE | MAINTAIN_BASELINE_PRIVACY_BUDGET | 200
PRIV-02271 | 0.8772 | 3.1817 | 0.662 | DATA_PRIVACY_SECURE | MAINTAIN_BASELINE_PRIVACY_BUDGET | 200
PRIV-02272 | 0.6970 | 0.3113 | 0.176 | DATA_PRIVACY_SECURE | MAINTAIN_BASELINE_PRIVACY_BUDGET | 200
PRIV-02273 | 0.8115 | 2.7943 | 0.4765 | DATA_PRIVACY_SECURE | MAINTAIN_BASELINE_PRIVACY_BUDGET | 200
PRIV-02274 | 0.7816 | 2.5324 | 0.4437 | DATA_PRIVACY_SECURE | MAINTAIN_BASELINE_PRIVACY_BUDGET | 200
PRIV-02275 | 0.7554 | 2.7311 | 0.3612 | DATA_PRIVACY_SECURE | MAINTAIN_BASELINE_PRIVACY_BUDGET | 200
PRIV-02276 | 0.8185 | 2.8525 | 0.475 | DATA_PRIVACY_SECURE | MAINTAIN_BASELINE_PRIVACY_BUDGET | 200
PRIV-02277 | 0.8807 | 1.9069 | 0.6219 | DATA_PRIVACY_SECURE | MAINTAIN_BASELINE_PRIVACY_BUDGET | 200
PRIV-02278 | 0.5457 | 1.7732 | 0.093 | DATA_PRIVACY_SECURE | MAINTAIN_BASELINE_PRIVACY_BUDGET | 200
PRIV-02279 | 0.6218 | 2.5957 | 0.2504 | DATA_PRIVACY_SECURE | MAINTAIN_BASELINE_PRIVACY_BUDGET | 200
PRIV-02280 | 0.8677 | 3.2134 | 0.6466 | DATA_PRIVACY_SECURE | MAINTAIN_BASELINE_PRIVACY_BUDGET | 200
PRIV-02281 | 0.7015 | 2.1920 | 0.2415 | DATA_PRIVACY_SECURE | MAINTAIN_BASELINE_PRIVACY_BUDGET | 200
PRIV-02282 | 0.6115 | 2.7078 | 0.1873 | DATA_PRIVACY_SECURE | MAINTAIN_BASELINE_PRIVACY_BUDGET | 200
PRIV-02283 | 0.9312 | 2.5114 | 0.7947 | CRITICAL_MEMORIZATION_LEAK_HAZARD | TRIGGER_DYNAMIC_DIFFERENTIAL_PRIVACY_NOISE | 422
PRIV-02284 | 0.9608 | 2.9069 | 0.8017 | CRITICAL_MEMORIZATION_LEAK_HAZARD | TRIGGER_DYNAMIC_DIFFERENTIAL_PRIVACY_NOISE | 422
PRIV-02285 | 0.9761 | 2.2711 | 0.8246 | CRITICAL_MEMORIZATION_LEAK_HAZARD | TRIGGER_DYNAMIC_DIFFERENTIAL_PRIVACY_NOISE | 422
PRIV-02286 | 0.9842 | 0.2317 | 0.5501 | DATA_PRIVACY_SECURE | MAINTAIN_BASELINE_PRIVACY_BUDGET | 200
PRIV-02287 | 0.6599 | 0.1678 | 0.1871 | DATA_PRIVACY_SECURE | MAINTAIN_BASELINE_PRIVACY_BUDGET | 200
PRIV-02288 | 0.6093 | 1.3749 | 0.1704 | DATA_PRIVACY_SECURE | MAINTAIN_BASELINE_PRIVACY_BUDGET | 200
PRIV-02289 | 0.9665 | 2.5769 | 0.8151 | CRITICAL_MEMORIZATION_LEAK_HAZARD | TRIGGER_DYNAMIC_DIFFERENTIAL_PRIVACY_NOISE | 422
PRIV-02290 | 0.6073 | 2.6212 | 0.2656 | DATA_PRIVACY_SECURE | MAINTAIN_BASELINE_PRIVACY_BUDGET | 200
PRIV-02291 | 0.7712 | 2.0611 | 0.4764 | DATA_PRIVACY_SECURE | MAINTAIN_BASELINE_PRIVACY_BUDGET | 200
PRIV-02292 | 0.6409 | 3.1850 | 0.2919 | DATA_PRIVACY_SECURE | MAINTAIN_BASELINE_PRIVACY_BUDGET | 200
PRIV-02293 | 0.6286 | 2.3596 | 0.2304 | DATA_PRIVACY_SECURE | MAINTAIN_BASELINE_PRIVACY_BUDGET | 200
PRIV-02294 | 0.9606 | 2.0930 | 0.7566 | DATA_PRIVACY_SECURE | MAINTAIN_BASELINE_PRIVACY_BUDGET | 200
PRIV-02295 | 0.6753 | 0.1722 | 0.134 | DATA_PRIVACY_SECURE | MAINTAIN_BASELINE_PRIVACY_BUDGET | 200
PRIV-02296 | 0.8417 | 2.4428 | 0.5695 | DATA_PRIVACY_SECURE | MAINTAIN_BASELINE_PRIVACY_BUDGET | 200
PRIV-02297 | 0.5355 | 2.9368 | 0.1625 | DATA_PRIVACY_SECURE | MAINTAIN_BASELINE_PRIVACY_BUDGET | 200
PRIV-02298 | 0.5411 | 2.7182 | 0.2047 | DATA_PRIVACY_SECURE | MAINTAIN_BASELINE_PRIVACY_BUDGET | 200
PRIV-02299 | 0.5360 | 1.1241 | 0.1423 | DATA_PRIVACY_SECURE | MAINTAIN_BASELINE_PRIVACY_BUDGET | 200
PRIV-02300 | 0.9163 | 1.3758 | 0.5541 | DATA_PRIVACY_SECURE | MAINTAIN_BASELINE_PRIVACY_BUDGET | 200
PRIV-02301 | 0.9847 | 2.7384 | 0.939 | CRITICAL_MEMORIZATION_LEAK_HAZARD | TRIGGER_DYNAMIC_DIFFERENTIAL_PRIVACY_NOISE | 422
PRIV-02302 | 0.7544 | 2.5175 | 0.3573 | DATA_PRIVACY_SECURE | MAINTAIN_BASELINE_PRIVACY_BUDGET | 200
PRIV-02303 | 0.9698 | 0.6829 | 0.5907 | DATA_PRIVACY_SECURE | MAINTAIN_BASELINE_PRIVACY_BUDGET | 200
PRIV-02304 | 0.8003 | 2.9156 | 0.4962 | DATA_PRIVACY_SECURE | MAINTAIN_BASELINE_PRIVACY_BUDGET | 200
PRIV-02305 | 0.9416 | 0.1380 | 0.526 | DATA_PRIVACY_SECURE | MAINTAIN_BASELINE_PRIVACY_BUDGET | 200
PRIV-02306 | 0.6787 | 0.8564 | 0.3439 | DATA_PRIVACY_SECURE | MAINTAIN_BASELINE_PRIVACY_BUDGET | 200
PRIV-02307 | 0.9243 | 2.8990 | 0.7728 | CRITICAL_MEMORIZATION_LEAK_HAZARD | TRIGGER_DYNAMIC_DIFFERENTIAL_PRIVACY_NOISE | 422
PRIV-02308 | 0.5123 | 0.1207 | 0.064 | DATA_PRIVACY_SECURE | MAINTAIN_BASELINE_PRIVACY_BUDGET | 200
PRIV-02309 | 0.7051 | 1.3557 | 0.3001 | DATA_PRIVACY_SECURE | MAINTAIN_BASELINE_PRIVACY_BUDGET | 200
PRIV-02310 | 0.7951 | 0.5458 | 0.3538 | DATA_PRIVACY_SECURE | MAINTAIN_BASELINE_PRIVACY_BUDGET | 200
PRIV-02311 | 0.5504 | 2.6660 | 0.1431 | DATA_PRIVACY_SECURE | MAINTAIN_BASELINE_PRIVACY_BUDGET | 200
PRIV-02312 | 0.8788 | 1.2781 | 0.6027 | DATA_PRIVACY_SECURE | MAINTAIN_BASELINE_PRIVACY_BUDGET | 200
PRIV-02313 | 0.9825 | 3.0447 | 0.9145 | CRITICAL_MEMORIZATION_LEAK_HAZARD | TRIGGER_DYNAMIC_DIFFERENTIAL_PRIVACY_NOISE | 422
PRIV-02314 | 0.7751 | 3.2970 | 0.469 | DATA_PRIVACY_SECURE | MAINTAIN_BASELINE_PRIVACY_BUDGET | 200
PRIV-02315 | 0.5923 | 2.2273 | 0.2142 | DATA_PRIVACY_SECURE | MAINTAIN_BASELINE_PRIVACY_BUDGET | 200
PRIV-02316 | 0.6482 | 0.7563 | 0.2022 | DATA_PRIVACY_SECURE | MAINTAIN_BASELINE_PRIVACY_BUDGET | 200
PRIV-02317 | 0.9922 | 2.8566 | 0.9573 | CRITICAL_MEMORIZATION_LEAK_HAZARD | TRIGGER_DYNAMIC_DIFFERENTIAL_PRIVACY_NOISE | 422
PRIV-02318 | 0.6618 | 0.2194 | 0.1361 | DATA_PRIVACY_SECURE | MAINTAIN_BASELINE_PRIVACY_BUDGET | 200
PRIV-02319 | 0.8730 | 1.8319 | 0.5513 | DATA_PRIVACY_SECURE | MAINTAIN_BASELINE_PRIVACY_BUDGET | 200
PRIV-02320 | 0.7837 | 2.9149 | 0.4125 | DATA_PRIVACY_SECURE | MAINTAIN_BASELINE_PRIVACY_BUDGET | 200
PRIV-02321 | 0.9009 | 1.6747 | 0.6334 | DATA_PRIVACY_SECURE | MAINTAIN_BASELINE_PRIVACY_BUDGET | 200
PRIV-02322 | 0.5179 | 1.9769 | 0.1531 | DATA_PRIVACY_SECURE | MAINTAIN_BASELINE_PRIVACY_BUDGET | 200
PRIV-02323 | 0.7979 | 1.8635 | 0.4581 | DATA_PRIVACY_SECURE | MAINTAIN_BASELINE_PRIVACY_BUDGET | 200
PRIV-02324 | 0.9213 | 0.8734 | 0.6186 | DATA_PRIVACY_SECURE | MAINTAIN_BASELINE_PRIVACY_BUDGET | 200
PRIV-02325 | 0.5291 | 1.8964 | 0.1286 | DATA_PRIVACY_SECURE | MAINTAIN_BASELINE_PRIVACY_BUDGET | 200
PRIV-02326 | 0.8726 | 1.3796 | 0.5576 | DATA_PRIVACY_SECURE | MAINTAIN_BASELINE_PRIVACY_BUDGET | 200
PRIV-02327 | 0.5844 | 0.2989 | 0.0709 | DATA_PRIVACY_SECURE | MAINTAIN_BASELINE_PRIVACY_BUDGET | 200
PRIV-02328 | 0.5379 | 2.2029 | 0.1247 | DATA_PRIVACY_SECURE | MAINTAIN_BASELINE_PRIVACY_BUDGET | 200
PRIV-02329 | 0.7411 | 0.9105 | 0.3181 | DATA_PRIVACY_SECURE | MAINTAIN_BASELINE_PRIVACY_BUDGET | 200
PRIV-02330 | 0.7796 | 3.3872 | 0.4923 | DATA_PRIVACY_SECURE | MAINTAIN_BASELINE_PRIVACY_BUDGET | 200
PRIV-02331 | 0.9018 | 2.8629 | 0.6821 | DATA_PRIVACY_SECURE | MAINTAIN_BASELINE_PRIVACY_BUDGET | 200
PRIV-02332 | 0.8952 | 1.5938 | 0.5934 | DATA_PRIVACY_SECURE | MAINTAIN_BASELINE_PRIVACY_BUDGET | 200
PRIV-02333 | 0.7058 | 1.5151 | 0.2275 | DATA_PRIVACY_SECURE | MAINTAIN_BASELINE_PRIVACY_BUDGET | 200
PRIV-02334 | 0.5988 | 2.6430 | 0.1862 | DATA_PRIVACY_SECURE | MAINTAIN_BASELINE_PRIVACY_BUDGET | 200
PRIV-02335 | 0.9858 | 2.0986 | 0.8889 | CRITICAL_MEMORIZATION_LEAK_HAZARD | TRIGGER_DYNAMIC_DIFFERENTIAL_PRIVACY_NOISE | 422
PRIV-02336 | 0.9167 | 1.6127 | 0.6654 | DATA_PRIVACY_SECURE | MAINTAIN_BASELINE_PRIVACY_BUDGET | 200
PRIV-02337 | 0.5373 | 1.8971 | 0.1549 | DATA_PRIVACY_SECURE | MAINTAIN_BASELINE_PRIVACY_BUDGET | 200
PRIV-02338 | 0.5729 | 1.7962 | 0.1633 | DATA_PRIVACY_SECURE | MAINTAIN_BASELINE_PRIVACY_BUDGET | 200
PRIV-02339 | 0.9805 | 0.6428 | 0.618 | DATA_PRIVACY_SECURE | MAINTAIN_BASELINE_PRIVACY_BUDGET | 200
PRIV-02340 | 0.8436 | 0.4484 | 0.3399 | DATA_PRIVACY_SECURE | MAINTAIN_BASELINE_PRIVACY_BUDGET | 200
PRIV-02341 | 0.7545 | 0.6102 | 0.3062 | DATA_PRIVACY_SECURE | MAINTAIN_BASELINE_PRIVACY_BUDGET | 200
PRIV-02342 | 0.5940 | 1.4169 | 0.1855 | DATA_PRIVACY_SECURE | MAINTAIN_BASELINE_PRIVACY_BUDGET | 200
PRIV-02343 | 0.5340 | 3.0795 | 0.1652 | DATA_PRIVACY_SECURE | MAINTAIN_BASELINE_PRIVACY_BUDGET | 200
PRIV-02344 | 0.8322 | 0.8697 | 0.3851 | DATA_PRIVACY_SECURE | MAINTAIN_BASELINE_PRIVACY_BUDGET | 200
PRIV-02345 | 0.5801 | 0.3214 | 0.027 | DATA_PRIVACY_SECURE | MAINTAIN_BASELINE_PRIVACY_BUDGET | 200
PRIV-02346 | 0.6207 | 2.5462 | 0.2656 | DATA_PRIVACY_SECURE | MAINTAIN_BASELINE_PRIVACY_BUDGET | 200
PRIV-02347 | 0.8091 | 0.2551 | 0.2792 | DATA_PRIVACY_SECURE | MAINTAIN_BASELINE_PRIVACY_BUDGET | 200
PRIV-02348 | 0.9881 | 1.7196 | 0.7836 | CRITICAL_MEMORIZATION_LEAK_HAZARD | TRIGGER_DYNAMIC_DIFFERENTIAL_PRIVACY_NOISE | 422
PRIV-02349 | 0.9876 | 2.2880 | 0.9024 | CRITICAL_MEMORIZATION_LEAK_HAZARD | TRIGGER_DYNAMIC_DIFFERENTIAL_PRIVACY_NOISE | 422
PRIV-02350 | 0.6148 | 1.8646 | 0.1856 | DATA_PRIVACY_SECURE | MAINTAIN_BASELINE_PRIVACY_BUDGET | 200
PRIV-02351 | 0.7485 | 0.5663 | 0.3099 | DATA_PRIVACY_SECURE | MAINTAIN_BASELINE_PRIVACY_BUDGET | 200
PRIV-02352 | 0.8014 | 1.0800 | 0.4089 | DATA_PRIVACY_SECURE | MAINTAIN_BASELINE_PRIVACY_BUDGET | 200
PRIV-02353 | 0.6775 | 2.3892 | 0.3122 | DATA_PRIVACY_SECURE | MAINTAIN_BASELINE_PRIVACY_BUDGET | 200
PRIV-02354 | 0.7464 | 3.2541 | 0.3457 | DATA_PRIVACY_SECURE | MAINTAIN_BASELINE_PRIVACY_BUDGET | 200
PRIV-02355 | 0.5657 | 2.0253 | 0.2084 | DATA_PRIVACY_SECURE | MAINTAIN_BASELINE_PRIVACY_BUDGET | 200
PRIV-02356 | 0.8963 | 0.9546 | 0.5304 | DATA_PRIVACY_SECURE | MAINTAIN_BASELINE_PRIVACY_BUDGET | 200
PRIV-02357 | 0.6819 | 0.2810 | 0.1659 | DATA_PRIVACY_SECURE | MAINTAIN_BASELINE_PRIVACY_BUDGET | 200
PRIV-02358 | 0.8275 | 0.4022 | 0.3453 | DATA_PRIVACY_SECURE | MAINTAIN_BASELINE_PRIVACY_BUDGET | 200
PRIV-02359 | 0.6407 | 3.3889 | 0.1834 | DATA_PRIVACY_SECURE | MAINTAIN_BASELINE_PRIVACY_BUDGET | 200
PRIV-02360 | 0.7057 | 2.5491 | 0.3423 | DATA_PRIVACY_SECURE | MAINTAIN_BASELINE_PRIVACY_BUDGET | 200
PRIV-02361 | 0.5113 | 1.3228 | 0.0643 | DATA_PRIVACY_SECURE | MAINTAIN_BASELINE_PRIVACY_BUDGET | 200
PRIV-02362 | 0.5892 | 1.7271 | 0.1195 | DATA_PRIVACY_SECURE | MAINTAIN_BASELINE_PRIVACY_BUDGET | 200
PRIV-02363 | 0.9181 | 1.0813 | 0.517 | DATA_PRIVACY_SECURE | MAINTAIN_BASELINE_PRIVACY_BUDGET | 200
PRIV-02364 | 0.9463 | 0.9617 | 0.6575 | DATA_PRIVACY_SECURE | MAINTAIN_BASELINE_PRIVACY_BUDGET | 200
PRIV-02365 | 0.8413 | 0.3467 | 0.3237 | DATA_PRIVACY_SECURE | MAINTAIN_BASELINE_PRIVACY_BUDGET | 200
PRIV-02366 | 0.8679 | 0.6648 | 0.493 | DATA_PRIVACY_SECURE | MAINTAIN_BASELINE_PRIVACY_BUDGET | 200
PRIV-02367 | 0.9354 | 3.3592 | 0.7695 | CRITICAL_MEMORIZATION_LEAK_HAZARD | TRIGGER_DYNAMIC_DIFFERENTIAL_PRIVACY_NOISE | 422
PRIV-02368 | 0.8466 | 0.7157 | 0.3393 | DATA_PRIVACY_SECURE | MAINTAIN_BASELINE_PRIVACY_BUDGET | 200
PRIV-02369 | 0.8286 | 1.2096 | 0.3935 | DATA_PRIVACY_SECURE | MAINTAIN_BASELINE_PRIVACY_BUDGET | 200
PRIV-02370 | 0.6248 | 0.9723 | 0.2264 | DATA_PRIVACY_SECURE | MAINTAIN_BASELINE_PRIVACY_BUDGET | 200
PRIV-02371 | 0.5449 | 3.1243 | 0.1487 | DATA_PRIVACY_SECURE | MAINTAIN_BASELINE_PRIVACY_BUDGET | 200
PRIV-02372 | 0.5471 | 2.5322 | 0.1297 | DATA_PRIVACY_SECURE | MAINTAIN_BASELINE_PRIVACY_BUDGET | 200
PRIV-02373 | 0.5344 | 2.1720 | 0.1434 | DATA_PRIVACY_SECURE | MAINTAIN_BASELINE_PRIVACY_BUDGET | 200
PRIV-02374 | 0.6705 | 2.7450 | 0.3033 | DATA_PRIVACY_SECURE | MAINTAIN_BASELINE_PRIVACY_BUDGET | 200
PRIV-02375 | 0.5328 | 3.4609 | 0.1913 | DATA_PRIVACY_SECURE | MAINTAIN_BASELINE_PRIVACY_BUDGET | 200
PRIV-02376 | 0.7147 | 3.0965 | 0.4072 | DATA_PRIVACY_SECURE | MAINTAIN_BASELINE_PRIVACY_BUDGET | 200
PRIV-02377 | 0.5290 | 1.2236 | 0.1 | DATA_PRIVACY_SECURE | MAINTAIN_BASELINE_PRIVACY_BUDGET | 200
PRIV-02378 | 0.8367 | 1.7576 | 0.4465 | DATA_PRIVACY_SECURE | MAINTAIN_BASELINE_PRIVACY_BUDGET | 200
PRIV-02379 | 0.6433 | 2.8536 | 0.2352 | DATA_PRIVACY_SECURE | MAINTAIN_BASELINE_PRIVACY_BUDGET | 200
PRIV-02380 | 0.8494 | 0.3789 | 0.3742 | DATA_PRIVACY_SECURE | MAINTAIN_BASELINE_PRIVACY_BUDGET | 200
PRIV-02381 | 0.6920 | 0.1232 | 0.1374 | DATA_PRIVACY_SECURE | MAINTAIN_BASELINE_PRIVACY_BUDGET | 200
PRIV-02382 | 0.8296 | 0.8534 | 0.3621 | DATA_PRIVACY_SECURE | MAINTAIN_BASELINE_PRIVACY_BUDGET | 200
PRIV-02383 | 0.6143 | 2.2308 | 0.223 | DATA_PRIVACY_SECURE | MAINTAIN_BASELINE_PRIVACY_BUDGET | 200
PRIV-02384 | 0.8931 | 2.0416 | 0.6286 | DATA_PRIVACY_SECURE | MAINTAIN_BASELINE_PRIVACY_BUDGET | 200
PRIV-02385 | 0.6033 | 2.5232 | 0.2046 | DATA_PRIVACY_SECURE | MAINTAIN_BASELINE_PRIVACY_BUDGET | 200
PRIV-02386 | 0.8478 | 1.8798 | 0.4984 | DATA_PRIVACY_SECURE | MAINTAIN_BASELINE_PRIVACY_BUDGET | 200
PRIV-02387 | 0.8036 | 2.8569 | 0.4816 | DATA_PRIVACY_SECURE | MAINTAIN_BASELINE_PRIVACY_BUDGET | 200
PRIV-02388 | 0.6629 | 1.8539 | 0.2149 | DATA_PRIVACY_SECURE | MAINTAIN_BASELINE_PRIVACY_BUDGET | 200
PRIV-02389 | 0.5352 | 1.2716 | 0.1553 | DATA_PRIVACY_SECURE | MAINTAIN_BASELINE_PRIVACY_BUDGET | 200
PRIV-02390 | 0.8086 | 0.1992 | 0.332 | DATA_PRIVACY_SECURE | MAINTAIN_BASELINE_PRIVACY_BUDGET | 200
PRIV-02391 | 0.5126 | 0.6591 | 0.0149 | DATA_PRIVACY_SECURE | MAINTAIN_BASELINE_PRIVACY_BUDGET | 200
PRIV-02392 | 0.8843 | 3.4896 | 0.6339 | DATA_PRIVACY_SECURE | MAINTAIN_BASELINE_PRIVACY_BUDGET | 200
PRIV-02393 | 0.7321 | 2.2878 | 0.2964 | DATA_PRIVACY_SECURE | MAINTAIN_BASELINE_PRIVACY_BUDGET | 200
PRIV-02394 | 0.6343 | 1.7297 | 0.1908 | DATA_PRIVACY_SECURE | MAINTAIN_BASELINE_PRIVACY_BUDGET | 200
PRIV-02395 | 0.5090 | 2.8196 | 0.1211 | DATA_PRIVACY_SECURE | MAINTAIN_BASELINE_PRIVACY_BUDGET | 200
PRIV-02396 | 0.9384 | 1.5808 | 0.6273 | DATA_PRIVACY_SECURE | MAINTAIN_BASELINE_PRIVACY_BUDGET | 200
PRIV-02397 | 0.5566 | 0.5610 | 0.0729 | DATA_PRIVACY_SECURE | MAINTAIN_BASELINE_PRIVACY_BUDGET | 200
PRIV-02398 | 0.8607 | 0.1691 | 0.3056 | DATA_PRIVACY_SECURE | MAINTAIN_BASELINE_PRIVACY_BUDGET | 200
PRIV-02399 | 0.8634 | 0.2129 | 0.3642 | DATA_PRIVACY_SECURE | MAINTAIN_BASELINE_PRIVACY_BUDGET | 200
PRIV-02400 | 0.8004 | 2.8308 | 0.487 | DATA_PRIVACY_SECURE | MAINTAIN_BASELINE_PRIVACY_BUDGET | 200
PRIV-02401 | 0.6761 | 3.1997 | 0.2681 | DATA_PRIVACY_SECURE | MAINTAIN_BASELINE_PRIVACY_BUDGET | 200
PRIV-02402 | 0.9838 | 2.7260 | 0.9009 | CRITICAL_MEMORIZATION_LEAK_HAZARD | TRIGGER_DYNAMIC_DIFFERENTIAL_PRIVACY_NOISE | 422
PRIV-02403 | 0.8837 | 0.4617 | 0.4014 | DATA_PRIVACY_SECURE | MAINTAIN_BASELINE_PRIVACY_BUDGET | 200
PRIV-02404 | 0.9398 | 3.0339 | 0.7811 | CRITICAL_MEMORIZATION_LEAK_HAZARD | TRIGGER_DYNAMIC_DIFFERENTIAL_PRIVACY_NOISE | 422
PRIV-02405 | 0.9161 | 2.9407 | 0.7971 | CRITICAL_MEMORIZATION_LEAK_HAZARD | TRIGGER_DYNAMIC_DIFFERENTIAL_PRIVACY_NOISE | 422
PRIV-02406 | 0.6160 | 1.0556 | 0.227 | DATA_PRIVACY_SECURE | MAINTAIN_BASELINE_PRIVACY_BUDGET | 200
PRIV-02407 | 0.7147 | 3.4729 | 0.3021 | DATA_PRIVACY_SECURE | MAINTAIN_BASELINE_PRIVACY_BUDGET | 200
PRIV-02408 | 0.6914 | 2.7058 | 0.343 | DATA_PRIVACY_SECURE | MAINTAIN_BASELINE_PRIVACY_BUDGET | 200
PRIV-02409 | 0.7763 | 2.6616 | 0.4697 | DATA_PRIVACY_SECURE | MAINTAIN_BASELINE_PRIVACY_BUDGET | 200
PRIV-02410 | 0.6587 | 0.4970 | 0.1318 | DATA_PRIVACY_SECURE | MAINTAIN_BASELINE_PRIVACY_BUDGET | 200
PRIV-02411 | 0.9984 | 1.8712 | 0.8953 | CRITICAL_MEMORIZATION_LEAK_HAZARD | TRIGGER_DYNAMIC_DIFFERENTIAL_PRIVACY_NOISE | 422
PRIV-02412 | 0.5061 | 1.9865 | 0.1755 | DATA_PRIVACY_SECURE | MAINTAIN_BASELINE_PRIVACY_BUDGET | 200
PRIV-02413 | 0.9380 | 0.5303 | 0.4748 | DATA_PRIVACY_SECURE | MAINTAIN_BASELINE_PRIVACY_BUDGET | 200
PRIV-02414 | 0.9756 | 1.7193 | 0.7507 | DATA_PRIVACY_SECURE | MAINTAIN_BASELINE_PRIVACY_BUDGET | 200
PRIV-02415 | 0.9015 | 3.3641 | 0.7489 | DATA_PRIVACY_SECURE | MAINTAIN_BASELINE_PRIVACY_BUDGET | 200
PRIV-02416 | 0.8339 | 0.4109 | 0.3596 | DATA_PRIVACY_SECURE | MAINTAIN_BASELINE_PRIVACY_BUDGET | 200
PRIV-02417 | 0.7902 | 1.9300 | 0.453 | DATA_PRIVACY_SECURE | MAINTAIN_BASELINE_PRIVACY_BUDGET | 200
PRIV-02418 | 0.7407 | 0.9145 | 0.3038 | DATA_PRIVACY_SECURE | MAINTAIN_BASELINE_PRIVACY_BUDGET | 200
PRIV-02419 | 0.6889 | 2.7623 | 0.3231 | DATA_PRIVACY_SECURE | MAINTAIN_BASELINE_PRIVACY_BUDGET | 200
PRIV-02420 | 0.5608 | 2.6841 | 0.1121 | DATA_PRIVACY_SECURE | MAINTAIN_BASELINE_PRIVACY_BUDGET | 200
PRIV-02421 | 0.7477 | 2.4548 | 0.4269 | DATA_PRIVACY_SECURE | MAINTAIN_BASELINE_PRIVACY_BUDGET | 200
PRIV-02422 | 0.6014 | 1.7342 | 0.2316 | DATA_PRIVACY_SECURE | MAINTAIN_BASELINE_PRIVACY_BUDGET | 200
PRIV-02423 | 0.7327 | 3.4223 | 0.3717 | DATA_PRIVACY_SECURE | MAINTAIN_BASELINE_PRIVACY_BUDGET | 200
PRIV-02424 | 0.7437 | 0.8105 | 0.283 | DATA_PRIVACY_SECURE | MAINTAIN_BASELINE_PRIVACY_BUDGET | 200
PRIV-02425 | 0.7250 | 2.1263 | 0.2792 | DATA_PRIVACY_SECURE | MAINTAIN_BASELINE_PRIVACY_BUDGET | 200
PRIV-02426 | 0.7409 | 2.1350 | 0.3843 | DATA_PRIVACY_SECURE | MAINTAIN_BASELINE_PRIVACY_BUDGET | 200
PRIV-02427 | 0.6240 | 2.2649 | 0.243 | DATA_PRIVACY_SECURE | MAINTAIN_BASELINE_PRIVACY_BUDGET | 200
PRIV-02428 | 0.9548 | 0.2213 | 0.4807 | DATA_PRIVACY_SECURE | MAINTAIN_BASELINE_PRIVACY_BUDGET | 200
PRIV-02429 | 0.8792 | 3.1968 | 0.6979 | DATA_PRIVACY_SECURE | MAINTAIN_BASELINE_PRIVACY_BUDGET | 200
PRIV-02430 | 0.5318 | 2.6151 | 0.1268 | DATA_PRIVACY_SECURE | MAINTAIN_BASELINE_PRIVACY_BUDGET | 200
PRIV-02431 | 0.8202 | 0.8751 | 0.4121 | DATA_PRIVACY_SECURE | MAINTAIN_BASELINE_PRIVACY_BUDGET | 200
PRIV-02432 | 0.9506 | 1.8329 | 0.6998 | DATA_PRIVACY_SECURE | MAINTAIN_BASELINE_PRIVACY_BUDGET | 200
PRIV-02433 | 0.9350 | 3.0458 | 0.7792 | CRITICAL_MEMORIZATION_LEAK_HAZARD | TRIGGER_DYNAMIC_DIFFERENTIAL_PRIVACY_NOISE | 422
PRIV-02434 | 0.7256 | 0.7074 | 0.2489 | DATA_PRIVACY_SECURE | MAINTAIN_BASELINE_PRIVACY_BUDGET | 200
PRIV-02435 | 0.7293 | 1.6496 | 0.3344 | DATA_PRIVACY_SECURE | MAINTAIN_BASELINE_PRIVACY_BUDGET | 200
PRIV-02436 | 0.5775 | 0.3799 | 0.0996 | DATA_PRIVACY_SECURE | MAINTAIN_BASELINE_PRIVACY_BUDGET | 200
PRIV-02437 | 0.8913 | 3.1322 | 0.6733 | DATA_PRIVACY_SECURE | MAINTAIN_BASELINE_PRIVACY_BUDGET | 200
PRIV-02438 | 0.5603 | 1.5555 | 0.1783 | DATA_PRIVACY_SECURE | MAINTAIN_BASELINE_PRIVACY_BUDGET | 200
PRIV-02439 | 0.5409 | 2.5349 | 0.1292 | DATA_PRIVACY_SECURE | MAINTAIN_BASELINE_PRIVACY_BUDGET | 200
PRIV-02440 | 0.9409 | 1.3313 | 0.5946 | DATA_PRIVACY_SECURE | MAINTAIN_BASELINE_PRIVACY_BUDGET | 200
PRIV-02441 | 0.7765 | 1.1806 | 0.4281 | DATA_PRIVACY_SECURE | MAINTAIN_BASELINE_PRIVACY_BUDGET | 200
PRIV-02442 | 0.6220 | 2.6404 | 0.2799 | DATA_PRIVACY_SECURE | MAINTAIN_BASELINE_PRIVACY_BUDGET | 200
PRIV-02443 | 0.9660 | 2.9846 | 0.8064 | CRITICAL_MEMORIZATION_LEAK_HAZARD | TRIGGER_DYNAMIC_DIFFERENTIAL_PRIVACY_NOISE | 422
PRIV-02444 | 0.8659 | 1.6277 | 0.5703 | DATA_PRIVACY_SECURE | MAINTAIN_BASELINE_PRIVACY_BUDGET | 200
PRIV-02445 | 0.7614 | 3.1653 | 0.4034 | DATA_PRIVACY_SECURE | MAINTAIN_BASELINE_PRIVACY_BUDGET | 200
PRIV-02446 | 0.8580 | 2.3982 | 0.5895 | DATA_PRIVACY_SECURE | MAINTAIN_BASELINE_PRIVACY_BUDGET | 200
PRIV-02447 | 0.6729 | 1.6415 | 0.2671 | DATA_PRIVACY_SECURE | MAINTAIN_BASELINE_PRIVACY_BUDGET | 200
PRIV-02448 | 0.5379 | 2.2073 | 0.1309 | DATA_PRIVACY_SECURE | MAINTAIN_BASELINE_PRIVACY_BUDGET | 200
PRIV-02449 | 0.9538 | 1.9576 | 0.729 | DATA_PRIVACY_SECURE | MAINTAIN_BASELINE_PRIVACY_BUDGET | 200
PRIV-02450 | 0.7282 | 0.1598 | 0.1808 | DATA_PRIVACY_SECURE | MAINTAIN_BASELINE_PRIVACY_BUDGET | 200
PRIV-02451 | 0.8585 | 2.0088 | 0.5212 | DATA_PRIVACY_SECURE | MAINTAIN_BASELINE_PRIVACY_BUDGET | 200
PRIV-02452 | 0.6469 | 2.5949 | 0.2186 | DATA_PRIVACY_SECURE | MAINTAIN_BASELINE_PRIVACY_BUDGET | 200
PRIV-02453 | 0.9543 | 3.0001 | 0.8251 | CRITICAL_MEMORIZATION_LEAK_HAZARD | TRIGGER_DYNAMIC_DIFFERENTIAL_PRIVACY_NOISE | 422
PRIV-02454 | 0.9401 | 3.2617 | 0.7716 | CRITICAL_MEMORIZATION_LEAK_HAZARD | TRIGGER_DYNAMIC_DIFFERENTIAL_PRIVACY_NOISE | 422
PRIV-02455 | 0.8654 | 2.2240 | 0.6122 | DATA_PRIVACY_SECURE | MAINTAIN_BASELINE_PRIVACY_BUDGET | 200
PRIV-02456 | 0.9529 | 0.3012 | 0.5569 | DATA_PRIVACY_SECURE | MAINTAIN_BASELINE_PRIVACY_BUDGET | 200
PRIV-02457 | 0.7384 | 1.3513 | 0.2966 | DATA_PRIVACY_SECURE | MAINTAIN_BASELINE_PRIVACY_BUDGET | 200
PRIV-02458 | 0.7417 | 0.9810 | 0.3063 | DATA_PRIVACY_SECURE | MAINTAIN_BASELINE_PRIVACY_BUDGET | 200
PRIV-02459 | 0.7200 | 1.9450 | 0.3466 | DATA_PRIVACY_SECURE | MAINTAIN_BASELINE_PRIVACY_BUDGET | 200
PRIV-02460 | 0.5734 | 1.0264 | 0.1577 | DATA_PRIVACY_SECURE | MAINTAIN_BASELINE_PRIVACY_BUDGET | 200
PRIV-02461 | 0.7253 | 0.3915 | 0.2307 | DATA_PRIVACY_SECURE | MAINTAIN_BASELINE_PRIVACY_BUDGET | 200
PRIV-02462 | 0.8518 | 2.9839 | 0.618 | DATA_PRIVACY_SECURE | MAINTAIN_BASELINE_PRIVACY_BUDGET | 200
PRIV-02463 | 0.6918 | 1.9815 | 0.3103 | DATA_PRIVACY_SECURE | MAINTAIN_BASELINE_PRIVACY_BUDGET | 200
PRIV-02464 | 0.6219 | 2.3662 | 0.1704 | DATA_PRIVACY_SECURE | MAINTAIN_BASELINE_PRIVACY_BUDGET | 200
PRIV-02465 | 0.7057 | 2.4182 | 0.3575 | DATA_PRIVACY_SECURE | MAINTAIN_BASELINE_PRIVACY_BUDGET | 200
PRIV-02466 | 0.9124 | 3.3960 | 0.7705 | CRITICAL_MEMORIZATION_LEAK_HAZARD | TRIGGER_DYNAMIC_DIFFERENTIAL_PRIVACY_NOISE | 422
PRIV-02467 | 0.8713 | 1.4971 | 0.5099 | DATA_PRIVACY_SECURE | MAINTAIN_BASELINE_PRIVACY_BUDGET | 200
PRIV-02468 | 0.6556 | 2.6329 | 0.2644 | DATA_PRIVACY_SECURE | MAINTAIN_BASELINE_PRIVACY_BUDGET | 200
PRIV-02469 | 0.6187 | 2.9899 | 0.2529 | DATA_PRIVACY_SECURE | MAINTAIN_BASELINE_PRIVACY_BUDGET | 200
PRIV-02470 | 0.7400 | 1.9706 | 0.3473 | DATA_PRIVACY_SECURE | MAINTAIN_BASELINE_PRIVACY_BUDGET | 200
PRIV-02471 | 0.5875 | 2.1389 | 0.2244 | DATA_PRIVACY_SECURE | MAINTAIN_BASELINE_PRIVACY_BUDGET | 200
PRIV-02472 | 0.5861 | 3.4533 | 0.2897 | DATA_PRIVACY_SECURE | MAINTAIN_BASELINE_PRIVACY_BUDGET | 200
PRIV-02473 | 0.8949 | 2.7705 | 0.643 | DATA_PRIVACY_SECURE | MAINTAIN_BASELINE_PRIVACY_BUDGET | 200
PRIV-02474 | 0.7742 | 0.6410 | 0.2487 | DATA_PRIVACY_SECURE | MAINTAIN_BASELINE_PRIVACY_BUDGET | 200
PRIV-02475 | 0.8605 | 2.4727 | 0.5997 | DATA_PRIVACY_SECURE | MAINTAIN_BASELINE_PRIVACY_BUDGET | 200
PRIV-02476 | 0.5861 | 2.0212 | 0.2067 | DATA_PRIVACY_SECURE | MAINTAIN_BASELINE_PRIVACY_BUDGET | 200
PRIV-02477 | 0.5580 | 2.8158 | 0.1547 | DATA_PRIVACY_SECURE | MAINTAIN_BASELINE_PRIVACY_BUDGET | 200
PRIV-02478 | 0.6441 | 3.1793 | 0.3147 | DATA_PRIVACY_SECURE | MAINTAIN_BASELINE_PRIVACY_BUDGET | 200
PRIV-02479 | 0.7195 | 0.7571 | 0.2 | DATA_PRIVACY_SECURE | MAINTAIN_BASELINE_PRIVACY_BUDGET | 200
PRIV-02480 | 0.5080 | 0.4453 | 0.1076 | DATA_PRIVACY_SECURE | MAINTAIN_BASELINE_PRIVACY_BUDGET | 200
PRIV-02481 | 0.5851 | 1.6089 | 0.1427 | DATA_PRIVACY_SECURE | MAINTAIN_BASELINE_PRIVACY_BUDGET | 200
PRIV-02482 | 0.7315 | 3.0773 | 0.443 | DATA_PRIVACY_SECURE | MAINTAIN_BASELINE_PRIVACY_BUDGET | 200
PRIV-02483 | 0.8861 | 0.2203 | 0.4657 | DATA_PRIVACY_SECURE | MAINTAIN_BASELINE_PRIVACY_BUDGET | 200
PRIV-02484 | 0.6395 | 0.3017 | 0.1197 | DATA_PRIVACY_SECURE | MAINTAIN_BASELINE_PRIVACY_BUDGET | 200
PRIV-02485 | 0.5896 | 2.0604 | 0.1598 | DATA_PRIVACY_SECURE | MAINTAIN_BASELINE_PRIVACY_BUDGET | 200
PRIV-02486 | 0.9151 | 0.3349 | 0.4811 | DATA_PRIVACY_SECURE | MAINTAIN_BASELINE_PRIVACY_BUDGET | 200
PRIV-02487 | 0.9696 | 1.3880 | 0.714 | DATA_PRIVACY_SECURE | MAINTAIN_BASELINE_PRIVACY_BUDGET | 200
PRIV-02488 | 0.7463 | 1.8790 | 0.3588 | DATA_PRIVACY_SECURE | MAINTAIN_BASELINE_PRIVACY_BUDGET | 200
PRIV-02489 | 0.8556 | 2.8450 | 0.5929 | DATA_PRIVACY_SECURE | MAINTAIN_BASELINE_PRIVACY_BUDGET | 200
PRIV-02490 | 0.9365 | 1.1558 | 0.5479 | DATA_PRIVACY_SECURE | MAINTAIN_BASELINE_PRIVACY_BUDGET | 200
PRIV-02491 | 0.7162 | 3.0887 | 0.3509 | DATA_PRIVACY_SECURE | MAINTAIN_BASELINE_PRIVACY_BUDGET | 200
PRIV-02492 | 0.8896 | 0.3556 | 0.3864 | DATA_PRIVACY_SECURE | MAINTAIN_BASELINE_PRIVACY_BUDGET | 200
PRIV-02493 | 0.6801 | 0.1510 | 0.1494 | DATA_PRIVACY_SECURE | MAINTAIN_BASELINE_PRIVACY_BUDGET | 200
PRIV-02494 | 0.7989 | 3.2785 | 0.5491 | DATA_PRIVACY_SECURE | MAINTAIN_BASELINE_PRIVACY_BUDGET | 200
PRIV-02495 | 0.8247 | 0.7465 | 0.3303 | DATA_PRIVACY_SECURE | MAINTAIN_BASELINE_PRIVACY_BUDGET | 200
PRIV-02496 | 0.9383 | 2.8703 | 0.8144 | CRITICAL_MEMORIZATION_LEAK_HAZARD | TRIGGER_DYNAMIC_DIFFERENTIAL_PRIVACY_NOISE | 422
PRIV-02497 | 0.9563 | 3.1993 | 0.8291 | CRITICAL_MEMORIZATION_LEAK_HAZARD | TRIGGER_DYNAMIC_DIFFERENTIAL_PRIVACY_NOISE | 422
PRIV-02498 | 0.6424 | 2.7362 | 0.2377 | DATA_PRIVACY_SECURE | MAINTAIN_BASELINE_PRIVACY_BUDGET | 200
PRIV-02499 | 0.9476 | 1.4064 | 0.7151 | DATA_PRIVACY_SECURE | MAINTAIN_BASELINE_PRIVACY_BUDGET | 200
PRIV-02500 | 0.6897 | 3.4545 | 0.3316 | DATA_PRIVACY_SECURE | MAINTAIN_BASELINE_PRIVACY_BUDGET | 200
PRIV-02501 | 0.5393 | 1.1217 | 0.1411 | DATA_PRIVACY_SECURE | MAINTAIN_BASELINE_PRIVACY_BUDGET | 200
PRIV-02502 | 0.8965 | 1.3051 | 0.6056 | DATA_PRIVACY_SECURE | MAINTAIN_BASELINE_PRIVACY_BUDGET | 200
PRIV-02503 | 0.7277 | 1.5018 | 0.3019 | DATA_PRIVACY_SECURE | MAINTAIN_BASELINE_PRIVACY_BUDGET | 200
PRIV-02504 | 0.5706 | 0.7904 | 0.1033 | DATA_PRIVACY_SECURE | MAINTAIN_BASELINE_PRIVACY_BUDGET | 200
PRIV-02505 | 0.7821 | 0.4703 | 0.251 | DATA_PRIVACY_SECURE | MAINTAIN_BASELINE_PRIVACY_BUDGET | 200
PRIV-02506 | 0.5740 | 2.6518 | 0.1437 | DATA_PRIVACY_SECURE | MAINTAIN_BASELINE_PRIVACY_BUDGET | 200
PRIV-02507 | 0.9891 | 2.7842 | 1.0 | CRITICAL_MEMORIZATION_LEAK_HAZARD | TRIGGER_DYNAMIC_DIFFERENTIAL_PRIVACY_NOISE | 422
PRIV-02508 | 0.8994 | 0.6659 | 0.5304 | DATA_PRIVACY_SECURE | MAINTAIN_BASELINE_PRIVACY_BUDGET | 200
PRIV-02509 | 0.8376 | 0.3726 | 0.2938 | DATA_PRIVACY_SECURE | MAINTAIN_BASELINE_PRIVACY_BUDGET | 200
PRIV-02510 | 0.5777 | 1.8116 | 0.1128 | DATA_PRIVACY_SECURE | MAINTAIN_BASELINE_PRIVACY_BUDGET | 200
PRIV-02511 | 0.6421 | 0.5815 | 0.189 | DATA_PRIVACY_SECURE | MAINTAIN_BASELINE_PRIVACY_BUDGET | 200
PRIV-02512 | 0.6861 | 3.1928 | 0.3321 | DATA_PRIVACY_SECURE | MAINTAIN_BASELINE_PRIVACY_BUDGET | 200
PRIV-02513 | 0.6532 | 2.7341 | 0.2837 | DATA_PRIVACY_SECURE | MAINTAIN_BASELINE_PRIVACY_BUDGET | 200
PRIV-02514 | 0.9204 | 1.8879 | 0.6669 | DATA_PRIVACY_SECURE | MAINTAIN_BASELINE_PRIVACY_BUDGET | 200
PRIV-02515 | 0.7969 | 0.2233 | 0.2761 | DATA_PRIVACY_SECURE | MAINTAIN_BASELINE_PRIVACY_BUDGET | 200
PRIV-02516 | 0.9305 | 3.3535 | 0.7916 | CRITICAL_MEMORIZATION_LEAK_HAZARD | TRIGGER_DYNAMIC_DIFFERENTIAL_PRIVACY_NOISE | 422
PRIV-02517 | 0.6212 | 0.1880 | 0.1345 | DATA_PRIVACY_SECURE | MAINTAIN_BASELINE_PRIVACY_BUDGET | 200
PRIV-02518 | 0.7859 | 1.8189 | 0.3289 | DATA_PRIVACY_SECURE | MAINTAIN_BASELINE_PRIVACY_BUDGET | 200
PRIV-02519 | 0.5299 | 0.1784 | 0.0718 | DATA_PRIVACY_SECURE | MAINTAIN_BASELINE_PRIVACY_BUDGET | 200
PRIV-02520 | 0.5014 | 0.2672 | 0.0373 | DATA_PRIVACY_SECURE | MAINTAIN_BASELINE_PRIVACY_BUDGET | 200
PRIV-02521 | 0.9826 | 2.2604 | 0.8662 | CRITICAL_MEMORIZATION_LEAK_HAZARD | TRIGGER_DYNAMIC_DIFFERENTIAL_PRIVACY_NOISE | 422
PRIV-02522 | 0.6825 | 0.8368 | 0.3412 | DATA_PRIVACY_SECURE | MAINTAIN_BASELINE_PRIVACY_BUDGET | 200
PRIV-02523 | 0.9305 | 1.8359 | 0.7094 | DATA_PRIVACY_SECURE | MAINTAIN_BASELINE_PRIVACY_BUDGET | 200
PRIV-02524 | 0.8238 | 2.2814 | 0.4947 | DATA_PRIVACY_SECURE | MAINTAIN_BASELINE_PRIVACY_BUDGET | 200
PRIV-02525 | 0.5034 | 2.2359 | 0.1521 | DATA_PRIVACY_SECURE | MAINTAIN_BASELINE_PRIVACY_BUDGET | 200
PRIV-02526 | 0.5580 | 1.7615 | 0.1675 | DATA_PRIVACY_SECURE | MAINTAIN_BASELINE_PRIVACY_BUDGET | 200
PRIV-02527 | 0.8972 | 2.5032 | 0.6845 | DATA_PRIVACY_SECURE | MAINTAIN_BASELINE_PRIVACY_BUDGET | 200
PRIV-02528 | 0.9716 | 0.3534 | 0.563 | DATA_PRIVACY_SECURE | MAINTAIN_BASELINE_PRIVACY_BUDGET | 200
PRIV-02529 | 0.5877 | 0.2570 | 0.1967 | DATA_PRIVACY_SECURE | MAINTAIN_BASELINE_PRIVACY_BUDGET | 200
PRIV-02530 | 0.5796 | 2.2370 | 0.1307 | DATA_PRIVACY_SECURE | MAINTAIN_BASELINE_PRIVACY_BUDGET | 200
PRIV-02531 | 0.7318 | 0.4780 | 0.2608 | DATA_PRIVACY_SECURE | MAINTAIN_BASELINE_PRIVACY_BUDGET | 200
PRIV-02532 | 0.7825 | 2.1231 | 0.3909 | DATA_PRIVACY_SECURE | MAINTAIN_BASELINE_PRIVACY_BUDGET | 200
PRIV-02533 | 0.5946 | 0.7269 | 0.1639 | DATA_PRIVACY_SECURE | MAINTAIN_BASELINE_PRIVACY_BUDGET | 200
PRIV-02534 | 0.9161 | 3.1053 | 0.699 | DATA_PRIVACY_SECURE | MAINTAIN_BASELINE_PRIVACY_BUDGET | 200
PRIV-02535 | 0.8921 | 2.3386 | 0.6309 | DATA_PRIVACY_SECURE | MAINTAIN_BASELINE_PRIVACY_BUDGET | 200
PRIV-02536 | 0.7146 | 1.2127 | 0.2695 | DATA_PRIVACY_SECURE | MAINTAIN_BASELINE_PRIVACY_BUDGET | 200
PRIV-02537 | 0.9949 | 1.9085 | 0.8966 | CRITICAL_MEMORIZATION_LEAK_HAZARD | TRIGGER_DYNAMIC_DIFFERENTIAL_PRIVACY_NOISE | 422
PRIV-02538 | 0.6494 | 2.2351 | 0.2841 | DATA_PRIVACY_SECURE | MAINTAIN_BASELINE_PRIVACY_BUDGET | 200
PRIV-02539 | 0.8256 | 0.3598 | 0.2816 | DATA_PRIVACY_SECURE | MAINTAIN_BASELINE_PRIVACY_BUDGET | 200
PRIV-02540 | 0.7645 | 0.1633 | 0.2438 | DATA_PRIVACY_SECURE | MAINTAIN_BASELINE_PRIVACY_BUDGET | 200
PRIV-02541 | 0.7575 | 1.2324 | 0.3082 | DATA_PRIVACY_SECURE | MAINTAIN_BASELINE_PRIVACY_BUDGET | 200
PRIV-02542 | 0.6992 | 0.2742 | 0.1439 | DATA_PRIVACY_SECURE | MAINTAIN_BASELINE_PRIVACY_BUDGET | 200
PRIV-02543 | 0.5231 | 1.4783 | 0.1079 | DATA_PRIVACY_SECURE | MAINTAIN_BASELINE_PRIVACY_BUDGET | 200
PRIV-02544 | 0.8971 | 3.3198 | 0.6846 | DATA_PRIVACY_SECURE | MAINTAIN_BASELINE_PRIVACY_BUDGET | 200
PRIV-02545 | 0.5960 | 2.8037 | 0.2967 | DATA_PRIVACY_SECURE | MAINTAIN_BASELINE_PRIVACY_BUDGET | 200
PRIV-02546 | 0.5759 | 1.2412 | 0.1655 | DATA_PRIVACY_SECURE | MAINTAIN_BASELINE_PRIVACY_BUDGET | 200
PRIV-02547 | 0.7388 | 1.0279 | 0.2419 | DATA_PRIVACY_SECURE | MAINTAIN_BASELINE_PRIVACY_BUDGET | 200
PRIV-02548 | 0.5056 | 1.0846 | 0.074 | DATA_PRIVACY_SECURE | MAINTAIN_BASELINE_PRIVACY_BUDGET | 200
PRIV-02549 | 0.6784 | 1.7144 | 0.3054 | DATA_PRIVACY_SECURE | MAINTAIN_BASELINE_PRIVACY_BUDGET | 200
PRIV-02550 | 0.6235 | 3.1536 | 0.316 | DATA_PRIVACY_SECURE | MAINTAIN_BASELINE_PRIVACY_BUDGET | 200
PRIV-02551 | 0.6440 | 2.9706 | 0.1906 | DATA_PRIVACY_SECURE | MAINTAIN_BASELINE_PRIVACY_BUDGET | 200
PRIV-02552 | 0.9426 | 1.0198 | 0.5404 | DATA_PRIVACY_SECURE | MAINTAIN_BASELINE_PRIVACY_BUDGET | 200
PRIV-02553 | 0.5838 | 3.3813 | 0.2673 | DATA_PRIVACY_SECURE | MAINTAIN_BASELINE_PRIVACY_BUDGET | 200
PRIV-02554 | 0.8819 | 0.7101 | 0.4753 | DATA_PRIVACY_SECURE | MAINTAIN_BASELINE_PRIVACY_BUDGET | 200
PRIV-02555 | 0.9287 | 1.6844 | 0.6408 | DATA_PRIVACY_SECURE | MAINTAIN_BASELINE_PRIVACY_BUDGET | 200
PRIV-02556 | 0.9010 | 2.4373 | 0.6941 | DATA_PRIVACY_SECURE | MAINTAIN_BASELINE_PRIVACY_BUDGET | 200
PRIV-02557 | 0.6653 | 0.4833 | 0.0767 | DATA_PRIVACY_SECURE | MAINTAIN_BASELINE_PRIVACY_BUDGET | 200
PRIV-02558 | 0.6897 | 0.8353 | 0.2289 | DATA_PRIVACY_SECURE | MAINTAIN_BASELINE_PRIVACY_BUDGET | 200
PRIV-02559 | 0.5869 | 2.8644 | 0.2043 | DATA_PRIVACY_SECURE | MAINTAIN_BASELINE_PRIVACY_BUDGET | 200
PRIV-02560 | 0.6514 | 3.4652 | 0.305 | DATA_PRIVACY_SECURE | MAINTAIN_BASELINE_PRIVACY_BUDGET | 200
PRIV-02561 | 0.9206 | 0.4124 | 0.4289 | DATA_PRIVACY_SECURE | MAINTAIN_BASELINE_PRIVACY_BUDGET | 200
PRIV-02562 | 0.6534 | 2.1284 | 0.2528 | DATA_PRIVACY_SECURE | MAINTAIN_BASELINE_PRIVACY_BUDGET | 200
PRIV-02563 | 0.8573 | 2.4698 | 0.544 | DATA_PRIVACY_SECURE | MAINTAIN_BASELINE_PRIVACY_BUDGET | 200
PRIV-02564 | 0.5681 | 0.7950 | 0.1365 | DATA_PRIVACY_SECURE | MAINTAIN_BASELINE_PRIVACY_BUDGET | 200
PRIV-02565 | 0.5037 | 2.4019 | 0.0814 | DATA_PRIVACY_SECURE | MAINTAIN_BASELINE_PRIVACY_BUDGET | 200
PRIV-02566 | 0.9942 | 1.9424 | 0.8431 | CRITICAL_MEMORIZATION_LEAK_HAZARD | TRIGGER_DYNAMIC_DIFFERENTIAL_PRIVACY_NOISE | 422
PRIV-02567 | 0.5511 | 3.2505 | 0.1213 | DATA_PRIVACY_SECURE | MAINTAIN_BASELINE_PRIVACY_BUDGET | 200
PRIV-02568 | 0.8041 | 2.9415 | 0.5198 | DATA_PRIVACY_SECURE | MAINTAIN_BASELINE_PRIVACY_BUDGET | 200
PRIV-02569 | 0.6715 | 0.2081 | 0.2014 | DATA_PRIVACY_SECURE | MAINTAIN_BASELINE_PRIVACY_BUDGET | 200
PRIV-02570 | 0.5595 | 2.2496 | 0.1491 | DATA_PRIVACY_SECURE | MAINTAIN_BASELINE_PRIVACY_BUDGET | 200
PRIV-02571 | 0.6637 | 1.3448 | 0.2335 | DATA_PRIVACY_SECURE | MAINTAIN_BASELINE_PRIVACY_BUDGET | 200
PRIV-02572 | 0.9380 | 2.1450 | 0.6809 | DATA_PRIVACY_SECURE | MAINTAIN_BASELINE_PRIVACY_BUDGET | 200
PRIV-02573 | 0.8864 | 0.8093 | 0.4699 | DATA_PRIVACY_SECURE | MAINTAIN_BASELINE_PRIVACY_BUDGET | 200
PRIV-02574 | 0.9161 | 1.6188 | 0.6397 | DATA_PRIVACY_SECURE | MAINTAIN_BASELINE_PRIVACY_BUDGET | 200
PRIV-02575 | 0.9437 | 0.2080 | 0.5686 | DATA_PRIVACY_SECURE | MAINTAIN_BASELINE_PRIVACY_BUDGET | 200
PRIV-02576 | 0.7197 | 1.2132 | 0.2429 | DATA_PRIVACY_SECURE | MAINTAIN_BASELINE_PRIVACY_BUDGET | 200
PRIV-02577 | 0.7223 | 2.9844 | 0.4173 | DATA_PRIVACY_SECURE | MAINTAIN_BASELINE_PRIVACY_BUDGET | 200
PRIV-02578 | 0.8641 | 1.1254 | 0.5269 | DATA_PRIVACY_SECURE | MAINTAIN_BASELINE_PRIVACY_BUDGET | 200
PRIV-02579 | 0.9800 | 1.9494 | 0.8351 | CRITICAL_MEMORIZATION_LEAK_HAZARD | TRIGGER_DYNAMIC_DIFFERENTIAL_PRIVACY_NOISE | 422
PRIV-02580 | 0.8935 | 3.1865 | 0.7554 | DATA_PRIVACY_SECURE | MAINTAIN_BASELINE_PRIVACY_BUDGET | 200
PRIV-02581 | 0.9207 | 3.3329 | 0.7685 | CRITICAL_MEMORIZATION_LEAK_HAZARD | TRIGGER_DYNAMIC_DIFFERENTIAL_PRIVACY_NOISE | 422
PRIV-02582 | 0.5464 | 2.1788 | 0.1621 | DATA_PRIVACY_SECURE | MAINTAIN_BASELINE_PRIVACY_BUDGET | 200
PRIV-02583 | 0.8466 | 0.7781 | 0.4136 | DATA_PRIVACY_SECURE | MAINTAIN_BASELINE_PRIVACY_BUDGET | 200
PRIV-02584 | 0.9358 | 1.6542 | 0.7368 | DATA_PRIVACY_SECURE | MAINTAIN_BASELINE_PRIVACY_BUDGET | 200
PRIV-02585 | 0.7595 | 1.4716 | 0.4002 | DATA_PRIVACY_SECURE | MAINTAIN_BASELINE_PRIVACY_BUDGET | 200
PRIV-02586 | 0.5701 | 0.9407 | 0.1082 | DATA_PRIVACY_SECURE | MAINTAIN_BASELINE_PRIVACY_BUDGET | 200
PRIV-02587 | 0.6690 | 0.1279 | 0.1065 | DATA_PRIVACY_SECURE | MAINTAIN_BASELINE_PRIVACY_BUDGET | 200
PRIV-02588 | 0.9979 | 0.6719 | 0.6497 | DATA_PRIVACY_SECURE | MAINTAIN_BASELINE_PRIVACY_BUDGET | 200
PRIV-02589 | 0.6155 | 1.4703 | 0.1576 | DATA_PRIVACY_SECURE | MAINTAIN_BASELINE_PRIVACY_BUDGET | 200
PRIV-02590 | 0.6039 | 3.2918 | 0.2098 | DATA_PRIVACY_SECURE | MAINTAIN_BASELINE_PRIVACY_BUDGET | 200
PRIV-02591 | 0.8372 | 2.7120 | 0.5997 | DATA_PRIVACY_SECURE | MAINTAIN_BASELINE_PRIVACY_BUDGET | 200
PRIV-02592 | 0.9729 | 0.3478 | 0.5215 | DATA_PRIVACY_SECURE | MAINTAIN_BASELINE_PRIVACY_BUDGET | 200
PRIV-02593 | 0.7071 | 3.4031 | 0.3404 | DATA_PRIVACY_SECURE | MAINTAIN_BASELINE_PRIVACY_BUDGET | 200
PRIV-02594 | 0.9100 | 3.1603 | 0.7253 | DATA_PRIVACY_SECURE | MAINTAIN_BASELINE_PRIVACY_BUDGET | 200
PRIV-02595 | 0.6831 | 1.0851 | 0.2722 | DATA_PRIVACY_SECURE | MAINTAIN_BASELINE_PRIVACY_BUDGET | 200
PRIV-02596 | 0.6245 | 2.8871 | 0.1408 | DATA_PRIVACY_SECURE | MAINTAIN_BASELINE_PRIVACY_BUDGET | 200
PRIV-02597 | 0.7933 | 2.9332 | 0.4497 | DATA_PRIVACY_SECURE | MAINTAIN_BASELINE_PRIVACY_BUDGET | 200
PRIV-02598 | 0.5905 | 0.9748 | 0.1579 | DATA_PRIVACY_SECURE | MAINTAIN_BASELINE_PRIVACY_BUDGET | 200
PRIV-02599 | 0.6975 | 2.2510 | 0.355 | DATA_PRIVACY_SECURE | MAINTAIN_BASELINE_PRIVACY_BUDGET | 200
PRIV-02600 | 0.5408 | 0.6685 | 0.0849 | DATA_PRIVACY_SECURE | MAINTAIN_BASELINE_PRIVACY_BUDGET | 200
PRIV-02601 | 0.9285 | 2.5842 | 0.6691 | DATA_PRIVACY_SECURE | MAINTAIN_BASELINE_PRIVACY_BUDGET | 200
PRIV-02602 | 0.7327 | 2.7330 | 0.3942 | DATA_PRIVACY_SECURE | MAINTAIN_BASELINE_PRIVACY_BUDGET | 200
PRIV-02603 | 0.8094 | 0.2709 | 0.2755 | DATA_PRIVACY_SECURE | MAINTAIN_BASELINE_PRIVACY_BUDGET | 200
PRIV-02604 | 0.6754 | 2.1694 | 0.2289 | DATA_PRIVACY_SECURE | MAINTAIN_BASELINE_PRIVACY_BUDGET | 200
PRIV-02605 | 0.8374 | 3.2207 | 0.5398 | DATA_PRIVACY_SECURE | MAINTAIN_BASELINE_PRIVACY_BUDGET | 200
PRIV-02606 | 0.8619 | 0.4896 | 0.3896 | DATA_PRIVACY_SECURE | MAINTAIN_BASELINE_PRIVACY_BUDGET | 200
PRIV-02607 | 0.7991 | 0.6180 | 0.3074 | DATA_PRIVACY_SECURE | MAINTAIN_BASELINE_PRIVACY_BUDGET | 200
PRIV-02608 | 0.9036 | 2.0469 | 0.5651 | DATA_PRIVACY_SECURE | MAINTAIN_BASELINE_PRIVACY_BUDGET | 200
PRIV-02609 | 0.7501 | 1.1762 | 0.3584 | DATA_PRIVACY_SECURE | MAINTAIN_BASELINE_PRIVACY_BUDGET | 200
PRIV-02610 | 0.9423 | 0.5309 | 0.5779 | DATA_PRIVACY_SECURE | MAINTAIN_BASELINE_PRIVACY_BUDGET | 200
PRIV-02611 | 0.9830 | 2.7703 | 0.92 | CRITICAL_MEMORIZATION_LEAK_HAZARD | TRIGGER_DYNAMIC_DIFFERENTIAL_PRIVACY_NOISE | 422
PRIV-02612 | 0.5631 | 2.5466 | 0.12 | DATA_PRIVACY_SECURE | MAINTAIN_BASELINE_PRIVACY_BUDGET | 200
PRIV-02613 | 0.5353 | 0.8923 | 0.1008 | DATA_PRIVACY_SECURE | MAINTAIN_BASELINE_PRIVACY_BUDGET | 200
PRIV-02614 | 0.7771 | 1.3482 | 0.3723 | DATA_PRIVACY_SECURE | MAINTAIN_BASELINE_PRIVACY_BUDGET | 200
PRIV-02615 | 0.7424 | 1.1182 | 0.3323 | DATA_PRIVACY_SECURE | MAINTAIN_BASELINE_PRIVACY_BUDGET | 200
PRIV-02616 | 0.7227 | 1.2700 | 0.3214 | DATA_PRIVACY_SECURE | MAINTAIN_BASELINE_PRIVACY_BUDGET | 200
PRIV-02617 | 0.7296 | 2.1850 | 0.3198 | DATA_PRIVACY_SECURE | MAINTAIN_BASELINE_PRIVACY_BUDGET | 200
PRIV-02618 | 0.8608 | 0.3011 | 0.3698 | DATA_PRIVACY_SECURE | MAINTAIN_BASELINE_PRIVACY_BUDGET | 200
PRIV-02619 | 0.7657 | 2.0248 | 0.4148 | DATA_PRIVACY_SECURE | MAINTAIN_BASELINE_PRIVACY_BUDGET | 200
PRIV-02620 | 0.9647 | 0.8016 | 0.6781 | DATA_PRIVACY_SECURE | MAINTAIN_BASELINE_PRIVACY_BUDGET | 200
PRIV-02621 | 0.5362 | 3.0092 | 0.1751 | DATA_PRIVACY_SECURE | MAINTAIN_BASELINE_PRIVACY_BUDGET | 200
PRIV-02622 | 0.8220 | 0.4044 | 0.3646 | DATA_PRIVACY_SECURE | MAINTAIN_BASELINE_PRIVACY_BUDGET | 200
PRIV-02623 | 0.8785 | 1.1524 | 0.5186 | DATA_PRIVACY_SECURE | MAINTAIN_BASELINE_PRIVACY_BUDGET | 200
PRIV-02624 | 0.5923 | 1.5699 | 0.2285 | DATA_PRIVACY_SECURE | MAINTAIN_BASELINE_PRIVACY_BUDGET | 200
PRIV-02625 | 0.6112 | 2.4705 | 0.227 | DATA_PRIVACY_SECURE | MAINTAIN_BASELINE_PRIVACY_BUDGET | 200
PRIV-02626 | 0.5840 | 2.5368 | 0.1502 | DATA_PRIVACY_SECURE | MAINTAIN_BASELINE_PRIVACY_BUDGET | 200
PRIV-02627 | 0.7002 | 2.9399 | 0.3822 | DATA_PRIVACY_SECURE | MAINTAIN_BASELINE_PRIVACY_BUDGET | 200
PRIV-02628 | 0.9386 | 1.2716 | 0.6737 | DATA_PRIVACY_SECURE | MAINTAIN_BASELINE_PRIVACY_BUDGET | 200
PRIV-02629 | 0.5060 | 2.9072 | 0.1051 | DATA_PRIVACY_SECURE | MAINTAIN_BASELINE_PRIVACY_BUDGET | 200
PRIV-02630 | 0.5205 | 0.5622 | 0.0706 | DATA_PRIVACY_SECURE | MAINTAIN_BASELINE_PRIVACY_BUDGET | 200
PRIV-02631 | 0.9985 | 2.7662 | 0.9484 | CRITICAL_MEMORIZATION_LEAK_HAZARD | TRIGGER_DYNAMIC_DIFFERENTIAL_PRIVACY_NOISE | 422
PRIV-02632 | 0.8584 | 1.0686 | 0.4893 | DATA_PRIVACY_SECURE | MAINTAIN_BASELINE_PRIVACY_BUDGET | 200
PRIV-02633 | 0.6354 | 2.7289 | 0.2487 | DATA_PRIVACY_SECURE | MAINTAIN_BASELINE_PRIVACY_BUDGET | 200
PRIV-02634 | 0.8656 | 3.1679 | 0.6349 | DATA_PRIVACY_SECURE | MAINTAIN_BASELINE_PRIVACY_BUDGET | 200
PRIV-02635 | 0.9378 | 2.3585 | 0.8216 | CRITICAL_MEMORIZATION_LEAK_HAZARD | TRIGGER_DYNAMIC_DIFFERENTIAL_PRIVACY_NOISE | 422
PRIV-02636 | 0.5255 | 1.6300 | 0.1642 | DATA_PRIVACY_SECURE | MAINTAIN_BASELINE_PRIVACY_BUDGET | 200
PRIV-02637 | 0.6119 | 2.1604 | 0.213 | DATA_PRIVACY_SECURE | MAINTAIN_BASELINE_PRIVACY_BUDGET | 200
PRIV-02638 | 0.9197 | 3.3276 | 0.7887 | CRITICAL_MEMORIZATION_LEAK_HAZARD | TRIGGER_DYNAMIC_DIFFERENTIAL_PRIVACY_NOISE | 422
PRIV-02639 | 0.5131 | 2.4067 | 0.0826 | DATA_PRIVACY_SECURE | MAINTAIN_BASELINE_PRIVACY_BUDGET | 200
PRIV-02640 | 0.8229 | 2.8842 | 0.5436 | DATA_PRIVACY_SECURE | MAINTAIN_BASELINE_PRIVACY_BUDGET | 200
PRIV-02641 | 0.6048 | 0.1913 | 0.1935 | DATA_PRIVACY_SECURE | MAINTAIN_BASELINE_PRIVACY_BUDGET | 200
PRIV-02642 | 0.7237 | 3.4276 | 0.3583 | DATA_PRIVACY_SECURE | MAINTAIN_BASELINE_PRIVACY_BUDGET | 200
PRIV-02643 | 0.8723 | 2.7118 | 0.5884 | DATA_PRIVACY_SECURE | MAINTAIN_BASELINE_PRIVACY_BUDGET | 200
PRIV-02644 | 0.6886 | 0.7163 | 0.1933 | DATA_PRIVACY_SECURE | MAINTAIN_BASELINE_PRIVACY_BUDGET | 200
PRIV-02645 | 0.7548 | 2.1424 | 0.3412 | DATA_PRIVACY_SECURE | MAINTAIN_BASELINE_PRIVACY_BUDGET | 200
PRIV-02646 | 0.9654 | 3.0438 | 0.8273 | CRITICAL_MEMORIZATION_LEAK_HAZARD | TRIGGER_DYNAMIC_DIFFERENTIAL_PRIVACY_NOISE | 422
PRIV-02647 | 0.5229 | 1.6542 | 0.1052 | DATA_PRIVACY_SECURE | MAINTAIN_BASELINE_PRIVACY_BUDGET | 200
PRIV-02648 | 0.8276 | 0.8271 | 0.3381 | DATA_PRIVACY_SECURE | MAINTAIN_BASELINE_PRIVACY_BUDGET | 200
PRIV-02649 | 0.7105 | 2.6901 | 0.3365 | DATA_PRIVACY_SECURE | MAINTAIN_BASELINE_PRIVACY_BUDGET | 200
PRIV-02650 | 0.5944 | 0.2121 | 0.1522 | DATA_PRIVACY_SECURE | MAINTAIN_BASELINE_PRIVACY_BUDGET | 200
PRIV-02651 | 0.7523 | 1.6638 | 0.3216 | DATA_PRIVACY_SECURE | MAINTAIN_BASELINE_PRIVACY_BUDGET | 200
PRIV-02652 | 0.6888 | 2.1473 | 0.3534 | DATA_PRIVACY_SECURE | MAINTAIN_BASELINE_PRIVACY_BUDGET | 200
PRIV-02653 | 0.5396 | 1.3124 | 0.1442 | DATA_PRIVACY_SECURE | MAINTAIN_BASELINE_PRIVACY_BUDGET | 200
PRIV-02654 | 0.6396 | 2.1838 | 0.2764 | DATA_PRIVACY_SECURE | MAINTAIN_BASELINE_PRIVACY_BUDGET | 200
PRIV-02655 | 0.7028 | 2.9283 | 0.3032 | DATA_PRIVACY_SECURE | MAINTAIN_BASELINE_PRIVACY_BUDGET | 200
PRIV-02656 | 0.8789 | 0.5664 | 0.4673 | DATA_PRIVACY_SECURE | MAINTAIN_BASELINE_PRIVACY_BUDGET | 200
PRIV-02657 | 0.8673 | 0.1097 | 0.3004 | DATA_PRIVACY_SECURE | MAINTAIN_BASELINE_PRIVACY_BUDGET | 200
PRIV-02658 | 0.6104 | 0.8449 | 0.1947 | DATA_PRIVACY_SECURE | MAINTAIN_BASELINE_PRIVACY_BUDGET | 200
PRIV-02659 | 0.8300 | 2.7043 | 0.5428 | DATA_PRIVACY_SECURE | MAINTAIN_BASELINE_PRIVACY_BUDGET | 200
PRIV-02660 | 0.8417 | 0.8281 | 0.4371 | DATA_PRIVACY_SECURE | MAINTAIN_BASELINE_PRIVACY_BUDGET | 200
PRIV-02661 | 0.8159 | 0.9215 | 0.3416 | DATA_PRIVACY_SECURE | MAINTAIN_BASELINE_PRIVACY_BUDGET | 200
PRIV-02662 | 0.8062 | 3.2079 | 0.4678 | DATA_PRIVACY_SECURE | MAINTAIN_BASELINE_PRIVACY_BUDGET | 200
PRIV-02663 | 0.5937 | 1.0572 | 0.1792 | DATA_PRIVACY_SECURE | MAINTAIN_BASELINE_PRIVACY_BUDGET | 200
PRIV-02664 | 0.8202 | 3.1069 | 0.4902 | DATA_PRIVACY_SECURE | MAINTAIN_BASELINE_PRIVACY_BUDGET | 200
PRIV-02665 | 0.9370 | 1.5580 | 0.6981 | DATA_PRIVACY_SECURE | MAINTAIN_BASELINE_PRIVACY_BUDGET | 200
PRIV-02666 | 0.5679 | 2.0444 | 0.1074 | DATA_PRIVACY_SECURE | MAINTAIN_BASELINE_PRIVACY_BUDGET | 200
PRIV-02667 | 0.6507 | 1.9287 | 0.2745 | DATA_PRIVACY_SECURE | MAINTAIN_BASELINE_PRIVACY_BUDGET | 200
PRIV-02668 | 0.5524 | 2.5241 | 0.1067 | DATA_PRIVACY_SECURE | MAINTAIN_BASELINE_PRIVACY_BUDGET | 200
PRIV-02669 | 0.7642 | 2.7011 | 0.4404 | DATA_PRIVACY_SECURE | MAINTAIN_BASELINE_PRIVACY_BUDGET | 200
PRIV-02670 | 0.5986 | 0.7528 | 0.1709 | DATA_PRIVACY_SECURE | MAINTAIN_BASELINE_PRIVACY_BUDGET | 200
PRIV-02671 | 0.9330 | 0.6892 | 0.5128 | DATA_PRIVACY_SECURE | MAINTAIN_BASELINE_PRIVACY_BUDGET | 200
PRIV-02672 | 0.5937 | 2.6538 | 0.2188 | DATA_PRIVACY_SECURE | MAINTAIN_BASELINE_PRIVACY_BUDGET | 200
PRIV-02673 | 0.8152 | 0.7861 | 0.3826 | DATA_PRIVACY_SECURE | MAINTAIN_BASELINE_PRIVACY_BUDGET | 200
PRIV-02674 | 0.5295 | 0.6615 | 0.0763 | DATA_PRIVACY_SECURE | MAINTAIN_BASELINE_PRIVACY_BUDGET | 200
PRIV-02675 | 0.5062 | 3.3570 | 0.085 | DATA_PRIVACY_SECURE | MAINTAIN_BASELINE_PRIVACY_BUDGET | 200
PRIV-02676 | 0.5527 | 3.3230 | 0.0844 | DATA_PRIVACY_SECURE | MAINTAIN_BASELINE_PRIVACY_BUDGET | 200
PRIV-02677 | 0.7869 | 2.5763 | 0.4668 | DATA_PRIVACY_SECURE | MAINTAIN_BASELINE_PRIVACY_BUDGET | 200
PRIV-02678 | 0.9378 | 0.3091 | 0.4131 | DATA_PRIVACY_SECURE | MAINTAIN_BASELINE_PRIVACY_BUDGET | 200
PRIV-02679 | 0.7091 | 0.2262 | 0.2022 | DATA_PRIVACY_SECURE | MAINTAIN_BASELINE_PRIVACY_BUDGET | 200
PRIV-02680 | 0.9477 | 0.6821 | 0.5549 | DATA_PRIVACY_SECURE | MAINTAIN_BASELINE_PRIVACY_BUDGET | 200
PRIV-02681 | 0.7182 | 2.2573 | 0.3625 | DATA_PRIVACY_SECURE | MAINTAIN_BASELINE_PRIVACY_BUDGET | 200
PRIV-02682 | 0.9573 | 0.9099 | 0.6134 | DATA_PRIVACY_SECURE | MAINTAIN_BASELINE_PRIVACY_BUDGET | 200
PRIV-02683 | 0.7532 | 3.0465 | 0.3948 | DATA_PRIVACY_SECURE | MAINTAIN_BASELINE_PRIVACY_BUDGET | 200
PRIV-02684 | 0.7584 | 1.9461 | 0.411 | DATA_PRIVACY_SECURE | MAINTAIN_BASELINE_PRIVACY_BUDGET | 200
PRIV-02685 | 0.5337 | 3.3541 | 0.1603 | DATA_PRIVACY_SECURE | MAINTAIN_BASELINE_PRIVACY_BUDGET | 200
PRIV-02686 | 0.7711 | 0.1345 | 0.2573 | DATA_PRIVACY_SECURE | MAINTAIN_BASELINE_PRIVACY_BUDGET | 200
PRIV-02687 | 0.6111 | 2.5098 | 0.2299 | DATA_PRIVACY_SECURE | MAINTAIN_BASELINE_PRIVACY_BUDGET | 200
PRIV-02688 | 0.5409 | 1.7647 | 0.0737 | DATA_PRIVACY_SECURE | MAINTAIN_BASELINE_PRIVACY_BUDGET | 200
PRIV-02689 | 0.8751 | 1.0827 | 0.5309 | DATA_PRIVACY_SECURE | MAINTAIN_BASELINE_PRIVACY_BUDGET | 200
PRIV-02690 | 0.7150 | 1.8062 | 0.3384 | DATA_PRIVACY_SECURE | MAINTAIN_BASELINE_PRIVACY_BUDGET | 200
PRIV-02691 | 0.5100 | 2.3542 | 0.0805 | DATA_PRIVACY_SECURE | MAINTAIN_BASELINE_PRIVACY_BUDGET | 200
PRIV-02692 | 0.7109 | 2.2734 | 0.3159 | DATA_PRIVACY_SECURE | MAINTAIN_BASELINE_PRIVACY_BUDGET | 200
PRIV-02693 | 0.8952 | 2.7978 | 0.6745 | DATA_PRIVACY_SECURE | MAINTAIN_BASELINE_PRIVACY_BUDGET | 200
PRIV-02694 | 0.9326 | 2.1603 | 0.7218 | DATA_PRIVACY_SECURE | MAINTAIN_BASELINE_PRIVACY_BUDGET | 200
PRIV-02695 | 0.9969 | 1.3981 | 0.8077 | CRITICAL_MEMORIZATION_LEAK_HAZARD | TRIGGER_DYNAMIC_DIFFERENTIAL_PRIVACY_NOISE | 422
PRIV-02696 | 0.5884 | 0.2272 | 0.1707 | DATA_PRIVACY_SECURE | MAINTAIN_BASELINE_PRIVACY_BUDGET | 200
PRIV-02697 | 0.9278 | 2.4554 | 0.7787 | CRITICAL_MEMORIZATION_LEAK_HAZARD | TRIGGER_DYNAMIC_DIFFERENTIAL_PRIVACY_NOISE | 422
PRIV-02698 | 0.8674 | 2.2806 | 0.5397 | DATA_PRIVACY_SECURE | MAINTAIN_BASELINE_PRIVACY_BUDGET | 200
PRIV-02699 | 0.8870 | 3.1097 | 0.693 | DATA_PRIVACY_SECURE | MAINTAIN_BASELINE_PRIVACY_BUDGET | 200
PRIV-02700 | 0.5761 | 2.6113 | 0.2313 | DATA_PRIVACY_SECURE | MAINTAIN_BASELINE_PRIVACY_BUDGET | 200
PRIV-02701 | 0.9160 | 1.9642 | 0.6894 | DATA_PRIVACY_SECURE | MAINTAIN_BASELINE_PRIVACY_BUDGET | 200
PRIV-02702 | 0.6296 | 3.3509 | 0.2847 | DATA_PRIVACY_SECURE | MAINTAIN_BASELINE_PRIVACY_BUDGET | 200
PRIV-02703 | 0.8185 | 3.1523 | 0.6063 | DATA_PRIVACY_SECURE | MAINTAIN_BASELINE_PRIVACY_BUDGET | 200
PRIV-02704 | 0.5399 | 1.0466 | 0.1574 | DATA_PRIVACY_SECURE | MAINTAIN_BASELINE_PRIVACY_BUDGET | 200
PRIV-02705 | 0.9954 | 2.4325 | 0.9167 | CRITICAL_MEMORIZATION_LEAK_HAZARD | TRIGGER_DYNAMIC_DIFFERENTIAL_PRIVACY_NOISE | 422
PRIV-02706 | 0.8335 | 1.2383 | 0.4908 | DATA_PRIVACY_SECURE | MAINTAIN_BASELINE_PRIVACY_BUDGET | 200
PRIV-02707 | 0.8725 | 3.1144 | 0.6418 | DATA_PRIVACY_SECURE | MAINTAIN_BASELINE_PRIVACY_BUDGET | 200
PRIV-02708 | 0.8653 | 2.0812 | 0.577 | DATA_PRIVACY_SECURE | MAINTAIN_BASELINE_PRIVACY_BUDGET | 200
PRIV-02709 | 0.5583 | 0.3097 | 0.0863 | DATA_PRIVACY_SECURE | MAINTAIN_BASELINE_PRIVACY_BUDGET | 200
PRIV-02710 | 0.7357 | 0.6485 | 0.324 | DATA_PRIVACY_SECURE | MAINTAIN_BASELINE_PRIVACY_BUDGET | 200
PRIV-02711 | 0.8111 | 3.2443 | 0.4809 | DATA_PRIVACY_SECURE | MAINTAIN_BASELINE_PRIVACY_BUDGET | 200
PRIV-02712 | 0.5206 | 3.3001 | 0.1974 | DATA_PRIVACY_SECURE | MAINTAIN_BASELINE_PRIVACY_BUDGET | 200
PRIV-02713 | 0.9287 | 1.9279 | 0.7192 | DATA_PRIVACY_SECURE | MAINTAIN_BASELINE_PRIVACY_BUDGET | 200
PRIV-02714 | 0.8468 | 2.3571 | 0.4988 | DATA_PRIVACY_SECURE | MAINTAIN_BASELINE_PRIVACY_BUDGET | 200
PRIV-02715 | 0.5957 | 1.7092 | 0.1937 | DATA_PRIVACY_SECURE | MAINTAIN_BASELINE_PRIVACY_BUDGET | 200
PRIV-02716 | 0.8815 | 0.4936 | 0.3414 | DATA_PRIVACY_SECURE | MAINTAIN_BASELINE_PRIVACY_BUDGET | 200
PRIV-02717 | 0.7010 | 1.8587 | 0.323 | DATA_PRIVACY_SECURE | MAINTAIN_BASELINE_PRIVACY_BUDGET | 200
PRIV-02718 | 0.9212 | 1.0674 | 0.6172 | DATA_PRIVACY_SECURE | MAINTAIN_BASELINE_PRIVACY_BUDGET | 200
PRIV-02719 | 0.6615 | 1.7035 | 0.2212 | DATA_PRIVACY_SECURE | MAINTAIN_BASELINE_PRIVACY_BUDGET | 200
PRIV-02720 | 0.9901 | 1.1445 | 0.7412 | DATA_PRIVACY_SECURE | MAINTAIN_BASELINE_PRIVACY_BUDGET | 200
PRIV-02721 | 0.6614 | 0.3289 | 0.2464 | DATA_PRIVACY_SECURE | MAINTAIN_BASELINE_PRIVACY_BUDGET | 200
PRIV-02722 | 0.5698 | 2.9434 | 0.1555 | DATA_PRIVACY_SECURE | MAINTAIN_BASELINE_PRIVACY_BUDGET | 200
PRIV-02723 | 0.7913 | 2.7899 | 0.4244 | DATA_PRIVACY_SECURE | MAINTAIN_BASELINE_PRIVACY_BUDGET | 200
PRIV-02724 | 0.8680 | 0.8755 | 0.521 | DATA_PRIVACY_SECURE | MAINTAIN_BASELINE_PRIVACY_BUDGET | 200
PRIV-02725 | 0.9515 | 0.9408 | 0.6981 | DATA_PRIVACY_SECURE | MAINTAIN_BASELINE_PRIVACY_BUDGET | 200
PRIV-02726 | 0.7671 | 0.2832 | 0.2576 | DATA_PRIVACY_SECURE | MAINTAIN_BASELINE_PRIVACY_BUDGET | 200
PRIV-02727 | 0.7571 | 3.4727 | 0.4614 | DATA_PRIVACY_SECURE | MAINTAIN_BASELINE_PRIVACY_BUDGET | 200
PRIV-02728 | 0.6700 | 2.5546 | 0.3328 | DATA_PRIVACY_SECURE | MAINTAIN_BASELINE_PRIVACY_BUDGET | 200
PRIV-02729 | 0.7984 | 1.3846 | 0.3774 | DATA_PRIVACY_SECURE | MAINTAIN_BASELINE_PRIVACY_BUDGET | 200
PRIV-02730 | 0.8990 | 1.0398 | 0.5174 | DATA_PRIVACY_SECURE | MAINTAIN_BASELINE_PRIVACY_BUDGET | 200
PRIV-02731 | 0.6954 | 0.5301 | 0.2609 | DATA_PRIVACY_SECURE | MAINTAIN_BASELINE_PRIVACY_BUDGET | 200
PRIV-02732 | 0.5791 | 3.2688 | 0.2545 | DATA_PRIVACY_SECURE | MAINTAIN_BASELINE_PRIVACY_BUDGET | 200
PRIV-02733 | 0.9900 | 0.4775 | 0.6214 | DATA_PRIVACY_SECURE | MAINTAIN_BASELINE_PRIVACY_BUDGET | 200
PRIV-02734 | 0.7837 | 2.1992 | 0.3981 | DATA_PRIVACY_SECURE | MAINTAIN_BASELINE_PRIVACY_BUDGET | 200
PRIV-02735 | 0.8354 | 2.5240 | 0.6192 | DATA_PRIVACY_SECURE | MAINTAIN_BASELINE_PRIVACY_BUDGET | 200
PRIV-02736 | 0.8254 | 1.0902 | 0.3997 | DATA_PRIVACY_SECURE | MAINTAIN_BASELINE_PRIVACY_BUDGET | 200
PRIV-02737 | 0.9616 | 2.2487 | 0.791 | CRITICAL_MEMORIZATION_LEAK_HAZARD | TRIGGER_DYNAMIC_DIFFERENTIAL_PRIVACY_NOISE | 422
PRIV-02738 | 0.7875 | 2.7461 | 0.4726 | DATA_PRIVACY_SECURE | MAINTAIN_BASELINE_PRIVACY_BUDGET | 200
PRIV-02739 | 0.8591 | 1.9241 | 0.6155 | DATA_PRIVACY_SECURE | MAINTAIN_BASELINE_PRIVACY_BUDGET | 200
PRIV-02740 | 0.6567 | 1.1072 | 0.247 | DATA_PRIVACY_SECURE | MAINTAIN_BASELINE_PRIVACY_BUDGET | 200
PRIV-02741 | 0.5418 | 2.3856 | 0.1622 | DATA_PRIVACY_SECURE | MAINTAIN_BASELINE_PRIVACY_BUDGET | 200
PRIV-02742 | 0.8813 | 1.1174 | 0.5343 | DATA_PRIVACY_SECURE | MAINTAIN_BASELINE_PRIVACY_BUDGET | 200
PRIV-02743 | 0.8932 | 3.1171 | 0.6842 | DATA_PRIVACY_SECURE | MAINTAIN_BASELINE_PRIVACY_BUDGET | 200
PRIV-02744 | 0.6678 | 2.1142 | 0.2881 | DATA_PRIVACY_SECURE | MAINTAIN_BASELINE_PRIVACY_BUDGET | 200
PRIV-02745 | 0.7166 | 0.5499 | 0.1322 | DATA_PRIVACY_SECURE | MAINTAIN_BASELINE_PRIVACY_BUDGET | 200
PRIV-02746 | 0.7967 | 1.2178 | 0.3784 | DATA_PRIVACY_SECURE | MAINTAIN_BASELINE_PRIVACY_BUDGET | 200
PRIV-02747 | 0.5442 | 0.4003 | 0.1062 | DATA_PRIVACY_SECURE | MAINTAIN_BASELINE_PRIVACY_BUDGET | 200
PRIV-02748 | 0.9954 | 3.3460 | 0.9067 | CRITICAL_MEMORIZATION_LEAK_HAZARD | TRIGGER_DYNAMIC_DIFFERENTIAL_PRIVACY_NOISE | 422
PRIV-02749 | 0.6857 | 3.3611 | 0.327 | DATA_PRIVACY_SECURE | MAINTAIN_BASELINE_PRIVACY_BUDGET | 200
PRIV-02750 | 0.8002 | 1.0392 | 0.3704 | DATA_PRIVACY_SECURE | MAINTAIN_BASELINE_PRIVACY_BUDGET | 200
PRIV-02751 | 0.7705 | 1.6704 | 0.4552 | DATA_PRIVACY_SECURE | MAINTAIN_BASELINE_PRIVACY_BUDGET | 200
PRIV-02752 | 0.5408 | 2.2546 | 0.2061 | DATA_PRIVACY_SECURE | MAINTAIN_BASELINE_PRIVACY_BUDGET | 200
PRIV-02753 | 0.7704 | 1.2105 | 0.3336 | DATA_PRIVACY_SECURE | MAINTAIN_BASELINE_PRIVACY_BUDGET | 200
PRIV-02754 | 0.7179 | 1.3813 | 0.2896 | DATA_PRIVACY_SECURE | MAINTAIN_BASELINE_PRIVACY_BUDGET | 200
PRIV-02755 | 0.7686 | 2.7630 | 0.4242 | DATA_PRIVACY_SECURE | MAINTAIN_BASELINE_PRIVACY_BUDGET | 200
PRIV-02756 | 0.6970 | 2.8125 | 0.3014 | DATA_PRIVACY_SECURE | MAINTAIN_BASELINE_PRIVACY_BUDGET | 200
PRIV-02757 | 0.5623 | 1.1504 | 0.1429 | DATA_PRIVACY_SECURE | MAINTAIN_BASELINE_PRIVACY_BUDGET | 200
PRIV-02758 | 0.6779 | 0.3273 | 0.1507 | DATA_PRIVACY_SECURE | MAINTAIN_BASELINE_PRIVACY_BUDGET | 200
PRIV-02759 | 0.8570 | 1.7619 | 0.4919 | DATA_PRIVACY_SECURE | MAINTAIN_BASELINE_PRIVACY_BUDGET | 200
PRIV-02760 | 0.8171 | 1.8242 | 0.4946 | DATA_PRIVACY_SECURE | MAINTAIN_BASELINE_PRIVACY_BUDGET | 200
PRIV-02761 | 0.9563 | 0.5419 | 0.578 | DATA_PRIVACY_SECURE | MAINTAIN_BASELINE_PRIVACY_BUDGET | 200
PRIV-02762 | 0.9494 | 3.0612 | 0.7853 | CRITICAL_MEMORIZATION_LEAK_HAZARD | TRIGGER_DYNAMIC_DIFFERENTIAL_PRIVACY_NOISE | 422
PRIV-02763 | 0.7610 | 2.3984 | 0.4399 | DATA_PRIVACY_SECURE | MAINTAIN_BASELINE_PRIVACY_BUDGET | 200
PRIV-02764 | 0.8977 | 3.2262 | 0.6706 | DATA_PRIVACY_SECURE | MAINTAIN_BASELINE_PRIVACY_BUDGET | 200
PRIV-02765 | 0.8803 | 1.1416 | 0.5272 | DATA_PRIVACY_SECURE | MAINTAIN_BASELINE_PRIVACY_BUDGET | 200
PRIV-02766 | 0.7819 | 0.2801 | 0.305 | DATA_PRIVACY_SECURE | MAINTAIN_BASELINE_PRIVACY_BUDGET | 200
PRIV-02767 | 0.7782 | 1.8986 | 0.4085 | DATA_PRIVACY_SECURE | MAINTAIN_BASELINE_PRIVACY_BUDGET | 200
PRIV-02768 | 0.9756 | 0.8579 | 0.6702 | DATA_PRIVACY_SECURE | MAINTAIN_BASELINE_PRIVACY_BUDGET | 200
PRIV-02769 | 0.8813 | 2.8733 | 0.6273 | DATA_PRIVACY_SECURE | MAINTAIN_BASELINE_PRIVACY_BUDGET | 200
PRIV-02770 | 0.9561 | 1.5467 | 0.7127 | DATA_PRIVACY_SECURE | MAINTAIN_BASELINE_PRIVACY_BUDGET | 200
PRIV-02771 | 0.9699 | 1.9688 | 0.7924 | CRITICAL_MEMORIZATION_LEAK_HAZARD | TRIGGER_DYNAMIC_DIFFERENTIAL_PRIVACY_NOISE | 422
PRIV-02772 | 0.7213 | 2.7529 | 0.3229 | DATA_PRIVACY_SECURE | MAINTAIN_BASELINE_PRIVACY_BUDGET | 200
PRIV-02773 | 0.6618 | 2.3921 | 0.2585 | DATA_PRIVACY_SECURE | MAINTAIN_BASELINE_PRIVACY_BUDGET | 200
PRIV-02774 | 0.6694 | 3.3383 | 0.2277 | DATA_PRIVACY_SECURE | MAINTAIN_BASELINE_PRIVACY_BUDGET | 200
PRIV-02775 | 0.7874 | 1.3311 | 0.3665 | DATA_PRIVACY_SECURE | MAINTAIN_BASELINE_PRIVACY_BUDGET | 200
PRIV-02776 | 0.9781 | 0.6944 | 0.6127 | DATA_PRIVACY_SECURE | MAINTAIN_BASELINE_PRIVACY_BUDGET | 200
PRIV-02777 | 0.9954 | 0.1415 | 0.5178 | DATA_PRIVACY_SECURE | MAINTAIN_BASELINE_PRIVACY_BUDGET | 200
PRIV-02778 | 0.6281 | 0.5542 | 0.1477 | DATA_PRIVACY_SECURE | MAINTAIN_BASELINE_PRIVACY_BUDGET | 200
PRIV-02779 | 0.5932 | 1.6768 | 0.1734 | DATA_PRIVACY_SECURE | MAINTAIN_BASELINE_PRIVACY_BUDGET | 200
PRIV-02780 | 0.9376 | 1.7232 | 0.7186 | DATA_PRIVACY_SECURE | MAINTAIN_BASELINE_PRIVACY_BUDGET | 200
PRIV-02781 | 0.9473 | 1.0466 | 0.6642 | DATA_PRIVACY_SECURE | MAINTAIN_BASELINE_PRIVACY_BUDGET | 200
PRIV-02782 | 0.5168 | 2.4524 | 0.1011 | DATA_PRIVACY_SECURE | MAINTAIN_BASELINE_PRIVACY_BUDGET | 200
PRIV-02783 | 0.9069 | 1.2547 | 0.5323 | DATA_PRIVACY_SECURE | MAINTAIN_BASELINE_PRIVACY_BUDGET | 200
PRIV-02784 | 0.5436 | 2.8751 | 0.1104 | DATA_PRIVACY_SECURE | MAINTAIN_BASELINE_PRIVACY_BUDGET | 200
PRIV-02785 | 0.7240 | 0.1370 | 0.1832 | DATA_PRIVACY_SECURE | MAINTAIN_BASELINE_PRIVACY_BUDGET | 200
PRIV-02786 | 0.7061 | 2.7596 | 0.317 | DATA_PRIVACY_SECURE | MAINTAIN_BASELINE_PRIVACY_BUDGET | 200
PRIV-02787 | 0.5012 | 2.1644 | 0.0821 | DATA_PRIVACY_SECURE | MAINTAIN_BASELINE_PRIVACY_BUDGET | 200
PRIV-02788 | 0.8668 | 1.1606 | 0.444 | DATA_PRIVACY_SECURE | MAINTAIN_BASELINE_PRIVACY_BUDGET | 200
PRIV-02789 | 0.7972 | 0.2737 | 0.2695 | DATA_PRIVACY_SECURE | MAINTAIN_BASELINE_PRIVACY_BUDGET | 200
PRIV-02790 | 0.7440 | 0.5959 | 0.2728 | DATA_PRIVACY_SECURE | MAINTAIN_BASELINE_PRIVACY_BUDGET | 200
PRIV-02791 | 0.7061 | 1.9991 | 0.3338 | DATA_PRIVACY_SECURE | MAINTAIN_BASELINE_PRIVACY_BUDGET | 200
PRIV-02792 | 0.6223 | 1.7878 | 0.1842 | DATA_PRIVACY_SECURE | MAINTAIN_BASELINE_PRIVACY_BUDGET | 200
PRIV-02793 | 0.5377 | 2.6016 | 0.1282 | DATA_PRIVACY_SECURE | MAINTAIN_BASELINE_PRIVACY_BUDGET | 200
PRIV-02794 | 0.7989 | 2.4807 | 0.4335 | DATA_PRIVACY_SECURE | MAINTAIN_BASELINE_PRIVACY_BUDGET | 200
PRIV-02795 | 0.9592 | 2.5560 | 0.8177 | CRITICAL_MEMORIZATION_LEAK_HAZARD | TRIGGER_DYNAMIC_DIFFERENTIAL_PRIVACY_NOISE | 422
PRIV-02796 | 0.9840 | 2.4517 | 0.8433 | CRITICAL_MEMORIZATION_LEAK_HAZARD | TRIGGER_DYNAMIC_DIFFERENTIAL_PRIVACY_NOISE | 422
PRIV-02797 | 0.5297 | 0.1488 | 0.1027 | DATA_PRIVACY_SECURE | MAINTAIN_BASELINE_PRIVACY_BUDGET | 200
PRIV-02798 | 0.7020 | 3.0621 | 0.2591 | DATA_PRIVACY_SECURE | MAINTAIN_BASELINE_PRIVACY_BUDGET | 200
PRIV-02799 | 0.9204 | 0.8439 | 0.5308 | DATA_PRIVACY_SECURE | MAINTAIN_BASELINE_PRIVACY_BUDGET | 200
PRIV-02800 | 0.9204 | 3.1977 | 0.7611 | CRITICAL_MEMORIZATION_LEAK_HAZARD | TRIGGER_DYNAMIC_DIFFERENTIAL_PRIVACY_NOISE | 422
PRIV-02801 | 0.7980 | 2.0192 | 0.4559 | DATA_PRIVACY_SECURE | MAINTAIN_BASELINE_PRIVACY_BUDGET | 200
PRIV-02802 | 0.6501 | 2.5124 | 0.3619 | DATA_PRIVACY_SECURE | MAINTAIN_BASELINE_PRIVACY_BUDGET | 200
PRIV-02803 | 0.5794 | 2.2919 | 0.1906 | DATA_PRIVACY_SECURE | MAINTAIN_BASELINE_PRIVACY_BUDGET | 200
PRIV-02804 | 0.5041 | 0.2039 | 0.0304 | DATA_PRIVACY_SECURE | MAINTAIN_BASELINE_PRIVACY_BUDGET | 200
PRIV-02805 | 0.7041 | 3.4651 | 0.3346 | DATA_PRIVACY_SECURE | MAINTAIN_BASELINE_PRIVACY_BUDGET | 200
PRIV-02806 | 0.7391 | 2.7850 | 0.3092 | DATA_PRIVACY_SECURE | MAINTAIN_BASELINE_PRIVACY_BUDGET | 200
PRIV-02807 | 0.6067 | 0.6501 | 0.1435 | DATA_PRIVACY_SECURE | MAINTAIN_BASELINE_PRIVACY_BUDGET | 200
PRIV-02808 | 0.8726 | 1.0986 | 0.465 | DATA_PRIVACY_SECURE | MAINTAIN_BASELINE_PRIVACY_BUDGET | 200
PRIV-02809 | 0.6557 | 0.1179 | 0.1859 | DATA_PRIVACY_SECURE | MAINTAIN_BASELINE_PRIVACY_BUDGET | 200
PRIV-02810 | 0.9350 | 3.0883 | 0.7598 | DATA_PRIVACY_SECURE | MAINTAIN_BASELINE_PRIVACY_BUDGET | 200
PRIV-02811 | 0.8974 | 0.7067 | 0.4793 | DATA_PRIVACY_SECURE | MAINTAIN_BASELINE_PRIVACY_BUDGET | 200
PRIV-02812 | 0.5999 | 0.1401 | 0.0901 | DATA_PRIVACY_SECURE | MAINTAIN_BASELINE_PRIVACY_BUDGET | 200
PRIV-02813 | 0.6702 | 3.2450 | 0.3592 | DATA_PRIVACY_SECURE | MAINTAIN_BASELINE_PRIVACY_BUDGET | 200
PRIV-02814 | 0.9845 | 2.5531 | 0.8725 | CRITICAL_MEMORIZATION_LEAK_HAZARD | TRIGGER_DYNAMIC_DIFFERENTIAL_PRIVACY_NOISE | 422
PRIV-02815 | 0.9002 | 1.3152 | 0.6484 | DATA_PRIVACY_SECURE | MAINTAIN_BASELINE_PRIVACY_BUDGET | 200
PRIV-02816 | 0.7496 | 2.7123 | 0.4275 | DATA_PRIVACY_SECURE | MAINTAIN_BASELINE_PRIVACY_BUDGET | 200
PRIV-02817 | 0.5153 | 0.9712 | 0.1186 | DATA_PRIVACY_SECURE | MAINTAIN_BASELINE_PRIVACY_BUDGET | 200
PRIV-02818 | 0.9253 | 2.4010 | 0.741 | DATA_PRIVACY_SECURE | MAINTAIN_BASELINE_PRIVACY_BUDGET | 200
PRIV-02819 | 0.9240 | 3.1546 | 0.7724 | CRITICAL_MEMORIZATION_LEAK_HAZARD | TRIGGER_DYNAMIC_DIFFERENTIAL_PRIVACY_NOISE | 422
PRIV-02820 | 0.5607 | 3.3070 | 0.093 | DATA_PRIVACY_SECURE | MAINTAIN_BASELINE_PRIVACY_BUDGET | 200
PRIV-02821 | 0.5043 | 1.6511 | 0.0965 | DATA_PRIVACY_SECURE | MAINTAIN_BASELINE_PRIVACY_BUDGET | 200
PRIV-02822 | 0.6513 | 2.1878 | 0.2822 | DATA_PRIVACY_SECURE | MAINTAIN_BASELINE_PRIVACY_BUDGET | 200
PRIV-02823 | 0.9049 | 0.8590 | 0.5186 | DATA_PRIVACY_SECURE | MAINTAIN_BASELINE_PRIVACY_BUDGET | 200
PRIV-02824 | 0.9498 | 0.5859 | 0.4942 | DATA_PRIVACY_SECURE | MAINTAIN_BASELINE_PRIVACY_BUDGET | 200
PRIV-02825 | 0.9245 | 0.4101 | 0.4729 | DATA_PRIVACY_SECURE | MAINTAIN_BASELINE_PRIVACY_BUDGET | 200
PRIV-02826 | 0.9265 | 1.8883 | 0.759 | DATA_PRIVACY_SECURE | MAINTAIN_BASELINE_PRIVACY_BUDGET | 200
PRIV-02827 | 0.6621 | 2.1823 | 0.3107 | DATA_PRIVACY_SECURE | MAINTAIN_BASELINE_PRIVACY_BUDGET | 200
PRIV-02828 | 0.8377 | 2.2143 | 0.5274 | DATA_PRIVACY_SECURE | MAINTAIN_BASELINE_PRIVACY_BUDGET | 200
PRIV-02829 | 0.7570 | 2.3092 | 0.4326 | DATA_PRIVACY_SECURE | MAINTAIN_BASELINE_PRIVACY_BUDGET | 200
PRIV-02830 | 0.6955 | 1.1259 | 0.2394 | DATA_PRIVACY_SECURE | MAINTAIN_BASELINE_PRIVACY_BUDGET | 200
PRIV-02831 | 0.5641 | 0.4532 | 0.0416 | DATA_PRIVACY_SECURE | MAINTAIN_BASELINE_PRIVACY_BUDGET | 200
PRIV-02832 | 0.8453 | 0.6492 | 0.3598 | DATA_PRIVACY_SECURE | MAINTAIN_BASELINE_PRIVACY_BUDGET | 200
PRIV-02833 | 0.6626 | 1.2391 | 0.288 | DATA_PRIVACY_SECURE | MAINTAIN_BASELINE_PRIVACY_BUDGET | 200
PRIV-02834 | 0.5145 | 3.2817 | 0.1203 | DATA_PRIVACY_SECURE | MAINTAIN_BASELINE_PRIVACY_BUDGET | 200
PRIV-02835 | 0.5976 | 0.3757 | 0.1168 | DATA_PRIVACY_SECURE | MAINTAIN_BASELINE_PRIVACY_BUDGET | 200
PRIV-02836 | 0.7847 | 0.8863 | 0.3302 | DATA_PRIVACY_SECURE | MAINTAIN_BASELINE_PRIVACY_BUDGET | 200
PRIV-02837 | 0.8727 | 1.4423 | 0.6138 | DATA_PRIVACY_SECURE | MAINTAIN_BASELINE_PRIVACY_BUDGET | 200
PRIV-02838 | 0.9314 | 2.0073 | 0.7773 | CRITICAL_MEMORIZATION_LEAK_HAZARD | TRIGGER_DYNAMIC_DIFFERENTIAL_PRIVACY_NOISE | 422
PRIV-02839 | 0.6471 | 1.9970 | 0.3274 | DATA_PRIVACY_SECURE | MAINTAIN_BASELINE_PRIVACY_BUDGET | 200
PRIV-02840 | 0.9990 | 2.6254 | 0.9234 | CRITICAL_MEMORIZATION_LEAK_HAZARD | TRIGGER_DYNAMIC_DIFFERENTIAL_PRIVACY_NOISE | 422
PRIV-02841 | 0.5280 | 2.6388 | 0.1492 | DATA_PRIVACY_SECURE | MAINTAIN_BASELINE_PRIVACY_BUDGET | 200
PRIV-02842 | 0.9174 | 0.2809 | 0.3793 | DATA_PRIVACY_SECURE | MAINTAIN_BASELINE_PRIVACY_BUDGET | 200
PRIV-02843 | 0.9396 | 0.3566 | 0.547 | DATA_PRIVACY_SECURE | MAINTAIN_BASELINE_PRIVACY_BUDGET | 200
PRIV-02844 | 0.9795 | 1.5743 | 0.7318 | DATA_PRIVACY_SECURE | MAINTAIN_BASELINE_PRIVACY_BUDGET | 200
PRIV-02845 | 0.8960 | 3.4659 | 0.7063 | DATA_PRIVACY_SECURE | MAINTAIN_BASELINE_PRIVACY_BUDGET | 200
PRIV-02846 | 0.5427 | 1.3925 | 0.0841 | DATA_PRIVACY_SECURE | MAINTAIN_BASELINE_PRIVACY_BUDGET | 200
PRIV-02847 | 0.6526 | 0.7969 | 0.168 | DATA_PRIVACY_SECURE | MAINTAIN_BASELINE_PRIVACY_BUDGET | 200
PRIV-02848 | 0.9239 | 0.2535 | 0.4105 | DATA_PRIVACY_SECURE | MAINTAIN_BASELINE_PRIVACY_BUDGET | 200
PRIV-02849 | 0.9168 | 2.3176 | 0.6773 | DATA_PRIVACY_SECURE | MAINTAIN_BASELINE_PRIVACY_BUDGET | 200
PRIV-02850 | 0.7881 | 1.4347 | 0.3738 | DATA_PRIVACY_SECURE | MAINTAIN_BASELINE_PRIVACY_BUDGET | 200
PRIV-02851 | 0.5807 | 0.1872 | 0.0851 | DATA_PRIVACY_SECURE | MAINTAIN_BASELINE_PRIVACY_BUDGET | 200
PRIV-02852 | 0.6298 | 0.6937 | 0.1999 | DATA_PRIVACY_SECURE | MAINTAIN_BASELINE_PRIVACY_BUDGET | 200
PRIV-02853 | 0.7802 | 3.3294 | 0.4142 | DATA_PRIVACY_SECURE | MAINTAIN_BASELINE_PRIVACY_BUDGET | 200
PRIV-02854 | 0.5574 | 1.0283 | 0.1364 | DATA_PRIVACY_SECURE | MAINTAIN_BASELINE_PRIVACY_BUDGET | 200
PRIV-02855 | 0.5245 | 3.0891 | 0.1867 | DATA_PRIVACY_SECURE | MAINTAIN_BASELINE_PRIVACY_BUDGET | 200
PRIV-02856 | 0.5082 | 0.8858 | 0.0724 | DATA_PRIVACY_SECURE | MAINTAIN_BASELINE_PRIVACY_BUDGET | 200
PRIV-02857 | 0.6922 | 0.9791 | 0.2124 | DATA_PRIVACY_SECURE | MAINTAIN_BASELINE_PRIVACY_BUDGET | 200
PRIV-02858 | 0.7892 | 2.4697 | 0.4439 | DATA_PRIVACY_SECURE | MAINTAIN_BASELINE_PRIVACY_BUDGET | 200
PRIV-02859 | 0.7489 | 2.0145 | 0.4178 | DATA_PRIVACY_SECURE | MAINTAIN_BASELINE_PRIVACY_BUDGET | 200
PRIV-02860 | 0.5375 | 2.3442 | 0.1494 | DATA_PRIVACY_SECURE | MAINTAIN_BASELINE_PRIVACY_BUDGET | 200
PRIV-02861 | 0.5750 | 1.8068 | 0.1421 | DATA_PRIVACY_SECURE | MAINTAIN_BASELINE_PRIVACY_BUDGET | 200
PRIV-02862 | 0.6749 | 0.1787 | 0.1868 | DATA_PRIVACY_SECURE | MAINTAIN_BASELINE_PRIVACY_BUDGET | 200
PRIV-02863 | 0.6413 | 2.7896 | 0.2044 | DATA_PRIVACY_SECURE | MAINTAIN_BASELINE_PRIVACY_BUDGET | 200
PRIV-02864 | 0.9482 | 1.8996 | 0.7689 | CRITICAL_MEMORIZATION_LEAK_HAZARD | TRIGGER_DYNAMIC_DIFFERENTIAL_PRIVACY_NOISE | 422
PRIV-02865 | 0.5728 | 2.5747 | 0.191 | DATA_PRIVACY_SECURE | MAINTAIN_BASELINE_PRIVACY_BUDGET | 200
PRIV-02866 | 0.6481 | 2.8460 | 0.245 | DATA_PRIVACY_SECURE | MAINTAIN_BASELINE_PRIVACY_BUDGET | 200
PRIV-02867 | 0.6637 | 0.5448 | 0.1515 | DATA_PRIVACY_SECURE | MAINTAIN_BASELINE_PRIVACY_BUDGET | 200
PRIV-02868 | 0.8681 | 3.2848 | 0.595 | DATA_PRIVACY_SECURE | MAINTAIN_BASELINE_PRIVACY_BUDGET | 200
PRIV-02869 | 0.5319 | 1.8141 | 0.1508 | DATA_PRIVACY_SECURE | MAINTAIN_BASELINE_PRIVACY_BUDGET | 200
PRIV-02870 | 0.9111 | 1.3261 | 0.6468 | DATA_PRIVACY_SECURE | MAINTAIN_BASELINE_PRIVACY_BUDGET | 200
PRIV-02871 | 0.6469 | 2.2935 | 0.2204 | DATA_PRIVACY_SECURE | MAINTAIN_BASELINE_PRIVACY_BUDGET | 200
PRIV-02872 | 0.9892 | 1.8354 | 0.8531 | CRITICAL_MEMORIZATION_LEAK_HAZARD | TRIGGER_DYNAMIC_DIFFERENTIAL_PRIVACY_NOISE | 422
PRIV-02873 | 0.6291 | 0.2696 | 0.0577 | DATA_PRIVACY_SECURE | MAINTAIN_BASELINE_PRIVACY_BUDGET | 200
PRIV-02874 | 0.7843 | 0.4204 | 0.2678 | DATA_PRIVACY_SECURE | MAINTAIN_BASELINE_PRIVACY_BUDGET | 200
PRIV-02875 | 0.8988 | 1.5707 | 0.5998 | DATA_PRIVACY_SECURE | MAINTAIN_BASELINE_PRIVACY_BUDGET | 200
PRIV-02876 | 0.9523 | 0.2371 | 0.4464 | DATA_PRIVACY_SECURE | MAINTAIN_BASELINE_PRIVACY_BUDGET | 200
PRIV-02877 | 0.8440 | 0.6388 | 0.3561 | DATA_PRIVACY_SECURE | MAINTAIN_BASELINE_PRIVACY_BUDGET | 200
PRIV-02878 | 0.8546 | 0.1246 | 0.3048 | DATA_PRIVACY_SECURE | MAINTAIN_BASELINE_PRIVACY_BUDGET | 200
PRIV-02879 | 0.6648 | 0.5246 | 0.1963 | DATA_PRIVACY_SECURE | MAINTAIN_BASELINE_PRIVACY_BUDGET | 200
PRIV-02880 | 0.7622 | 3.0255 | 0.4148 | DATA_PRIVACY_SECURE | MAINTAIN_BASELINE_PRIVACY_BUDGET | 200
PRIV-02881 | 0.5405 | 0.8353 | 0.0206 | DATA_PRIVACY_SECURE | MAINTAIN_BASELINE_PRIVACY_BUDGET | 200
PRIV-02882 | 0.5774 | 1.1500 | 0.0614 | DATA_PRIVACY_SECURE | MAINTAIN_BASELINE_PRIVACY_BUDGET | 200
PRIV-02883 | 0.9673 | 3.4966 | 0.8541 | CRITICAL_MEMORIZATION_LEAK_HAZARD | TRIGGER_DYNAMIC_DIFFERENTIAL_PRIVACY_NOISE | 422
PRIV-02884 | 0.9137 | 3.0490 | 0.7466 | DATA_PRIVACY_SECURE | MAINTAIN_BASELINE_PRIVACY_BUDGET | 200
PRIV-02885 | 0.9447 | 0.1469 | 0.3426 | DATA_PRIVACY_SECURE | MAINTAIN_BASELINE_PRIVACY_BUDGET | 200
PRIV-02886 | 0.5645 | 1.5738 | 0.129 | DATA_PRIVACY_SECURE | MAINTAIN_BASELINE_PRIVACY_BUDGET | 200
PRIV-02887 | 0.5753 | 1.3480 | 0.1301 | DATA_PRIVACY_SECURE | MAINTAIN_BASELINE_PRIVACY_BUDGET | 200
PRIV-02888 | 0.9666 | 2.9744 | 0.9147 | CRITICAL_MEMORIZATION_LEAK_HAZARD | TRIGGER_DYNAMIC_DIFFERENTIAL_PRIVACY_NOISE | 422
PRIV-02889 | 0.9848 | 0.7855 | 0.6407 | DATA_PRIVACY_SECURE | MAINTAIN_BASELINE_PRIVACY_BUDGET | 200
PRIV-02890 | 0.8473 | 0.6673 | 0.4174 | DATA_PRIVACY_SECURE | MAINTAIN_BASELINE_PRIVACY_BUDGET | 200
PRIV-02891 | 0.7129 | 0.8789 | 0.2616 | DATA_PRIVACY_SECURE | MAINTAIN_BASELINE_PRIVACY_BUDGET | 200
PRIV-02892 | 0.6494 | 0.8325 | 0.1056 | DATA_PRIVACY_SECURE | MAINTAIN_BASELINE_PRIVACY_BUDGET | 200
PRIV-02893 | 0.7753 | 1.3941 | 0.4041 | DATA_PRIVACY_SECURE | MAINTAIN_BASELINE_PRIVACY_BUDGET | 200
PRIV-02894 | 0.7175 | 2.1705 | 0.3402 | DATA_PRIVACY_SECURE | MAINTAIN_BASELINE_PRIVACY_BUDGET | 200
PRIV-02895 | 0.5707 | 1.0420 | 0.1577 | DATA_PRIVACY_SECURE | MAINTAIN_BASELINE_PRIVACY_BUDGET | 200
PRIV-02896 | 0.7020 | 1.1350 | 0.4188 | DATA_PRIVACY_SECURE | MAINTAIN_BASELINE_PRIVACY_BUDGET | 200
PRIV-02897 | 0.5502 | 1.9323 | 0.0621 | DATA_PRIVACY_SECURE | MAINTAIN_BASELINE_PRIVACY_BUDGET | 200
PRIV-02898 | 0.9480 | 0.3542 | 0.5697 | DATA_PRIVACY_SECURE | MAINTAIN_BASELINE_PRIVACY_BUDGET | 200
PRIV-02899 | 0.5842 | 1.0860 | 0.1376 | DATA_PRIVACY_SECURE | MAINTAIN_BASELINE_PRIVACY_BUDGET | 200
PRIV-02900 | 0.6203 | 1.1492 | 0.1927 | DATA_PRIVACY_SECURE | MAINTAIN_BASELINE_PRIVACY_BUDGET | 200
PRIV-02901 | 0.9839 | 0.1450 | 0.5089 | DATA_PRIVACY_SECURE | MAINTAIN_BASELINE_PRIVACY_BUDGET | 200
PRIV-02902 | 0.5351 | 0.3515 | 0.0729 | DATA_PRIVACY_SECURE | MAINTAIN_BASELINE_PRIVACY_BUDGET | 200
PRIV-02903 | 0.6248 | 0.6405 | 0.1369 | DATA_PRIVACY_SECURE | MAINTAIN_BASELINE_PRIVACY_BUDGET | 200
PRIV-02904 | 0.9199 | 2.3164 | 0.7217 | DATA_PRIVACY_SECURE | MAINTAIN_BASELINE_PRIVACY_BUDGET | 200
PRIV-02905 | 0.7772 | 2.9296 | 0.3849 | DATA_PRIVACY_SECURE | MAINTAIN_BASELINE_PRIVACY_BUDGET | 200
PRIV-02906 | 0.6450 | 1.2630 | 0.2392 | DATA_PRIVACY_SECURE | MAINTAIN_BASELINE_PRIVACY_BUDGET | 200
PRIV-02907 | 0.5101 | 0.2852 | 0.0591 | DATA_PRIVACY_SECURE | MAINTAIN_BASELINE_PRIVACY_BUDGET | 200
PRIV-02908 | 0.9538 | 3.4701 | 0.7963 | CRITICAL_MEMORIZATION_LEAK_HAZARD | TRIGGER_DYNAMIC_DIFFERENTIAL_PRIVACY_NOISE | 422
PRIV-02909 | 0.5717 | 0.5913 | 0.1023 | DATA_PRIVACY_SECURE | MAINTAIN_BASELINE_PRIVACY_BUDGET | 200
PRIV-02910 | 0.8963 | 2.1560 | 0.6957 | DATA_PRIVACY_SECURE | MAINTAIN_BASELINE_PRIVACY_BUDGET | 200
PRIV-02911 | 0.7364 | 2.4163 | 0.3452 | DATA_PRIVACY_SECURE | MAINTAIN_BASELINE_PRIVACY_BUDGET | 200
PRIV-02912 | 0.5677 | 2.2299 | 0.1795 | DATA_PRIVACY_SECURE | MAINTAIN_BASELINE_PRIVACY_BUDGET | 200
PRIV-02913 | 0.6648 | 2.3693 | 0.2394 | DATA_PRIVACY_SECURE | MAINTAIN_BASELINE_PRIVACY_BUDGET | 200
PRIV-02914 | 0.8655 | 1.1478 | 0.5224 | DATA_PRIVACY_SECURE | MAINTAIN_BASELINE_PRIVACY_BUDGET | 200
PRIV-02915 | 0.7785 | 0.4333 | 0.3137 | DATA_PRIVACY_SECURE | MAINTAIN_BASELINE_PRIVACY_BUDGET | 200
PRIV-02916 | 0.7281 | 1.7747 | 0.404 | DATA_PRIVACY_SECURE | MAINTAIN_BASELINE_PRIVACY_BUDGET | 200
PRIV-02917 | 0.7529 | 2.7487 | 0.394 | DATA_PRIVACY_SECURE | MAINTAIN_BASELINE_PRIVACY_BUDGET | 200
PRIV-02918 | 0.5363 | 1.9358 | 0.1615 | DATA_PRIVACY_SECURE | MAINTAIN_BASELINE_PRIVACY_BUDGET | 200
PRIV-02919 | 0.8166 | 0.9402 | 0.3955 | DATA_PRIVACY_SECURE | MAINTAIN_BASELINE_PRIVACY_BUDGET | 200
PRIV-02920 | 0.9009 | 3.1004 | 0.7516 | DATA_PRIVACY_SECURE | MAINTAIN_BASELINE_PRIVACY_BUDGET | 200
PRIV-02921 | 0.6782 | 0.5269 | 0.1674 | DATA_PRIVACY_SECURE | MAINTAIN_BASELINE_PRIVACY_BUDGET | 200
PRIV-02922 | 0.9487 | 1.9896 | 0.7809 | CRITICAL_MEMORIZATION_LEAK_HAZARD | TRIGGER_DYNAMIC_DIFFERENTIAL_PRIVACY_NOISE | 422
PRIV-02923 | 0.6490 | 1.4726 | 0.2146 | DATA_PRIVACY_SECURE | MAINTAIN_BASELINE_PRIVACY_BUDGET | 200
PRIV-02924 | 0.7767 | 1.2190 | 0.359 | DATA_PRIVACY_SECURE | MAINTAIN_BASELINE_PRIVACY_BUDGET | 200
PRIV-02925 | 0.9299 | 0.5637 | 0.5162 | DATA_PRIVACY_SECURE | MAINTAIN_BASELINE_PRIVACY_BUDGET | 200
PRIV-02926 | 0.9439 | 3.4366 | 0.8248 | CRITICAL_MEMORIZATION_LEAK_HAZARD | TRIGGER_DYNAMIC_DIFFERENTIAL_PRIVACY_NOISE | 422
PRIV-02927 | 0.6926 | 2.2660 | 0.2964 | DATA_PRIVACY_SECURE | MAINTAIN_BASELINE_PRIVACY_BUDGET | 200
PRIV-02928 | 0.8185 | 2.5145 | 0.5159 | DATA_PRIVACY_SECURE | MAINTAIN_BASELINE_PRIVACY_BUDGET | 200
PRIV-02929 | 0.9889 | 3.3628 | 0.9979 | CRITICAL_MEMORIZATION_LEAK_HAZARD | TRIGGER_DYNAMIC_DIFFERENTIAL_PRIVACY_NOISE | 422
PRIV-02930 | 0.9377 | 1.9831 | 0.7642 | CRITICAL_MEMORIZATION_LEAK_HAZARD | TRIGGER_DYNAMIC_DIFFERENTIAL_PRIVACY_NOISE | 422
PRIV-02931 | 0.6739 | 0.4461 | 0.2213 | DATA_PRIVACY_SECURE | MAINTAIN_BASELINE_PRIVACY_BUDGET | 200
PRIV-02932 | 0.9453 | 1.6127 | 0.686 | DATA_PRIVACY_SECURE | MAINTAIN_BASELINE_PRIVACY_BUDGET | 200
PRIV-02933 | 0.9297 | 3.1954 | 0.7365 | DATA_PRIVACY_SECURE | MAINTAIN_BASELINE_PRIVACY_BUDGET | 200
PRIV-02934 | 0.7796 | 2.5187 | 0.4767 | DATA_PRIVACY_SECURE | MAINTAIN_BASELINE_PRIVACY_BUDGET | 200
PRIV-02935 | 0.9400 | 1.1868 | 0.6714 | DATA_PRIVACY_SECURE | MAINTAIN_BASELINE_PRIVACY_BUDGET | 200
PRIV-02936 | 0.6795 | 0.4935 | 0.2537 | DATA_PRIVACY_SECURE | MAINTAIN_BASELINE_PRIVACY_BUDGET | 200
PRIV-02937 | 0.9733 | 0.9375 | 0.6383 | DATA_PRIVACY_SECURE | MAINTAIN_BASELINE_PRIVACY_BUDGET | 200
PRIV-02938 | 0.9829 | 0.5348 | 0.5897 | DATA_PRIVACY_SECURE | MAINTAIN_BASELINE_PRIVACY_BUDGET | 200
PRIV-02939 | 0.8673 | 1.5436 | 0.472 | DATA_PRIVACY_SECURE | MAINTAIN_BASELINE_PRIVACY_BUDGET | 200
PRIV-02940 | 0.9052 | 2.0286 | 0.6399 | DATA_PRIVACY_SECURE | MAINTAIN_BASELINE_PRIVACY_BUDGET | 200
PRIV-02941 | 0.9745 | 1.7308 | 0.8262 | CRITICAL_MEMORIZATION_LEAK_HAZARD | TRIGGER_DYNAMIC_DIFFERENTIAL_PRIVACY_NOISE | 422
PRIV-02942 | 0.9113 | 1.3873 | 0.587 | DATA_PRIVACY_SECURE | MAINTAIN_BASELINE_PRIVACY_BUDGET | 200
PRIV-02943 | 0.7211 | 1.9225 | 0.3527 | DATA_PRIVACY_SECURE | MAINTAIN_BASELINE_PRIVACY_BUDGET | 200
PRIV-02944 | 0.7642 | 2.7578 | 0.4121 | DATA_PRIVACY_SECURE | MAINTAIN_BASELINE_PRIVACY_BUDGET | 200
PRIV-02945 | 0.9687 | 3.3555 | 0.8914 | CRITICAL_MEMORIZATION_LEAK_HAZARD | TRIGGER_DYNAMIC_DIFFERENTIAL_PRIVACY_NOISE | 422
PRIV-02946 | 0.8441 | 2.4758 | 0.5089 | DATA_PRIVACY_SECURE | MAINTAIN_BASELINE_PRIVACY_BUDGET | 200
PRIV-02947 | 0.6088 | 1.4216 | 0.1852 | DATA_PRIVACY_SECURE | MAINTAIN_BASELINE_PRIVACY_BUDGET | 200
PRIV-02948 | 0.5659 | 2.6393 | 0.0495 | DATA_PRIVACY_SECURE | MAINTAIN_BASELINE_PRIVACY_BUDGET | 200
PRIV-02949 | 0.8298 | 0.5421 | 0.3538 | DATA_PRIVACY_SECURE | MAINTAIN_BASELINE_PRIVACY_BUDGET | 200
PRIV-02950 | 0.5909 | 0.6360 | 0.0697 | DATA_PRIVACY_SECURE | MAINTAIN_BASELINE_PRIVACY_BUDGET | 200
PRIV-02951 | 0.7217 | 0.7016 | 0.2996 | DATA_PRIVACY_SECURE | MAINTAIN_BASELINE_PRIVACY_BUDGET | 200
PRIV-02952 | 0.6837 | 2.9165 | 0.3343 | DATA_PRIVACY_SECURE | MAINTAIN_BASELINE_PRIVACY_BUDGET | 200
PRIV-02953 | 0.7661 | 3.4982 | 0.4551 | DATA_PRIVACY_SECURE | MAINTAIN_BASELINE_PRIVACY_BUDGET | 200
PRIV-02954 | 0.9919 | 3.2311 | 0.9997 | CRITICAL_MEMORIZATION_LEAK_HAZARD | TRIGGER_DYNAMIC_DIFFERENTIAL_PRIVACY_NOISE | 422
PRIV-02955 | 0.6372 | 2.7628 | 0.2054 | DATA_PRIVACY_SECURE | MAINTAIN_BASELINE_PRIVACY_BUDGET | 200
PRIV-02956 | 0.7969 | 2.7160 | 0.5445 | DATA_PRIVACY_SECURE | MAINTAIN_BASELINE_PRIVACY_BUDGET | 200
PRIV-02957 | 0.5159 | 2.6171 | 0.1653 | DATA_PRIVACY_SECURE | MAINTAIN_BASELINE_PRIVACY_BUDGET | 200
PRIV-02958 | 0.5116 | 3.3977 | 0.1201 | DATA_PRIVACY_SECURE | MAINTAIN_BASELINE_PRIVACY_BUDGET | 200
PRIV-02959 | 0.5040 | 2.2126 | 0.1608 | DATA_PRIVACY_SECURE | MAINTAIN_BASELINE_PRIVACY_BUDGET | 200
PRIV-02960 | 0.7995 | 1.3372 | 0.3606 | DATA_PRIVACY_SECURE | MAINTAIN_BASELINE_PRIVACY_BUDGET | 200
PRIV-02961 | 0.8252 | 0.9450 | 0.3716 | DATA_PRIVACY_SECURE | MAINTAIN_BASELINE_PRIVACY_BUDGET | 200
PRIV-02962 | 0.9022 | 1.2048 | 0.5407 | DATA_PRIVACY_SECURE | MAINTAIN_BASELINE_PRIVACY_BUDGET | 200
PRIV-02963 | 0.6922 | 2.0771 | 0.2736 | DATA_PRIVACY_SECURE | MAINTAIN_BASELINE_PRIVACY_BUDGET | 200
PRIV-02964 | 0.5785 | 0.6893 | 0.0866 | DATA_PRIVACY_SECURE | MAINTAIN_BASELINE_PRIVACY_BUDGET | 200
PRIV-02965 | 0.5225 | 0.7819 | 0.1468 | DATA_PRIVACY_SECURE | MAINTAIN_BASELINE_PRIVACY_BUDGET | 200
PRIV-02966 | 0.6031 | 2.0238 | 0.1834 | DATA_PRIVACY_SECURE | MAINTAIN_BASELINE_PRIVACY_BUDGET | 200
PRIV-02967 | 0.5660 | 1.7070 | 0.1676 | DATA_PRIVACY_SECURE | MAINTAIN_BASELINE_PRIVACY_BUDGET | 200
PRIV-02968 | 0.6581 | 3.4332 | 0.2533 | DATA_PRIVACY_SECURE | MAINTAIN_BASELINE_PRIVACY_BUDGET | 200
PRIV-02969 | 0.5773 | 1.5883 | 0.0869 | DATA_PRIVACY_SECURE | MAINTAIN_BASELINE_PRIVACY_BUDGET | 200
PRIV-02970 | 0.6699 | 1.3960 | 0.2518 | DATA_PRIVACY_SECURE | MAINTAIN_BASELINE_PRIVACY_BUDGET | 200
PRIV-02971 | 0.9160 | 2.4297 | 0.6299 | DATA_PRIVACY_SECURE | MAINTAIN_BASELINE_PRIVACY_BUDGET | 200
PRIV-02972 | 0.8013 | 1.5914 | 0.4247 | DATA_PRIVACY_SECURE | MAINTAIN_BASELINE_PRIVACY_BUDGET | 200
PRIV-02973 | 0.9704 | 1.2953 | 0.6627 | DATA_PRIVACY_SECURE | MAINTAIN_BASELINE_PRIVACY_BUDGET | 200
PRIV-02974 | 0.9179 | 1.7406 | 0.7375 | DATA_PRIVACY_SECURE | MAINTAIN_BASELINE_PRIVACY_BUDGET | 200
PRIV-02975 | 0.7828 | 0.7341 | 0.3606 | DATA_PRIVACY_SECURE | MAINTAIN_BASELINE_PRIVACY_BUDGET | 200
PRIV-02976 | 0.6558 | 1.1454 | 0.2182 | DATA_PRIVACY_SECURE | MAINTAIN_BASELINE_PRIVACY_BUDGET | 200
PRIV-02977 | 0.9190 | 1.0071 | 0.6191 | DATA_PRIVACY_SECURE | MAINTAIN_BASELINE_PRIVACY_BUDGET | 200
PRIV-02978 | 0.7098 | 2.6334 | 0.2998 | DATA_PRIVACY_SECURE | MAINTAIN_BASELINE_PRIVACY_BUDGET | 200
PRIV-02979 | 0.9800 | 0.5066 | 0.609 | DATA_PRIVACY_SECURE | MAINTAIN_BASELINE_PRIVACY_BUDGET | 200
PRIV-02980 | 0.6146 | 0.2162 | 0.1366 | DATA_PRIVACY_SECURE | MAINTAIN_BASELINE_PRIVACY_BUDGET | 200
PRIV-02981 | 0.5744 | 2.5099 | 0.1858 | DATA_PRIVACY_SECURE | MAINTAIN_BASELINE_PRIVACY_BUDGET | 200
PRIV-02982 | 0.8029 | 2.0190 | 0.5079 | DATA_PRIVACY_SECURE | MAINTAIN_BASELINE_PRIVACY_BUDGET | 200
PRIV-02983 | 0.9508 | 3.4595 | 0.8626 | CRITICAL_MEMORIZATION_LEAK_HAZARD | TRIGGER_DYNAMIC_DIFFERENTIAL_PRIVACY_NOISE | 422
PRIV-02984 | 0.5233 | 2.6340 | 0.1453 | DATA_PRIVACY_SECURE | MAINTAIN_BASELINE_PRIVACY_BUDGET | 200
PRIV-02985 | 0.5153 | 2.4477 | 0.0597 | DATA_PRIVACY_SECURE | MAINTAIN_BASELINE_PRIVACY_BUDGET | 200
PRIV-02986 | 0.8036 | 1.9119 | 0.4137 | DATA_PRIVACY_SECURE | MAINTAIN_BASELINE_PRIVACY_BUDGET | 200
PRIV-02987 | 0.5721 | 2.1942 | 0.1636 | DATA_PRIVACY_SECURE | MAINTAIN_BASELINE_PRIVACY_BUDGET | 200
PRIV-02988 | 0.7065 | 1.9993 | 0.3143 | DATA_PRIVACY_SECURE | MAINTAIN_BASELINE_PRIVACY_BUDGET | 200
PRIV-02989 | 0.9005 | 2.8841 | 0.6464 | DATA_PRIVACY_SECURE | MAINTAIN_BASELINE_PRIVACY_BUDGET | 200
PRIV-02990 | 0.6845 | 2.5610 | 0.3942 | DATA_PRIVACY_SECURE | MAINTAIN_BASELINE_PRIVACY_BUDGET | 200
PRIV-02991 | 0.5150 | 2.9605 | 0.1905 | DATA_PRIVACY_SECURE | MAINTAIN_BASELINE_PRIVACY_BUDGET | 200
PRIV-02992 | 0.9417 | 3.0336 | 0.8209 | CRITICAL_MEMORIZATION_LEAK_HAZARD | TRIGGER_DYNAMIC_DIFFERENTIAL_PRIVACY_NOISE | 422
PRIV-02993 | 0.8236 | 3.0480 | 0.5363 | DATA_PRIVACY_SECURE | MAINTAIN_BASELINE_PRIVACY_BUDGET | 200
PRIV-02994 | 0.8078 | 1.8332 | 0.446 | DATA_PRIVACY_SECURE | MAINTAIN_BASELINE_PRIVACY_BUDGET | 200
PRIV-02995 | 0.6916 | 2.5740 | 0.2692 | DATA_PRIVACY_SECURE | MAINTAIN_BASELINE_PRIVACY_BUDGET | 200
PRIV-02996 | 0.9504 | 1.8570 | 0.7456 | DATA_PRIVACY_SECURE | MAINTAIN_BASELINE_PRIVACY_BUDGET | 200
PRIV-02997 | 0.7590 | 0.5527 | 0.2878 | DATA_PRIVACY_SECURE | MAINTAIN_BASELINE_PRIVACY_BUDGET | 200
PRIV-02998 | 0.8657 | 3.1750 | 0.5732 | DATA_PRIVACY_SECURE | MAINTAIN_BASELINE_PRIVACY_BUDGET | 200
PRIV-02999 | 0.9419 | 3.2075 | 0.8164 | CRITICAL_MEMORIZATION_LEAK_HAZARD | TRIGGER_DYNAMIC_DIFFERENTIAL_PRIVACY_NOISE | 422
PRIV-03000 | 0.6815 | 2.7400 | 0.2911 | DATA_PRIVACY_SECURE | MAINTAIN_BASELINE_PRIVACY_BUDGET | 200
PRIV-03001 | 0.9360 | 0.8518 | 0.4985 | DATA_PRIVACY_SECURE | MAINTAIN_BASELINE_PRIVACY_BUDGET | 200
PRIV-03002 | 0.6034 | 1.1891 | 0.134 | DATA_PRIVACY_SECURE | MAINTAIN_BASELINE_PRIVACY_BUDGET | 200
PRIV-03003 | 0.7992 | 0.9283 | 0.3494 | DATA_PRIVACY_SECURE | MAINTAIN_BASELINE_PRIVACY_BUDGET | 200
PRIV-03004 | 0.6584 | 1.5485 | 0.3108 | DATA_PRIVACY_SECURE | MAINTAIN_BASELINE_PRIVACY_BUDGET | 200
PRIV-03005 | 0.9606 | 2.3924 | 0.8343 | CRITICAL_MEMORIZATION_LEAK_HAZARD | TRIGGER_DYNAMIC_DIFFERENTIAL_PRIVACY_NOISE | 422
PRIV-03006 | 0.7549 | 2.9976 | 0.3564 | DATA_PRIVACY_SECURE | MAINTAIN_BASELINE_PRIVACY_BUDGET | 200
PRIV-03007 | 0.9592 | 0.1078 | 0.4844 | DATA_PRIVACY_SECURE | MAINTAIN_BASELINE_PRIVACY_BUDGET | 200
PRIV-03008 | 0.9265 | 1.8307 | 0.6236 | DATA_PRIVACY_SECURE | MAINTAIN_BASELINE_PRIVACY_BUDGET | 200
PRIV-03009 | 0.5373 | 2.1738 | 0.1826 | DATA_PRIVACY_SECURE | MAINTAIN_BASELINE_PRIVACY_BUDGET | 200
PRIV-03010 | 0.5565 | 1.6707 | 0.1262 | DATA_PRIVACY_SECURE | MAINTAIN_BASELINE_PRIVACY_BUDGET | 200
PRIV-03011 | 0.5390 | 2.7614 | 0.1435 | DATA_PRIVACY_SECURE | MAINTAIN_BASELINE_PRIVACY_BUDGET | 200
PRIV-03012 | 0.5332 | 2.7085 | 0.1951 | DATA_PRIVACY_SECURE | MAINTAIN_BASELINE_PRIVACY_BUDGET | 200
PRIV-03013 | 0.6232 | 2.3249 | 0.169 | DATA_PRIVACY_SECURE | MAINTAIN_BASELINE_PRIVACY_BUDGET | 200
PRIV-03014 | 0.5169 | 1.0010 | 0.0451 | DATA_PRIVACY_SECURE | MAINTAIN_BASELINE_PRIVACY_BUDGET | 200
PRIV-03015 | 0.8107 | 0.3321 | 0.2869 | DATA_PRIVACY_SECURE | MAINTAIN_BASELINE_PRIVACY_BUDGET | 200
PRIV-03016 | 0.8755 | 1.6637 | 0.6058 | DATA_PRIVACY_SECURE | MAINTAIN_BASELINE_PRIVACY_BUDGET | 200
PRIV-03017 | 0.9748 | 1.7146 | 0.7242 | DATA_PRIVACY_SECURE | MAINTAIN_BASELINE_PRIVACY_BUDGET | 200
PRIV-03018 | 0.9292 | 3.3948 | 0.663 | DATA_PRIVACY_SECURE | MAINTAIN_BASELINE_PRIVACY_BUDGET | 200
PRIV-03019 | 0.6340 | 0.3663 | 0.1324 | DATA_PRIVACY_SECURE | MAINTAIN_BASELINE_PRIVACY_BUDGET | 200
PRIV-03020 | 0.6675 | 2.7139 | 0.3009 | DATA_PRIVACY_SECURE | MAINTAIN_BASELINE_PRIVACY_BUDGET | 200
PRIV-03021 | 0.9441 | 0.4557 | 0.563 | DATA_PRIVACY_SECURE | MAINTAIN_BASELINE_PRIVACY_BUDGET | 200
PRIV-03022 | 0.7954 | 2.4656 | 0.4453 | DATA_PRIVACY_SECURE | MAINTAIN_BASELINE_PRIVACY_BUDGET | 200
PRIV-03023 | 0.9763 | 2.8035 | 0.861 | CRITICAL_MEMORIZATION_LEAK_HAZARD | TRIGGER_DYNAMIC_DIFFERENTIAL_PRIVACY_NOISE | 422
PRIV-03024 | 0.5079 | 2.8932 | 0.1703 | DATA_PRIVACY_SECURE | MAINTAIN_BASELINE_PRIVACY_BUDGET | 200
PRIV-03025 | 0.7379 | 1.6157 | 0.2603 | DATA_PRIVACY_SECURE | MAINTAIN_BASELINE_PRIVACY_BUDGET | 200
PRIV-03026 | 0.5643 | 2.5740 | 0.1514 | DATA_PRIVACY_SECURE | MAINTAIN_BASELINE_PRIVACY_BUDGET | 200
PRIV-03027 | 0.7345 | 1.2623 | 0.3164 | DATA_PRIVACY_SECURE | MAINTAIN_BASELINE_PRIVACY_BUDGET | 200
PRIV-03028 | 0.6666 | 1.5726 | 0.2633 | DATA_PRIVACY_SECURE | MAINTAIN_BASELINE_PRIVACY_BUDGET | 200
PRIV-03029 | 0.9517 | 2.0178 | 0.7406 | DATA_PRIVACY_SECURE | MAINTAIN_BASELINE_PRIVACY_BUDGET | 200
PRIV-03030 | 0.8693 | 0.9008 | 0.4686 | DATA_PRIVACY_SECURE | MAINTAIN_BASELINE_PRIVACY_BUDGET | 200
PRIV-03031 | 0.7260 | 2.3426 | 0.2496 | DATA_PRIVACY_SECURE | MAINTAIN_BASELINE_PRIVACY_BUDGET | 200
PRIV-03032 | 0.5013 | 1.2037 | 0.0705 | DATA_PRIVACY_SECURE | MAINTAIN_BASELINE_PRIVACY_BUDGET | 200
PRIV-03033 | 0.8011 | 0.6504 | 0.3559 | DATA_PRIVACY_SECURE | MAINTAIN_BASELINE_PRIVACY_BUDGET | 200
PRIV-03034 | 0.8257 | 1.9963 | 0.4563 | DATA_PRIVACY_SECURE | MAINTAIN_BASELINE_PRIVACY_BUDGET | 200
PRIV-03035 | 0.6670 | 1.0268 | 0.2208 | DATA_PRIVACY_SECURE | MAINTAIN_BASELINE_PRIVACY_BUDGET | 200
PRIV-03036 | 0.5426 | 1.7195 | 0.1533 | DATA_PRIVACY_SECURE | MAINTAIN_BASELINE_PRIVACY_BUDGET | 200
PRIV-03037 | 0.9754 | 3.4620 | 0.8862 | CRITICAL_MEMORIZATION_LEAK_HAZARD | TRIGGER_DYNAMIC_DIFFERENTIAL_PRIVACY_NOISE | 422
PRIV-03038 | 0.9328 | 1.1077 | 0.617 | DATA_PRIVACY_SECURE | MAINTAIN_BASELINE_PRIVACY_BUDGET | 200
PRIV-03039 | 0.6158 | 1.7251 | 0.1597 | DATA_PRIVACY_SECURE | MAINTAIN_BASELINE_PRIVACY_BUDGET | 200
PRIV-03040 | 0.7949 | 1.8893 | 0.4281 | DATA_PRIVACY_SECURE | MAINTAIN_BASELINE_PRIVACY_BUDGET | 200
PRIV-03041 | 0.7306 | 1.8184 | 0.3599 | DATA_PRIVACY_SECURE | MAINTAIN_BASELINE_PRIVACY_BUDGET | 200
PRIV-03042 | 0.9430 | 3.0025 | 0.8051 | CRITICAL_MEMORIZATION_LEAK_HAZARD | TRIGGER_DYNAMIC_DIFFERENTIAL_PRIVACY_NOISE | 422
PRIV-03043 | 0.9900 | 1.2509 | 0.7309 | DATA_PRIVACY_SECURE | MAINTAIN_BASELINE_PRIVACY_BUDGET | 200
PRIV-03044 | 0.7556 | 1.1253 | 0.3347 | DATA_PRIVACY_SECURE | MAINTAIN_BASELINE_PRIVACY_BUDGET | 200
PRIV-03045 | 0.9489 | 2.1904 | 0.7969 | CRITICAL_MEMORIZATION_LEAK_HAZARD | TRIGGER_DYNAMIC_DIFFERENTIAL_PRIVACY_NOISE | 422
PRIV-03046 | 0.9939 | 0.4248 | 0.5116 | DATA_PRIVACY_SECURE | MAINTAIN_BASELINE_PRIVACY_BUDGET | 200
PRIV-03047 | 0.5298 | 3.0824 | 0.1885 | DATA_PRIVACY_SECURE | MAINTAIN_BASELINE_PRIVACY_BUDGET | 200
PRIV-03048 | 0.5066 | 2.3894 | 0.1056 | DATA_PRIVACY_SECURE | MAINTAIN_BASELINE_PRIVACY_BUDGET | 200
PRIV-03049 | 0.9425 | 1.6200 | 0.7159 | DATA_PRIVACY_SECURE | MAINTAIN_BASELINE_PRIVACY_BUDGET | 200
PRIV-03050 | 0.8564 | 1.6204 | 0.5723 | DATA_PRIVACY_SECURE | MAINTAIN_BASELINE_PRIVACY_BUDGET | 200
PRIV-03051 | 0.6704 | 1.7184 | 0.2006 | DATA_PRIVACY_SECURE | MAINTAIN_BASELINE_PRIVACY_BUDGET | 200
PRIV-03052 | 0.6732 | 3.4537 | 0.2673 | DATA_PRIVACY_SECURE | MAINTAIN_BASELINE_PRIVACY_BUDGET | 200
PRIV-03053 | 0.7556 | 3.3194 | 0.4048 | DATA_PRIVACY_SECURE | MAINTAIN_BASELINE_PRIVACY_BUDGET | 200
PRIV-03054 | 0.9642 | 2.1438 | 0.771 | CRITICAL_MEMORIZATION_LEAK_HAZARD | TRIGGER_DYNAMIC_DIFFERENTIAL_PRIVACY_NOISE | 422
PRIV-03055 | 0.9880 | 1.6124 | 0.8734 | CRITICAL_MEMORIZATION_LEAK_HAZARD | TRIGGER_DYNAMIC_DIFFERENTIAL_PRIVACY_NOISE | 422
PRIV-03056 | 0.6435 | 0.2556 | 0.1159 | DATA_PRIVACY_SECURE | MAINTAIN_BASELINE_PRIVACY_BUDGET | 200
PRIV-03057 | 0.7916 | 2.8337 | 0.4463 | DATA_PRIVACY_SECURE | MAINTAIN_BASELINE_PRIVACY_BUDGET | 200
PRIV-03058 | 0.5115 | 0.3360 | 0.0862 | DATA_PRIVACY_SECURE | MAINTAIN_BASELINE_PRIVACY_BUDGET | 200
PRIV-03059 | 0.9656 | 2.1030 | 0.7543 | DATA_PRIVACY_SECURE | MAINTAIN_BASELINE_PRIVACY_BUDGET | 200
PRIV-03060 | 0.5536 | 2.4855 | 0.1408 | DATA_PRIVACY_SECURE | MAINTAIN_BASELINE_PRIVACY_BUDGET | 200
PRIV-03061 | 0.6813 | 0.2860 | 0.1932 | DATA_PRIVACY_SECURE | MAINTAIN_BASELINE_PRIVACY_BUDGET | 200
PRIV-03062 | 0.7052 | 2.3219 | 0.3061 | DATA_PRIVACY_SECURE | MAINTAIN_BASELINE_PRIVACY_BUDGET | 200
PRIV-03063 | 0.8106 | 1.3189 | 0.4165 | DATA_PRIVACY_SECURE | MAINTAIN_BASELINE_PRIVACY_BUDGET | 200
PRIV-03064 | 0.9049 | 0.4766 | 0.436 | DATA_PRIVACY_SECURE | MAINTAIN_BASELINE_PRIVACY_BUDGET | 200
PRIV-03065 | 0.5324 | 1.6450 | 0.0659 | DATA_PRIVACY_SECURE | MAINTAIN_BASELINE_PRIVACY_BUDGET | 200
PRIV-03066 | 0.7188 | 1.6826 | 0.326 | DATA_PRIVACY_SECURE | MAINTAIN_BASELINE_PRIVACY_BUDGET | 200
PRIV-03067 | 0.8952 | 0.8200 | 0.5682 | DATA_PRIVACY_SECURE | MAINTAIN_BASELINE_PRIVACY_BUDGET | 200
PRIV-03068 | 0.9036 | 0.5022 | 0.4603 | DATA_PRIVACY_SECURE | MAINTAIN_BASELINE_PRIVACY_BUDGET | 200
PRIV-03069 | 0.7305 | 1.4811 | 0.3266 | DATA_PRIVACY_SECURE | MAINTAIN_BASELINE_PRIVACY_BUDGET | 200
PRIV-03070 | 0.8912 | 0.6976 | 0.5003 | DATA_PRIVACY_SECURE | MAINTAIN_BASELINE_PRIVACY_BUDGET | 200
PRIV-03071 | 0.6862 | 1.2258 | 0.199 | DATA_PRIVACY_SECURE | MAINTAIN_BASELINE_PRIVACY_BUDGET | 200
PRIV-03072 | 0.5513 | 2.4550 | 0.2224 | DATA_PRIVACY_SECURE | MAINTAIN_BASELINE_PRIVACY_BUDGET | 200
PRIV-03073 | 0.9278 | 0.2799 | 0.4629 | DATA_PRIVACY_SECURE | MAINTAIN_BASELINE_PRIVACY_BUDGET | 200
PRIV-03074 | 0.9155 | 1.2726 | 0.6646 | DATA_PRIVACY_SECURE | MAINTAIN_BASELINE_PRIVACY_BUDGET | 200
PRIV-03075 | 0.7672 | 1.9167 | 0.3643 | DATA_PRIVACY_SECURE | MAINTAIN_BASELINE_PRIVACY_BUDGET | 200
PRIV-03076 | 0.7602 | 0.9767 | 0.3918 | DATA_PRIVACY_SECURE | MAINTAIN_BASELINE_PRIVACY_BUDGET | 200
PRIV-03077 | 0.5235 | 1.3489 | 0.1449 | DATA_PRIVACY_SECURE | MAINTAIN_BASELINE_PRIVACY_BUDGET | 200
PRIV-03078 | 0.5278 | 2.7880 | 0.1606 | DATA_PRIVACY_SECURE | MAINTAIN_BASELINE_PRIVACY_BUDGET | 200
PRIV-03079 | 0.9176 | 2.0522 | 0.6941 | DATA_PRIVACY_SECURE | MAINTAIN_BASELINE_PRIVACY_BUDGET | 200
PRIV-03080 | 0.8756 | 2.2533 | 0.5975 | DATA_PRIVACY_SECURE | MAINTAIN_BASELINE_PRIVACY_BUDGET | 200
PRIV-03081 | 0.6752 | 2.5422 | 0.3334 | DATA_PRIVACY_SECURE | MAINTAIN_BASELINE_PRIVACY_BUDGET | 200
PRIV-03082 | 0.7507 | 3.2441 | 0.4127 | DATA_PRIVACY_SECURE | MAINTAIN_BASELINE_PRIVACY_BUDGET | 200
PRIV-03083 | 0.7308 | 2.6978 | 0.287 | DATA_PRIVACY_SECURE | MAINTAIN_BASELINE_PRIVACY_BUDGET | 200
PRIV-03084 | 0.9610 | 1.7692 | 0.7136 | DATA_PRIVACY_SECURE | MAINTAIN_BASELINE_PRIVACY_BUDGET | 200
PRIV-03085 | 0.8049 | 2.1047 | 0.4574 | DATA_PRIVACY_SECURE | MAINTAIN_BASELINE_PRIVACY_BUDGET | 200
PRIV-03086 | 0.5164 | 2.8450 | 0.1425 | DATA_PRIVACY_SECURE | MAINTAIN_BASELINE_PRIVACY_BUDGET | 200
PRIV-03087 | 0.9823 | 1.2949 | 0.7417 | DATA_PRIVACY_SECURE | MAINTAIN_BASELINE_PRIVACY_BUDGET | 200
PRIV-03088 | 0.7724 | 1.6305 | 0.4342 | DATA_PRIVACY_SECURE | MAINTAIN_BASELINE_PRIVACY_BUDGET | 200
PRIV-03089 | 0.9820 | 0.9072 | 0.5967 | DATA_PRIVACY_SECURE | MAINTAIN_BASELINE_PRIVACY_BUDGET | 200
PRIV-03090 | 0.8980 | 2.6898 | 0.6839 | DATA_PRIVACY_SECURE | MAINTAIN_BASELINE_PRIVACY_BUDGET | 200
PRIV-03091 | 0.8308 | 0.4046 | 0.2713 | DATA_PRIVACY_SECURE | MAINTAIN_BASELINE_PRIVACY_BUDGET | 200
PRIV-03092 | 0.6976 | 2.2943 | 0.3388 | DATA_PRIVACY_SECURE | MAINTAIN_BASELINE_PRIVACY_BUDGET | 200
PRIV-03093 | 0.6666 | 2.4958 | 0.2699 | DATA_PRIVACY_SECURE | MAINTAIN_BASELINE_PRIVACY_BUDGET | 200
PRIV-03094 | 0.6984 | 3.3655 | 0.346 | DATA_PRIVACY_SECURE | MAINTAIN_BASELINE_PRIVACY_BUDGET | 200
PRIV-03095 | 0.7219 | 2.4764 | 0.3124 | DATA_PRIVACY_SECURE | MAINTAIN_BASELINE_PRIVACY_BUDGET | 200
PRIV-03096 | 0.7221 | 2.5556 | 0.4006 | DATA_PRIVACY_SECURE | MAINTAIN_BASELINE_PRIVACY_BUDGET | 200
PRIV-03097 | 0.6823 | 1.8390 | 0.3157 | DATA_PRIVACY_SECURE | MAINTAIN_BASELINE_PRIVACY_BUDGET | 200
PRIV-03098 | 0.7161 | 1.0229 | 0.2934 | DATA_PRIVACY_SECURE | MAINTAIN_BASELINE_PRIVACY_BUDGET | 200
PRIV-03099 | 0.9560 | 0.2391 | 0.4836 | DATA_PRIVACY_SECURE | MAINTAIN_BASELINE_PRIVACY_BUDGET | 200
PRIV-03100 | 0.7718 | 0.5385 | 0.3135 | DATA_PRIVACY_SECURE | MAINTAIN_BASELINE_PRIVACY_BUDGET | 200
PRIV-03101 | 0.5456 | 0.8016 | 0.0838 | DATA_PRIVACY_SECURE | MAINTAIN_BASELINE_PRIVACY_BUDGET | 200
PRIV-03102 | 0.7203 | 0.6299 | 0.2781 | DATA_PRIVACY_SECURE | MAINTAIN_BASELINE_PRIVACY_BUDGET | 200
PRIV-03103 | 0.7310 | 2.4835 | 0.4265 | DATA_PRIVACY_SECURE | MAINTAIN_BASELINE_PRIVACY_BUDGET | 200
PRIV-03104 | 0.9775 | 1.6929 | 0.8318 | CRITICAL_MEMORIZATION_LEAK_HAZARD | TRIGGER_DYNAMIC_DIFFERENTIAL_PRIVACY_NOISE | 422
PRIV-03105 | 0.6837 | 0.2837 | 0.1531 | DATA_PRIVACY_SECURE | MAINTAIN_BASELINE_PRIVACY_BUDGET | 200
PRIV-03106 | 0.5347 | 2.9493 | 0.1597 | DATA_PRIVACY_SECURE | MAINTAIN_BASELINE_PRIVACY_BUDGET | 200
PRIV-03107 | 0.6569 | 0.2580 | 0.1082 | DATA_PRIVACY_SECURE | MAINTAIN_BASELINE_PRIVACY_BUDGET | 200
PRIV-03108 | 0.9278 | 0.4841 | 0.5171 | DATA_PRIVACY_SECURE | MAINTAIN_BASELINE_PRIVACY_BUDGET | 200
PRIV-03109 | 0.9056 | 2.8623 | 0.7205 | DATA_PRIVACY_SECURE | MAINTAIN_BASELINE_PRIVACY_BUDGET | 200
PRIV-03110 | 0.6021 | 2.1557 | 0.1209 | DATA_PRIVACY_SECURE | MAINTAIN_BASELINE_PRIVACY_BUDGET | 200
PRIV-03111 | 0.7559 | 1.8410 | 0.3263 | DATA_PRIVACY_SECURE | MAINTAIN_BASELINE_PRIVACY_BUDGET | 200
PRIV-03112 | 0.9774 | 0.2430 | 0.512 | DATA_PRIVACY_SECURE | MAINTAIN_BASELINE_PRIVACY_BUDGET | 200
PRIV-03113 | 0.9385 | 0.8004 | 0.5584 | DATA_PRIVACY_SECURE | MAINTAIN_BASELINE_PRIVACY_BUDGET | 200
PRIV-03114 | 0.7799 | 1.2483 | 0.3202 | DATA_PRIVACY_SECURE | MAINTAIN_BASELINE_PRIVACY_BUDGET | 200
PRIV-03115 | 0.8360 | 3.0290 | 0.5728 | DATA_PRIVACY_SECURE | MAINTAIN_BASELINE_PRIVACY_BUDGET | 200
PRIV-03116 | 0.6380 | 3.0276 | 0.2577 | DATA_PRIVACY_SECURE | MAINTAIN_BASELINE_PRIVACY_BUDGET | 200
PRIV-03117 | 0.5366 | 2.1615 | 0.1308 | DATA_PRIVACY_SECURE | MAINTAIN_BASELINE_PRIVACY_BUDGET | 200
PRIV-03118 | 0.9115 | 1.0166 | 0.5258 | DATA_PRIVACY_SECURE | MAINTAIN_BASELINE_PRIVACY_BUDGET | 200
PRIV-03119 | 0.9162 | 2.0134 | 0.7205 | DATA_PRIVACY_SECURE | MAINTAIN_BASELINE_PRIVACY_BUDGET | 200
PRIV-03120 | 0.9922 | 3.0594 | 0.9993 | CRITICAL_MEMORIZATION_LEAK_HAZARD | TRIGGER_DYNAMIC_DIFFERENTIAL_PRIVACY_NOISE | 422
PRIV-03121 | 0.9026 | 3.2063 | 0.6875 | DATA_PRIVACY_SECURE | MAINTAIN_BASELINE_PRIVACY_BUDGET | 200
PRIV-03122 | 0.7583 | 1.4044 | 0.3256 | DATA_PRIVACY_SECURE | MAINTAIN_BASELINE_PRIVACY_BUDGET | 200
PRIV-03123 | 0.7200 | 2.3335 | 0.3599 | DATA_PRIVACY_SECURE | MAINTAIN_BASELINE_PRIVACY_BUDGET | 200
PRIV-03124 | 0.6195 | 0.7654 | 0.148 | DATA_PRIVACY_SECURE | MAINTAIN_BASELINE_PRIVACY_BUDGET | 200
PRIV-03125 | 0.8073 | 1.8935 | 0.4517 | DATA_PRIVACY_SECURE | MAINTAIN_BASELINE_PRIVACY_BUDGET | 200
PRIV-03126 | 0.9419 | 0.8426 | 0.6137 | DATA_PRIVACY_SECURE | MAINTAIN_BASELINE_PRIVACY_BUDGET | 200
PRIV-03127 | 0.7106 | 2.6767 | 0.2594 | DATA_PRIVACY_SECURE | MAINTAIN_BASELINE_PRIVACY_BUDGET | 200
PRIV-03128 | 0.6608 | 1.6765 | 0.2958 | DATA_PRIVACY_SECURE | MAINTAIN_BASELINE_PRIVACY_BUDGET | 200
PRIV-03129 | 0.5770 | 3.3658 | 0.1886 | DATA_PRIVACY_SECURE | MAINTAIN_BASELINE_PRIVACY_BUDGET | 200
PRIV-03130 | 0.7923 | 2.7767 | 0.4517 | DATA_PRIVACY_SECURE | MAINTAIN_BASELINE_PRIVACY_BUDGET | 200
PRIV-03131 | 0.5274 | 2.3640 | 0.1305 | DATA_PRIVACY_SECURE | MAINTAIN_BASELINE_PRIVACY_BUDGET | 200
PRIV-03132 | 0.6463 | 3.1131 | 0.257 | DATA_PRIVACY_SECURE | MAINTAIN_BASELINE_PRIVACY_BUDGET | 200
PRIV-03133 | 0.5179 | 1.4010 | 0.0422 | DATA_PRIVACY_SECURE | MAINTAIN_BASELINE_PRIVACY_BUDGET | 200
PRIV-03134 | 0.8286 | 1.9274 | 0.5564 | DATA_PRIVACY_SECURE | MAINTAIN_BASELINE_PRIVACY_BUDGET | 200
PRIV-03135 | 0.7603 | 3.2089 | 0.4241 | DATA_PRIVACY_SECURE | MAINTAIN_BASELINE_PRIVACY_BUDGET | 200
PRIV-03136 | 0.6142 | 2.6889 | 0.2347 | DATA_PRIVACY_SECURE | MAINTAIN_BASELINE_PRIVACY_BUDGET | 200
PRIV-03137 | 0.8060 | 2.2939 | 0.5137 | DATA_PRIVACY_SECURE | MAINTAIN_BASELINE_PRIVACY_BUDGET | 200
PRIV-03138 | 0.6703 | 0.1611 | 0.1219 | DATA_PRIVACY_SECURE | MAINTAIN_BASELINE_PRIVACY_BUDGET | 200
PRIV-03139 | 0.9159 | 1.9168 | 0.6888 | DATA_PRIVACY_SECURE | MAINTAIN_BASELINE_PRIVACY_BUDGET | 200
PRIV-03140 | 0.8186 | 0.5019 | 0.331 | DATA_PRIVACY_SECURE | MAINTAIN_BASELINE_PRIVACY_BUDGET | 200
PRIV-03141 | 0.9464 | 1.7233 | 0.7532 | DATA_PRIVACY_SECURE | MAINTAIN_BASELINE_PRIVACY_BUDGET | 200
PRIV-03142 | 0.5153 | 0.6307 | 0.0042 | DATA_PRIVACY_SECURE | MAINTAIN_BASELINE_PRIVACY_BUDGET | 200
PRIV-03143 | 0.9955 | 1.4142 | 0.7897 | CRITICAL_MEMORIZATION_LEAK_HAZARD | TRIGGER_DYNAMIC_DIFFERENTIAL_PRIVACY_NOISE | 422
PRIV-03144 | 0.6130 | 2.2792 | 0.1848 | DATA_PRIVACY_SECURE | MAINTAIN_BASELINE_PRIVACY_BUDGET | 200
PRIV-03145 | 0.5209 | 0.2193 | 0.0957 | DATA_PRIVACY_SECURE | MAINTAIN_BASELINE_PRIVACY_BUDGET | 200
PRIV-03146 | 0.8107 | 1.6526 | 0.466 | DATA_PRIVACY_SECURE | MAINTAIN_BASELINE_PRIVACY_BUDGET | 200
PRIV-03147 | 0.9448 | 3.0311 | 0.7764 | CRITICAL_MEMORIZATION_LEAK_HAZARD | TRIGGER_DYNAMIC_DIFFERENTIAL_PRIVACY_NOISE | 422
PRIV-03148 | 0.6494 | 0.9930 | 0.1713 | DATA_PRIVACY_SECURE | MAINTAIN_BASELINE_PRIVACY_BUDGET | 200
PRIV-03149 | 0.8734 | 3.2342 | 0.6365 | DATA_PRIVACY_SECURE | MAINTAIN_BASELINE_PRIVACY_BUDGET | 200
PRIV-03150 | 0.9465 | 2.2031 | 0.7278 | DATA_PRIVACY_SECURE | MAINTAIN_BASELINE_PRIVACY_BUDGET | 200
PRIV-03151 | 0.7239 | 1.8347 | 0.3608 | DATA_PRIVACY_SECURE | MAINTAIN_BASELINE_PRIVACY_BUDGET | 200
PRIV-03152 | 0.9304 | 1.9695 | 0.6921 | DATA_PRIVACY_SECURE | MAINTAIN_BASELINE_PRIVACY_BUDGET | 200
PRIV-03153 | 0.7270 | 0.9120 | 0.1578 | DATA_PRIVACY_SECURE | MAINTAIN_BASELINE_PRIVACY_BUDGET | 200
PRIV-03154 | 0.7836 | 0.7389 | 0.3107 | DATA_PRIVACY_SECURE | MAINTAIN_BASELINE_PRIVACY_BUDGET | 200
PRIV-03155 | 0.5430 | 2.7541 | 0.109 | DATA_PRIVACY_SECURE | MAINTAIN_BASELINE_PRIVACY_BUDGET | 200
PRIV-03156 | 0.5135 | 0.1607 | 0.0079 | DATA_PRIVACY_SECURE | MAINTAIN_BASELINE_PRIVACY_BUDGET | 200
PRIV-03157 | 0.7629 | 3.2753 | 0.3784 | DATA_PRIVACY_SECURE | MAINTAIN_BASELINE_PRIVACY_BUDGET | 200
PRIV-03158 | 0.6884 | 3.4676 | 0.3208 | DATA_PRIVACY_SECURE | MAINTAIN_BASELINE_PRIVACY_BUDGET | 200
PRIV-03159 | 0.7392 | 1.7351 | 0.3965 | DATA_PRIVACY_SECURE | MAINTAIN_BASELINE_PRIVACY_BUDGET | 200
PRIV-03160 | 0.6922 | 3.3430 | 0.3328 | DATA_PRIVACY_SECURE | MAINTAIN_BASELINE_PRIVACY_BUDGET | 200
PRIV-03161 | 0.5484 | 1.6386 | 0.1138 | DATA_PRIVACY_SECURE | MAINTAIN_BASELINE_PRIVACY_BUDGET | 200
PRIV-03162 | 0.6770 | 2.8068 | 0.3108 | DATA_PRIVACY_SECURE | MAINTAIN_BASELINE_PRIVACY_BUDGET | 200
PRIV-03163 | 0.5487 | 0.8221 | 0.0964 | DATA_PRIVACY_SECURE | MAINTAIN_BASELINE_PRIVACY_BUDGET | 200
PRIV-03164 | 0.8395 | 3.0974 | 0.5383 | DATA_PRIVACY_SECURE | MAINTAIN_BASELINE_PRIVACY_BUDGET | 200
PRIV-03165 | 0.5988 | 1.8873 | 0.1403 | DATA_PRIVACY_SECURE | MAINTAIN_BASELINE_PRIVACY_BUDGET | 200
PRIV-03166 | 0.5978 | 0.7871 | 0.0767 | DATA_PRIVACY_SECURE | MAINTAIN_BASELINE_PRIVACY_BUDGET | 200
PRIV-03167 | 0.6719 | 0.6762 | 0.1855 | DATA_PRIVACY_SECURE | MAINTAIN_BASELINE_PRIVACY_BUDGET | 200
PRIV-03168 | 0.6849 | 0.6769 | 0.2194 | DATA_PRIVACY_SECURE | MAINTAIN_BASELINE_PRIVACY_BUDGET | 200
PRIV-03169 | 0.9079 | 1.6723 | 0.6262 | DATA_PRIVACY_SECURE | MAINTAIN_BASELINE_PRIVACY_BUDGET | 200
PRIV-03170 | 0.6703 | 0.6741 | 0.1829 | DATA_PRIVACY_SECURE | MAINTAIN_BASELINE_PRIVACY_BUDGET | 200
PRIV-03171 | 0.7000 | 0.6626 | 0.1885 | DATA_PRIVACY_SECURE | MAINTAIN_BASELINE_PRIVACY_BUDGET | 200
PRIV-03172 | 0.5208 | 0.8145 | 0.1222 | DATA_PRIVACY_SECURE | MAINTAIN_BASELINE_PRIVACY_BUDGET | 200
PRIV-03173 | 0.8951 | 1.7642 | 0.5597 | DATA_PRIVACY_SECURE | MAINTAIN_BASELINE_PRIVACY_BUDGET | 200
PRIV-03174 | 0.6157 | 3.1426 | 0.2548 | DATA_PRIVACY_SECURE | MAINTAIN_BASELINE_PRIVACY_BUDGET | 200
PRIV-03175 | 0.6574 | 2.1032 | 0.2132 | DATA_PRIVACY_SECURE | MAINTAIN_BASELINE_PRIVACY_BUDGET | 200
PRIV-03176 | 0.9718 | 3.3876 | 0.8576 | CRITICAL_MEMORIZATION_LEAK_HAZARD | TRIGGER_DYNAMIC_DIFFERENTIAL_PRIVACY_NOISE | 422
PRIV-03177 | 0.6575 | 1.6954 | 0.1815 | DATA_PRIVACY_SECURE | MAINTAIN_BASELINE_PRIVACY_BUDGET | 200
PRIV-03178 | 0.7251 | 1.0461 | 0.2621 | DATA_PRIVACY_SECURE | MAINTAIN_BASELINE_PRIVACY_BUDGET | 200
PRIV-03179 | 0.5958 | 1.2583 | 0.2037 | DATA_PRIVACY_SECURE | MAINTAIN_BASELINE_PRIVACY_BUDGET | 200
PRIV-03180 | 0.9206 | 2.0399 | 0.711 | DATA_PRIVACY_SECURE | MAINTAIN_BASELINE_PRIVACY_BUDGET | 200
PRIV-03181 | 0.8185 | 2.2963 | 0.5374 | DATA_PRIVACY_SECURE | MAINTAIN_BASELINE_PRIVACY_BUDGET | 200
PRIV-03182 | 0.8336 | 0.4879 | 0.3797 | DATA_PRIVACY_SECURE | MAINTAIN_BASELINE_PRIVACY_BUDGET | 200
PRIV-03183 | 0.9614 | 3.3081 | 0.8131 | CRITICAL_MEMORIZATION_LEAK_HAZARD | TRIGGER_DYNAMIC_DIFFERENTIAL_PRIVACY_NOISE | 422
PRIV-03184 | 0.7117 | 2.9799 | 0.3298 | DATA_PRIVACY_SECURE | MAINTAIN_BASELINE_PRIVACY_BUDGET | 200
PRIV-03185 | 0.5996 | 0.4536 | 0.1006 | DATA_PRIVACY_SECURE | MAINTAIN_BASELINE_PRIVACY_BUDGET | 200
PRIV-03186 | 0.5245 | 2.0083 | 0.1804 | DATA_PRIVACY_SECURE | MAINTAIN_BASELINE_PRIVACY_BUDGET | 200
PRIV-03187 | 0.6737 | 2.0232 | 0.2222 | DATA_PRIVACY_SECURE | MAINTAIN_BASELINE_PRIVACY_BUDGET | 200
PRIV-03188 | 0.6679 | 2.2233 | 0.3046 | DATA_PRIVACY_SECURE | MAINTAIN_BASELINE_PRIVACY_BUDGET | 200
PRIV-03189 | 0.6755 | 0.9899 | 0.2604 | DATA_PRIVACY_SECURE | MAINTAIN_BASELINE_PRIVACY_BUDGET | 200
PRIV-03190 | 0.5741 | 1.7768 | 0.235 | DATA_PRIVACY_SECURE | MAINTAIN_BASELINE_PRIVACY_BUDGET | 200
PRIV-03191 | 0.7667 | 1.1091 | 0.3225 | DATA_PRIVACY_SECURE | MAINTAIN_BASELINE_PRIVACY_BUDGET | 200
PRIV-03192 | 0.8202 | 0.5923 | 0.3838 | DATA_PRIVACY_SECURE | MAINTAIN_BASELINE_PRIVACY_BUDGET | 200
PRIV-03193 | 0.5942 | 1.2689 | 0.2551 | DATA_PRIVACY_SECURE | MAINTAIN_BASELINE_PRIVACY_BUDGET | 200
PRIV-03194 | 0.5679 | 0.1213 | 0.0724 | DATA_PRIVACY_SECURE | MAINTAIN_BASELINE_PRIVACY_BUDGET | 200
PRIV-03195 | 0.6800 | 2.2927 | 0.2242 | DATA_PRIVACY_SECURE | MAINTAIN_BASELINE_PRIVACY_BUDGET | 200
PRIV-03196 | 0.6450 | 2.6991 | 0.1762 | DATA_PRIVACY_SECURE | MAINTAIN_BASELINE_PRIVACY_BUDGET | 200
PRIV-03197 | 0.6097 | 0.2992 | 0.1586 | DATA_PRIVACY_SECURE | MAINTAIN_BASELINE_PRIVACY_BUDGET | 200
PRIV-03198 | 0.6827 | 2.4889 | 0.2185 | DATA_PRIVACY_SECURE | MAINTAIN_BASELINE_PRIVACY_BUDGET | 200
PRIV-03199 | 0.9300 | 1.4971 | 0.6424 | DATA_PRIVACY_SECURE | MAINTAIN_BASELINE_PRIVACY_BUDGET | 200
PRIV-03200 | 0.7018 | 1.8706 | 0.317 | DATA_PRIVACY_SECURE | MAINTAIN_BASELINE_PRIVACY_BUDGET | 200
PRIV-03201 | 0.7705 | 1.5029 | 0.3816 | DATA_PRIVACY_SECURE | MAINTAIN_BASELINE_PRIVACY_BUDGET | 200
PRIV-03202 | 0.9720 | 3.1606 | 0.898 | CRITICAL_MEMORIZATION_LEAK_HAZARD | TRIGGER_DYNAMIC_DIFFERENTIAL_PRIVACY_NOISE | 422
PRIV-03203 | 0.6780 | 2.2309 | 0.2903 | DATA_PRIVACY_SECURE | MAINTAIN_BASELINE_PRIVACY_BUDGET | 200
PRIV-03204 | 0.9080 | 3.0485 | 0.7659 | CRITICAL_MEMORIZATION_LEAK_HAZARD | TRIGGER_DYNAMIC_DIFFERENTIAL_PRIVACY_NOISE | 422
PRIV-03205 | 0.7678 | 2.2618 | 0.3719 | DATA_PRIVACY_SECURE | MAINTAIN_BASELINE_PRIVACY_BUDGET | 200
PRIV-03206 | 0.7553 | 2.6020 | 0.3741 | DATA_PRIVACY_SECURE | MAINTAIN_BASELINE_PRIVACY_BUDGET | 200
PRIV-03207 | 0.7350 | 2.5927 | 0.3385 | DATA_PRIVACY_SECURE | MAINTAIN_BASELINE_PRIVACY_BUDGET | 200
PRIV-03208 | 0.8583 | 1.5411 | 0.554 | DATA_PRIVACY_SECURE | MAINTAIN_BASELINE_PRIVACY_BUDGET | 200
PRIV-03209 | 0.6915 | 3.2966 | 0.3549 | DATA_PRIVACY_SECURE | MAINTAIN_BASELINE_PRIVACY_BUDGET | 200
PRIV-03210 | 0.6298 | 0.3339 | 0.1636 | DATA_PRIVACY_SECURE | MAINTAIN_BASELINE_PRIVACY_BUDGET | 200
PRIV-03211 | 0.9145 | 0.9919 | 0.6052 | DATA_PRIVACY_SECURE | MAINTAIN_BASELINE_PRIVACY_BUDGET | 200
PRIV-03212 | 0.8214 | 3.4388 | 0.4899 | DATA_PRIVACY_SECURE | MAINTAIN_BASELINE_PRIVACY_BUDGET | 200
PRIV-03213 | 0.9126 | 3.1459 | 0.7955 | CRITICAL_MEMORIZATION_LEAK_HAZARD | TRIGGER_DYNAMIC_DIFFERENTIAL_PRIVACY_NOISE | 422
PRIV-03214 | 0.5968 | 1.7314 | 0.2415 | DATA_PRIVACY_SECURE | MAINTAIN_BASELINE_PRIVACY_BUDGET | 200
PRIV-03215 | 0.9151 | 0.9297 | 0.5789 | DATA_PRIVACY_SECURE | MAINTAIN_BASELINE_PRIVACY_BUDGET | 200
PRIV-03216 | 0.5348 | 0.1901 | 0.155 | DATA_PRIVACY_SECURE | MAINTAIN_BASELINE_PRIVACY_BUDGET | 200
PRIV-03217 | 0.7941 | 0.8663 | 0.2862 | DATA_PRIVACY_SECURE | MAINTAIN_BASELINE_PRIVACY_BUDGET | 200
PRIV-03218 | 0.6233 | 1.8427 | 0.188 | DATA_PRIVACY_SECURE | MAINTAIN_BASELINE_PRIVACY_BUDGET | 200
PRIV-03219 | 0.9738 | 2.9298 | 0.8471 | CRITICAL_MEMORIZATION_LEAK_HAZARD | TRIGGER_DYNAMIC_DIFFERENTIAL_PRIVACY_NOISE | 422
PRIV-03220 | 0.8554 | 2.6600 | 0.6138 | DATA_PRIVACY_SECURE | MAINTAIN_BASELINE_PRIVACY_BUDGET | 200
PRIV-03221 | 0.8024 | 1.9565 | 0.4106 | DATA_PRIVACY_SECURE | MAINTAIN_BASELINE_PRIVACY_BUDGET | 200
PRIV-03222 | 0.6015 | 3.3861 | 0.2408 | DATA_PRIVACY_SECURE | MAINTAIN_BASELINE_PRIVACY_BUDGET | 200
PRIV-03223 | 0.6025 | 1.2841 | 0.2261 | DATA_PRIVACY_SECURE | MAINTAIN_BASELINE_PRIVACY_BUDGET | 200
PRIV-03224 | 0.6373 | 1.0332 | 0.2187 | DATA_PRIVACY_SECURE | MAINTAIN_BASELINE_PRIVACY_BUDGET | 200
PRIV-03225 | 0.5834 | 0.9517 | 0.1546 | DATA_PRIVACY_SECURE | MAINTAIN_BASELINE_PRIVACY_BUDGET | 200
PRIV-03226 | 0.6903 | 1.4367 | 0.2263 | DATA_PRIVACY_SECURE | MAINTAIN_BASELINE_PRIVACY_BUDGET | 200
PRIV-03227 | 0.6804 | 0.8602 | 0.1875 | DATA_PRIVACY_SECURE | MAINTAIN_BASELINE_PRIVACY_BUDGET | 200
PRIV-03228 | 0.7492 | 2.1640 | 0.4272 | DATA_PRIVACY_SECURE | MAINTAIN_BASELINE_PRIVACY_BUDGET | 200
PRIV-03229 | 0.5386 | 2.2146 | 0.172 | DATA_PRIVACY_SECURE | MAINTAIN_BASELINE_PRIVACY_BUDGET | 200
PRIV-03230 | 0.5797 | 2.7220 | 0.1812 | DATA_PRIVACY_SECURE | MAINTAIN_BASELINE_PRIVACY_BUDGET | 200
PRIV-03231 | 0.9731 | 1.0773 | 0.6707 | DATA_PRIVACY_SECURE | MAINTAIN_BASELINE_PRIVACY_BUDGET | 200
PRIV-03232 | 0.8139 | 1.0614 | 0.3196 | DATA_PRIVACY_SECURE | MAINTAIN_BASELINE_PRIVACY_BUDGET | 200
PRIV-03233 | 0.8681 | 3.0533 | 0.5818 | DATA_PRIVACY_SECURE | MAINTAIN_BASELINE_PRIVACY_BUDGET | 200
PRIV-03234 | 0.5356 | 0.5172 | 0.1727 | DATA_PRIVACY_SECURE | MAINTAIN_BASELINE_PRIVACY_BUDGET | 200
PRIV-03235 | 0.5490 | 1.1287 | 0.0738 | DATA_PRIVACY_SECURE | MAINTAIN_BASELINE_PRIVACY_BUDGET | 200
PRIV-03236 | 0.6197 | 0.7007 | 0.1666 | DATA_PRIVACY_SECURE | MAINTAIN_BASELINE_PRIVACY_BUDGET | 200
PRIV-03237 | 0.6062 | 2.3663 | 0.244 | DATA_PRIVACY_SECURE | MAINTAIN_BASELINE_PRIVACY_BUDGET | 200
PRIV-03238 | 0.5643 | 0.3952 | 0.0572 | DATA_PRIVACY_SECURE | MAINTAIN_BASELINE_PRIVACY_BUDGET | 200
PRIV-03239 | 0.9592 | 1.3906 | 0.7141 | DATA_PRIVACY_SECURE | MAINTAIN_BASELINE_PRIVACY_BUDGET | 200
PRIV-03240 | 0.8306 | 1.5248 | 0.5082 | DATA_PRIVACY_SECURE | MAINTAIN_BASELINE_PRIVACY_BUDGET | 200
PRIV-03241 | 0.8287 | 2.4025 | 0.5224 | DATA_PRIVACY_SECURE | MAINTAIN_BASELINE_PRIVACY_BUDGET | 200
PRIV-03242 | 0.5644 | 0.4541 | 0.2247 | DATA_PRIVACY_SECURE | MAINTAIN_BASELINE_PRIVACY_BUDGET | 200
PRIV-03243 | 0.6063 | 1.3733 | 0.1111 | DATA_PRIVACY_SECURE | MAINTAIN_BASELINE_PRIVACY_BUDGET | 200
PRIV-03244 | 0.9183 | 2.7632 | 0.7707 | CRITICAL_MEMORIZATION_LEAK_HAZARD | TRIGGER_DYNAMIC_DIFFERENTIAL_PRIVACY_NOISE | 422
PRIV-03245 | 0.8382 | 2.7026 | 0.545 | DATA_PRIVACY_SECURE | MAINTAIN_BASELINE_PRIVACY_BUDGET | 200
PRIV-03246 | 0.8688 | 2.4125 | 0.6327 | DATA_PRIVACY_SECURE | MAINTAIN_BASELINE_PRIVACY_BUDGET | 200
PRIV-03247 | 0.5230 | 0.5669 | 0.1089 | DATA_PRIVACY_SECURE | MAINTAIN_BASELINE_PRIVACY_BUDGET | 200
PRIV-03248 | 0.7170 | 3.2884 | 0.3261 | DATA_PRIVACY_SECURE | MAINTAIN_BASELINE_PRIVACY_BUDGET | 200
PRIV-03249 | 0.7653 | 2.6730 | 0.4285 | DATA_PRIVACY_SECURE | MAINTAIN_BASELINE_PRIVACY_BUDGET | 200
PRIV-03250 | 0.6947 | 2.1915 | 0.2273 | DATA_PRIVACY_SECURE | MAINTAIN_BASELINE_PRIVACY_BUDGET | 200
PRIV-03251 | 0.6391 | 3.2081 | 0.275 | DATA_PRIVACY_SECURE | MAINTAIN_BASELINE_PRIVACY_BUDGET | 200
PRIV-03252 | 0.6209 | 1.4103 | 0.2044 | DATA_PRIVACY_SECURE | MAINTAIN_BASELINE_PRIVACY_BUDGET | 200
PRIV-03253 | 0.6312 | 3.4658 | 0.2694 | DATA_PRIVACY_SECURE | MAINTAIN_BASELINE_PRIVACY_BUDGET | 200
PRIV-03254 | 0.5190 | 3.1749 | 0.1765 | DATA_PRIVACY_SECURE | MAINTAIN_BASELINE_PRIVACY_BUDGET | 200
PRIV-03255 | 0.7530 | 2.9922 | 0.4213 | DATA_PRIVACY_SECURE | MAINTAIN_BASELINE_PRIVACY_BUDGET | 200
PRIV-03256 | 0.6083 | 1.1755 | 0.1779 | DATA_PRIVACY_SECURE | MAINTAIN_BASELINE_PRIVACY_BUDGET | 200
PRIV-03257 | 0.6302 | 2.5658 | 0.1972 | DATA_PRIVACY_SECURE | MAINTAIN_BASELINE_PRIVACY_BUDGET | 200
PRIV-03258 | 0.6092 | 3.4457 | 0.1907 | DATA_PRIVACY_SECURE | MAINTAIN_BASELINE_PRIVACY_BUDGET | 200
PRIV-03259 | 0.5072 | 2.7407 | 0.1701 | DATA_PRIVACY_SECURE | MAINTAIN_BASELINE_PRIVACY_BUDGET | 200
PRIV-03260 | 0.8425 | 2.9316 | 0.6253 | DATA_PRIVACY_SECURE | MAINTAIN_BASELINE_PRIVACY_BUDGET | 200
PRIV-03261 | 0.6802 | 3.1677 | 0.2925 | DATA_PRIVACY_SECURE | MAINTAIN_BASELINE_PRIVACY_BUDGET | 200
PRIV-03262 | 0.7035 | 0.7222 | 0.2362 | DATA_PRIVACY_SECURE | MAINTAIN_BASELINE_PRIVACY_BUDGET | 200
PRIV-03263 | 0.5414 | 1.8565 | 0.1011 | DATA_PRIVACY_SECURE | MAINTAIN_BASELINE_PRIVACY_BUDGET | 200
PRIV-03264 | 0.7840 | 1.0075 | 0.4 | DATA_PRIVACY_SECURE | MAINTAIN_BASELINE_PRIVACY_BUDGET | 200
PRIV-03265 | 0.8264 | 2.4411 | 0.5458 | DATA_PRIVACY_SECURE | MAINTAIN_BASELINE_PRIVACY_BUDGET | 200
PRIV-03266 | 0.6188 | 1.3708 | 0.2666 | DATA_PRIVACY_SECURE | MAINTAIN_BASELINE_PRIVACY_BUDGET | 200
PRIV-03267 | 0.5766 | 2.3279 | 0.1395 | DATA_PRIVACY_SECURE | MAINTAIN_BASELINE_PRIVACY_BUDGET | 200
PRIV-03268 | 0.9900 | 3.2420 | 0.9187 | CRITICAL_MEMORIZATION_LEAK_HAZARD | TRIGGER_DYNAMIC_DIFFERENTIAL_PRIVACY_NOISE | 422
PRIV-03269 | 0.6300 | 1.8869 | 0.2264 | DATA_PRIVACY_SECURE | MAINTAIN_BASELINE_PRIVACY_BUDGET | 200
PRIV-03270 | 0.9232 | 1.8859 | 0.7092 | DATA_PRIVACY_SECURE | MAINTAIN_BASELINE_PRIVACY_BUDGET | 200
PRIV-03271 | 0.8892 | 2.9856 | 0.6607 | DATA_PRIVACY_SECURE | MAINTAIN_BASELINE_PRIVACY_BUDGET | 200
PRIV-03272 | 0.6558 | 2.2525 | 0.2203 | DATA_PRIVACY_SECURE | MAINTAIN_BASELINE_PRIVACY_BUDGET | 200
PRIV-03273 | 0.5954 | 0.3180 | 0.1574 | DATA_PRIVACY_SECURE | MAINTAIN_BASELINE_PRIVACY_BUDGET | 200
PRIV-03274 | 0.5953 | 0.3756 | 0.1539 | DATA_PRIVACY_SECURE | MAINTAIN_BASELINE_PRIVACY_BUDGET | 200
PRIV-03275 | 0.9829 | 0.9594 | 0.6499 | DATA_PRIVACY_SECURE | MAINTAIN_BASELINE_PRIVACY_BUDGET | 200
PRIV-03276 | 0.5934 | 1.1377 | 0.2125 | DATA_PRIVACY_SECURE | MAINTAIN_BASELINE_PRIVACY_BUDGET | 200
PRIV-03277 | 0.5760 | 1.4881 | 0.2027 | DATA_PRIVACY_SECURE | MAINTAIN_BASELINE_PRIVACY_BUDGET | 200
PRIV-03278 | 0.5105 | 1.1698 | 0.1069 | DATA_PRIVACY_SECURE | MAINTAIN_BASELINE_PRIVACY_BUDGET | 200
PRIV-03279 | 0.8440 | 2.0455 | 0.5356 | DATA_PRIVACY_SECURE | MAINTAIN_BASELINE_PRIVACY_BUDGET | 200
PRIV-03280 | 0.5001 | 2.2818 | 0.1356 | DATA_PRIVACY_SECURE | MAINTAIN_BASELINE_PRIVACY_BUDGET | 200
PRIV-03281 | 0.5922 | 2.9870 | 0.1633 | DATA_PRIVACY_SECURE | MAINTAIN_BASELINE_PRIVACY_BUDGET | 200
PRIV-03282 | 0.8109 | 3.0930 | 0.5114 | DATA_PRIVACY_SECURE | MAINTAIN_BASELINE_PRIVACY_BUDGET | 200
PRIV-03283 | 0.7551 | 2.3073 | 0.3055 | DATA_PRIVACY_SECURE | MAINTAIN_BASELINE_PRIVACY_BUDGET | 200
PRIV-03284 | 0.7832 | 1.1616 | 0.4009 | DATA_PRIVACY_SECURE | MAINTAIN_BASELINE_PRIVACY_BUDGET | 200
PRIV-03285 | 0.5895 | 1.8511 | 0.1146 | DATA_PRIVACY_SECURE | MAINTAIN_BASELINE_PRIVACY_BUDGET | 200
PRIV-03286 | 0.9983 | 1.2915 | 0.8406 | CRITICAL_MEMORIZATION_LEAK_HAZARD | TRIGGER_DYNAMIC_DIFFERENTIAL_PRIVACY_NOISE | 422
PRIV-03287 | 0.6181 | 3.1660 | 0.2134 | DATA_PRIVACY_SECURE | MAINTAIN_BASELINE_PRIVACY_BUDGET | 200
PRIV-03288 | 0.5412 | 0.4388 | 0.0879 | DATA_PRIVACY_SECURE | MAINTAIN_BASELINE_PRIVACY_BUDGET | 200
PRIV-03289 | 0.5358 | 0.7029 | 0.0778 | DATA_PRIVACY_SECURE | MAINTAIN_BASELINE_PRIVACY_BUDGET | 200
PRIV-03290 | 0.7563 | 1.2285 | 0.3232 | DATA_PRIVACY_SECURE | MAINTAIN_BASELINE_PRIVACY_BUDGET | 200
PRIV-03291 | 0.8832 | 1.6766 | 0.6371 | DATA_PRIVACY_SECURE | MAINTAIN_BASELINE_PRIVACY_BUDGET | 200
PRIV-03292 | 0.7521 | 2.9724 | 0.3052 | DATA_PRIVACY_SECURE | MAINTAIN_BASELINE_PRIVACY_BUDGET | 200
PRIV-03293 | 0.6461 | 2.4640 | 0.2997 | DATA_PRIVACY_SECURE | MAINTAIN_BASELINE_PRIVACY_BUDGET | 200
PRIV-03294 | 0.5241 | 2.0540 | 0.1411 | DATA_PRIVACY_SECURE | MAINTAIN_BASELINE_PRIVACY_BUDGET | 200
PRIV-03295 | 0.8592 | 2.0370 | 0.5129 | DATA_PRIVACY_SECURE | MAINTAIN_BASELINE_PRIVACY_BUDGET | 200
PRIV-03296 | 0.8891 | 3.4511 | 0.6382 | DATA_PRIVACY_SECURE | MAINTAIN_BASELINE_PRIVACY_BUDGET | 200
PRIV-03297 | 0.5105 | 2.0577 | 0.185 | DATA_PRIVACY_SECURE | MAINTAIN_BASELINE_PRIVACY_BUDGET | 200
PRIV-03298 | 0.8972 | 1.3832 | 0.5395 | DATA_PRIVACY_SECURE | MAINTAIN_BASELINE_PRIVACY_BUDGET | 200
PRIV-03299 | 0.7718 | 2.3544 | 0.3738 | DATA_PRIVACY_SECURE | MAINTAIN_BASELINE_PRIVACY_BUDGET | 200
PRIV-03300 | 0.6342 | 1.7797 | 0.2638 | DATA_PRIVACY_SECURE | MAINTAIN_BASELINE_PRIVACY_BUDGET | 200
PRIV-03301 | 0.7379 | 2.0981 | 0.3715 | DATA_PRIVACY_SECURE | MAINTAIN_BASELINE_PRIVACY_BUDGET | 200
PRIV-03302 | 0.6359 | 0.7563 | 0.1375 | DATA_PRIVACY_SECURE | MAINTAIN_BASELINE_PRIVACY_BUDGET | 200
PRIV-03303 | 0.9584 | 1.1111 | 0.671 | DATA_PRIVACY_SECURE | MAINTAIN_BASELINE_PRIVACY_BUDGET | 200
PRIV-03304 | 0.8296 | 3.4710 | 0.5127 | DATA_PRIVACY_SECURE | MAINTAIN_BASELINE_PRIVACY_BUDGET | 200
PRIV-03305 | 0.5578 | 2.9975 | 0.2093 | DATA_PRIVACY_SECURE | MAINTAIN_BASELINE_PRIVACY_BUDGET | 200
PRIV-03306 | 0.5623 | 2.5495 | 0.2074 | DATA_PRIVACY_SECURE | MAINTAIN_BASELINE_PRIVACY_BUDGET | 200
PRIV-03307 | 0.7586 | 2.3800 | 0.4209 | DATA_PRIVACY_SECURE | MAINTAIN_BASELINE_PRIVACY_BUDGET | 200
PRIV-03308 | 0.8008 | 2.5264 | 0.49 | DATA_PRIVACY_SECURE | MAINTAIN_BASELINE_PRIVACY_BUDGET | 200
PRIV-03309 | 0.6127 | 3.4293 | 0.2933 | DATA_PRIVACY_SECURE | MAINTAIN_BASELINE_PRIVACY_BUDGET | 200
PRIV-03310 | 0.7397 | 2.5783 | 0.3762 | DATA_PRIVACY_SECURE | MAINTAIN_BASELINE_PRIVACY_BUDGET | 200
PRIV-03311 | 0.9273 | 0.3923 | 0.4286 | DATA_PRIVACY_SECURE | MAINTAIN_BASELINE_PRIVACY_BUDGET | 200
PRIV-03312 | 0.6030 | 0.8708 | 0.1725 | DATA_PRIVACY_SECURE | MAINTAIN_BASELINE_PRIVACY_BUDGET | 200
PRIV-03313 | 0.7101 | 0.3106 | 0.29 | DATA_PRIVACY_SECURE | MAINTAIN_BASELINE_PRIVACY_BUDGET | 200
PRIV-03314 | 0.8941 | 0.7165 | 0.4397 | DATA_PRIVACY_SECURE | MAINTAIN_BASELINE_PRIVACY_BUDGET | 200
PRIV-03315 | 0.8950 | 2.2213 | 0.6323 | DATA_PRIVACY_SECURE | MAINTAIN_BASELINE_PRIVACY_BUDGET | 200
PRIV-03316 | 0.7670 | 1.5302 | 0.3876 | DATA_PRIVACY_SECURE | MAINTAIN_BASELINE_PRIVACY_BUDGET | 200
PRIV-03317 | 0.5175 | 3.4086 | 0.132 | DATA_PRIVACY_SECURE | MAINTAIN_BASELINE_PRIVACY_BUDGET | 200
PRIV-03318 | 0.7316 | 1.0318 | 0.2494 | DATA_PRIVACY_SECURE | MAINTAIN_BASELINE_PRIVACY_BUDGET | 200
PRIV-03319 | 0.9749 | 2.2790 | 0.8854 | CRITICAL_MEMORIZATION_LEAK_HAZARD | TRIGGER_DYNAMIC_DIFFERENTIAL_PRIVACY_NOISE | 422
PRIV-03320 | 0.7442 | 1.3730 | 0.4217 | DATA_PRIVACY_SECURE | MAINTAIN_BASELINE_PRIVACY_BUDGET | 200
PRIV-03321 | 0.9757 | 1.6817 | 0.791 | CRITICAL_MEMORIZATION_LEAK_HAZARD | TRIGGER_DYNAMIC_DIFFERENTIAL_PRIVACY_NOISE | 422
PRIV-03322 | 0.7294 | 2.0443 | 0.3074 | DATA_PRIVACY_SECURE | MAINTAIN_BASELINE_PRIVACY_BUDGET | 200
PRIV-03323 | 0.7572 | 0.4874 | 0.207 | DATA_PRIVACY_SECURE | MAINTAIN_BASELINE_PRIVACY_BUDGET | 200
PRIV-03324 | 0.7316 | 3.3079 | 0.388 | DATA_PRIVACY_SECURE | MAINTAIN_BASELINE_PRIVACY_BUDGET | 200
PRIV-03325 | 0.8316 | 2.7479 | 0.5847 | DATA_PRIVACY_SECURE | MAINTAIN_BASELINE_PRIVACY_BUDGET | 200
PRIV-03326 | 0.7594 | 2.1124 | 0.4098 | DATA_PRIVACY_SECURE | MAINTAIN_BASELINE_PRIVACY_BUDGET | 200
PRIV-03327 | 0.9337 | 3.3392 | 0.7859 | CRITICAL_MEMORIZATION_LEAK_HAZARD | TRIGGER_DYNAMIC_DIFFERENTIAL_PRIVACY_NOISE | 422
PRIV-03328 | 0.9684 | 1.7953 | 0.7552 | DATA_PRIVACY_SECURE | MAINTAIN_BASELINE_PRIVACY_BUDGET | 200
PRIV-03329 | 0.5046 | 0.2150 | 0.0274 | DATA_PRIVACY_SECURE | MAINTAIN_BASELINE_PRIVACY_BUDGET | 200
PRIV-03330 | 0.9067 | 1.1099 | 0.5939 | DATA_PRIVACY_SECURE | MAINTAIN_BASELINE_PRIVACY_BUDGET | 200
PRIV-03331 | 0.8467 | 2.9914 | 0.6145 | DATA_PRIVACY_SECURE | MAINTAIN_BASELINE_PRIVACY_BUDGET | 200
PRIV-03332 | 0.9927 | 2.9135 | 0.8662 | CRITICAL_MEMORIZATION_LEAK_HAZARD | TRIGGER_DYNAMIC_DIFFERENTIAL_PRIVACY_NOISE | 422
PRIV-03333 | 0.6279 | 1.8228 | 0.2767 | DATA_PRIVACY_SECURE | MAINTAIN_BASELINE_PRIVACY_BUDGET | 200
PRIV-03334 | 0.8912 | 1.9813 | 0.645 | DATA_PRIVACY_SECURE | MAINTAIN_BASELINE_PRIVACY_BUDGET | 200
PRIV-03335 | 0.7657 | 1.9164 | 0.4473 | DATA_PRIVACY_SECURE | MAINTAIN_BASELINE_PRIVACY_BUDGET | 200
PRIV-03336 | 0.8512 | 1.4669 | 0.4474 | DATA_PRIVACY_SECURE | MAINTAIN_BASELINE_PRIVACY_BUDGET | 200
PRIV-03337 | 0.9486 | 1.4259 | 0.6335 | DATA_PRIVACY_SECURE | MAINTAIN_BASELINE_PRIVACY_BUDGET | 200
PRIV-03338 | 0.6238 | 0.5827 | 0.1498 | DATA_PRIVACY_SECURE | MAINTAIN_BASELINE_PRIVACY_BUDGET | 200
PRIV-03339 | 0.6612 | 1.6899 | 0.2641 | DATA_PRIVACY_SECURE | MAINTAIN_BASELINE_PRIVACY_BUDGET | 200
PRIV-03340 | 0.9742 | 1.9404 | 0.8804 | CRITICAL_MEMORIZATION_LEAK_HAZARD | TRIGGER_DYNAMIC_DIFFERENTIAL_PRIVACY_NOISE | 422
PRIV-03341 | 0.7795 | 1.8960 | 0.44 | DATA_PRIVACY_SECURE | MAINTAIN_BASELINE_PRIVACY_BUDGET | 200
PRIV-03342 | 0.9265 | 2.9985 | 0.7478 | DATA_PRIVACY_SECURE | MAINTAIN_BASELINE_PRIVACY_BUDGET | 200
PRIV-03343 | 0.7731 | 2.6408 | 0.3902 | DATA_PRIVACY_SECURE | MAINTAIN_BASELINE_PRIVACY_BUDGET | 200
PRIV-03344 | 0.8018 | 2.5922 | 0.5287 | DATA_PRIVACY_SECURE | MAINTAIN_BASELINE_PRIVACY_BUDGET | 200
PRIV-03345 | 0.7720 | 2.9674 | 0.3991 | DATA_PRIVACY_SECURE | MAINTAIN_BASELINE_PRIVACY_BUDGET | 200
PRIV-03346 | 0.8699 | 1.7196 | 0.6234 | DATA_PRIVACY_SECURE | MAINTAIN_BASELINE_PRIVACY_BUDGET | 200
PRIV-03347 | 0.7017 | 0.2770 | 0.1852 | DATA_PRIVACY_SECURE | MAINTAIN_BASELINE_PRIVACY_BUDGET | 200
PRIV-03348 | 0.8056 | 1.7624 | 0.5098 | DATA_PRIVACY_SECURE | MAINTAIN_BASELINE_PRIVACY_BUDGET | 200
PRIV-03349 | 0.5668 | 2.2944 | 0.1926 | DATA_PRIVACY_SECURE | MAINTAIN_BASELINE_PRIVACY_BUDGET | 200
PRIV-03350 | 0.8923 | 1.3439 | 0.5579 | DATA_PRIVACY_SECURE | MAINTAIN_BASELINE_PRIVACY_BUDGET | 200
PRIV-03351 | 0.7768 | 2.7485 | 0.4198 | DATA_PRIVACY_SECURE | MAINTAIN_BASELINE_PRIVACY_BUDGET | 200
PRIV-03352 | 0.9421 | 1.1370 | 0.6195 | DATA_PRIVACY_SECURE | MAINTAIN_BASELINE_PRIVACY_BUDGET | 200
PRIV-03353 | 0.9730 | 0.2244 | 0.5291 | DATA_PRIVACY_SECURE | MAINTAIN_BASELINE_PRIVACY_BUDGET | 200
PRIV-03354 | 0.9169 | 1.5208 | 0.6357 | DATA_PRIVACY_SECURE | MAINTAIN_BASELINE_PRIVACY_BUDGET | 200
PRIV-03355 | 0.7432 | 0.6578 | 0.2466 | DATA_PRIVACY_SECURE | MAINTAIN_BASELINE_PRIVACY_BUDGET | 200
PRIV-03356 | 0.8670 | 1.5582 | 0.5317 | DATA_PRIVACY_SECURE | MAINTAIN_BASELINE_PRIVACY_BUDGET | 200
PRIV-03357 | 0.7868 | 3.0723 | 0.4686 | DATA_PRIVACY_SECURE | MAINTAIN_BASELINE_PRIVACY_BUDGET | 200
PRIV-03358 | 0.5166 | 3.2098 | 0.0474 | DATA_PRIVACY_SECURE | MAINTAIN_BASELINE_PRIVACY_BUDGET | 200
PRIV-03359 | 0.5638 | 1.5422 | 0.166 | DATA_PRIVACY_SECURE | MAINTAIN_BASELINE_PRIVACY_BUDGET | 200
PRIV-03360 | 0.5566 | 0.6406 | 0.0738 | DATA_PRIVACY_SECURE | MAINTAIN_BASELINE_PRIVACY_BUDGET | 200
PRIV-03361 | 0.8650 | 0.3689 | 0.3365 | DATA_PRIVACY_SECURE | MAINTAIN_BASELINE_PRIVACY_BUDGET | 200
PRIV-03362 | 0.9732 | 1.7939 | 0.7228 | DATA_PRIVACY_SECURE | MAINTAIN_BASELINE_PRIVACY_BUDGET | 200
PRIV-03363 | 0.8533 | 3.0780 | 0.5222 | DATA_PRIVACY_SECURE | MAINTAIN_BASELINE_PRIVACY_BUDGET | 200
PRIV-03364 | 0.7063 | 2.6371 | 0.2746 | DATA_PRIVACY_SECURE | MAINTAIN_BASELINE_PRIVACY_BUDGET | 200
PRIV-03365 | 0.9926 | 2.6818 | 0.8869 | CRITICAL_MEMORIZATION_LEAK_HAZARD | TRIGGER_DYNAMIC_DIFFERENTIAL_PRIVACY_NOISE | 422
PRIV-03366 | 0.5067 | 0.7292 | 0.1659 | DATA_PRIVACY_SECURE | MAINTAIN_BASELINE_PRIVACY_BUDGET | 200
PRIV-03367 | 0.9045 | 0.1250 | 0.3721 | DATA_PRIVACY_SECURE | MAINTAIN_BASELINE_PRIVACY_BUDGET | 200
PRIV-03368 | 0.6432 | 1.9473 | 0.24 | DATA_PRIVACY_SECURE | MAINTAIN_BASELINE_PRIVACY_BUDGET | 200
PRIV-03369 | 0.7201 | 2.2598 | 0.3542 | DATA_PRIVACY_SECURE | MAINTAIN_BASELINE_PRIVACY_BUDGET | 200
PRIV-03370 | 0.8970 | 1.9499 | 0.6371 | DATA_PRIVACY_SECURE | MAINTAIN_BASELINE_PRIVACY_BUDGET | 200
PRIV-03371 | 0.6771 | 2.5194 | 0.2842 | DATA_PRIVACY_SECURE | MAINTAIN_BASELINE_PRIVACY_BUDGET | 200
PRIV-03372 | 0.9063 | 0.4097 | 0.3996 | DATA_PRIVACY_SECURE | MAINTAIN_BASELINE_PRIVACY_BUDGET | 200
PRIV-03373 | 0.7338 | 0.5920 | 0.3124 | DATA_PRIVACY_SECURE | MAINTAIN_BASELINE_PRIVACY_BUDGET | 200
PRIV-03374 | 0.7446 | 1.7124 | 0.422 | DATA_PRIVACY_SECURE | MAINTAIN_BASELINE_PRIVACY_BUDGET | 200
PRIV-03375 | 0.8710 | 1.8334 | 0.5023 | DATA_PRIVACY_SECURE | MAINTAIN_BASELINE_PRIVACY_BUDGET | 200
PRIV-03376 | 0.6506 | 3.4409 | 0.2258 | DATA_PRIVACY_SECURE | MAINTAIN_BASELINE_PRIVACY_BUDGET | 200
PRIV-03377 | 0.8810 | 3.3120 | 0.6486 | DATA_PRIVACY_SECURE | MAINTAIN_BASELINE_PRIVACY_BUDGET | 200
PRIV-03378 | 0.7500 | 1.8881 | 0.3278 | DATA_PRIVACY_SECURE | MAINTAIN_BASELINE_PRIVACY_BUDGET | 200
PRIV-03379 | 0.9731 | 3.1004 | 0.9019 | CRITICAL_MEMORIZATION_LEAK_HAZARD | TRIGGER_DYNAMIC_DIFFERENTIAL_PRIVACY_NOISE | 422
PRIV-03380 | 0.8357 | 2.8828 | 0.5236 | DATA_PRIVACY_SECURE | MAINTAIN_BASELINE_PRIVACY_BUDGET | 200
PRIV-03381 | 0.7200 | 2.7113 | 0.4366 | DATA_PRIVACY_SECURE | MAINTAIN_BASELINE_PRIVACY_BUDGET | 200
PRIV-03382 | 0.9920 | 1.8039 | 0.8858 | CRITICAL_MEMORIZATION_LEAK_HAZARD | TRIGGER_DYNAMIC_DIFFERENTIAL_PRIVACY_NOISE | 422
PRIV-03383 | 0.5166 | 3.3032 | 0.1415 | DATA_PRIVACY_SECURE | MAINTAIN_BASELINE_PRIVACY_BUDGET | 200
PRIV-03384 | 0.6265 | 3.2541 | 0.2778 | DATA_PRIVACY_SECURE | MAINTAIN_BASELINE_PRIVACY_BUDGET | 200
PRIV-03385 | 0.5481 | 1.4646 | 0.178 | DATA_PRIVACY_SECURE | MAINTAIN_BASELINE_PRIVACY_BUDGET | 200
PRIV-03386 | 0.5226 | 0.6366 | 0.0708 | DATA_PRIVACY_SECURE | MAINTAIN_BASELINE_PRIVACY_BUDGET | 200
PRIV-03387 | 0.8540 | 0.2934 | 0.3241 | DATA_PRIVACY_SECURE | MAINTAIN_BASELINE_PRIVACY_BUDGET | 200
PRIV-03388 | 0.9858 | 0.3306 | 0.5605 | DATA_PRIVACY_SECURE | MAINTAIN_BASELINE_PRIVACY_BUDGET | 200
PRIV-03389 | 0.7349 | 2.9628 | 0.4119 | DATA_PRIVACY_SECURE | MAINTAIN_BASELINE_PRIVACY_BUDGET | 200
PRIV-03390 | 0.9529 | 1.2607 | 0.6797 | DATA_PRIVACY_SECURE | MAINTAIN_BASELINE_PRIVACY_BUDGET | 200
PRIV-03391 | 0.9419 | 3.0387 | 0.7343 | DATA_PRIVACY_SECURE | MAINTAIN_BASELINE_PRIVACY_BUDGET | 200
PRIV-03392 | 0.6231 | 2.0023 | 0.181 | DATA_PRIVACY_SECURE | MAINTAIN_BASELINE_PRIVACY_BUDGET | 200
PRIV-03393 | 0.6350 | 1.8706 | 0.2189 | DATA_PRIVACY_SECURE | MAINTAIN_BASELINE_PRIVACY_BUDGET | 200
PRIV-03394 | 0.5872 | 0.4290 | 0.1196 | DATA_PRIVACY_SECURE | MAINTAIN_BASELINE_PRIVACY_BUDGET | 200
PRIV-03395 | 0.9473 | 0.5101 | 0.6101 | DATA_PRIVACY_SECURE | MAINTAIN_BASELINE_PRIVACY_BUDGET | 200
PRIV-03396 | 0.6489 | 0.3936 | 0.1077 | DATA_PRIVACY_SECURE | MAINTAIN_BASELINE_PRIVACY_BUDGET | 200
PRIV-03397 | 0.5697 | 0.2253 | 0.1231 | DATA_PRIVACY_SECURE | MAINTAIN_BASELINE_PRIVACY_BUDGET | 200
PRIV-03398 | 0.7371 | 0.7855 | 0.3346 | DATA_PRIVACY_SECURE | MAINTAIN_BASELINE_PRIVACY_BUDGET | 200
PRIV-03399 | 0.5431 | 0.9471 | 0.2063 | DATA_PRIVACY_SECURE | MAINTAIN_BASELINE_PRIVACY_BUDGET | 200
PRIV-03400 | 0.5498 | 3.4293 | 0.1448 | DATA_PRIVACY_SECURE | MAINTAIN_BASELINE_PRIVACY_BUDGET | 200
PRIV-03401 | 0.9362 | 1.7356 | 0.7173 | DATA_PRIVACY_SECURE | MAINTAIN_BASELINE_PRIVACY_BUDGET | 200
PRIV-03402 | 0.5664 | 3.4630 | 0.199 | DATA_PRIVACY_SECURE | MAINTAIN_BASELINE_PRIVACY_BUDGET | 200
PRIV-03403 | 0.5497 | 1.2608 | 0.1372 | DATA_PRIVACY_SECURE | MAINTAIN_BASELINE_PRIVACY_BUDGET | 200
PRIV-03404 | 0.9885 | 1.6386 | 0.8049 | CRITICAL_MEMORIZATION_LEAK_HAZARD | TRIGGER_DYNAMIC_DIFFERENTIAL_PRIVACY_NOISE | 422
PRIV-03405 | 0.8964 | 1.6508 | 0.6217 | DATA_PRIVACY_SECURE | MAINTAIN_BASELINE_PRIVACY_BUDGET | 200
PRIV-03406 | 0.7259 | 1.1133 | 0.1866 | DATA_PRIVACY_SECURE | MAINTAIN_BASELINE_PRIVACY_BUDGET | 200
PRIV-03407 | 0.5556 | 2.6451 | 0.1874 | DATA_PRIVACY_SECURE | MAINTAIN_BASELINE_PRIVACY_BUDGET | 200
PRIV-03408 | 0.9273 | 1.4909 | 0.6558 | DATA_PRIVACY_SECURE | MAINTAIN_BASELINE_PRIVACY_BUDGET | 200
PRIV-03409 | 0.7066 | 1.1537 | 0.2593 | DATA_PRIVACY_SECURE | MAINTAIN_BASELINE_PRIVACY_BUDGET | 200
PRIV-03410 | 0.8565 | 0.5159 | 0.4753 | DATA_PRIVACY_SECURE | MAINTAIN_BASELINE_PRIVACY_BUDGET | 200
PRIV-03411 | 0.6433 | 2.1911 | 0.2124 | DATA_PRIVACY_SECURE | MAINTAIN_BASELINE_PRIVACY_BUDGET | 200
PRIV-03412 | 0.9415 | 0.5991 | 0.5225 | DATA_PRIVACY_SECURE | MAINTAIN_BASELINE_PRIVACY_BUDGET | 200
PRIV-03413 | 0.9145 | 1.0352 | 0.644 | DATA_PRIVACY_SECURE | MAINTAIN_BASELINE_PRIVACY_BUDGET | 200
PRIV-03414 | 0.5747 | 2.2746 | 0.1388 | DATA_PRIVACY_SECURE | MAINTAIN_BASELINE_PRIVACY_BUDGET | 200
PRIV-03415 | 0.9541 | 1.7764 | 0.7208 | DATA_PRIVACY_SECURE | MAINTAIN_BASELINE_PRIVACY_BUDGET | 200
PRIV-03416 | 0.9824 | 1.4519 | 0.7623 | CRITICAL_MEMORIZATION_LEAK_HAZARD | TRIGGER_DYNAMIC_DIFFERENTIAL_PRIVACY_NOISE | 422
PRIV-03417 | 0.5515 | 1.8975 | 0.1795 | DATA_PRIVACY_SECURE | MAINTAIN_BASELINE_PRIVACY_BUDGET | 200
PRIV-03418 | 0.6345 | 0.7599 | 0.1824 | DATA_PRIVACY_SECURE | MAINTAIN_BASELINE_PRIVACY_BUDGET | 200
PRIV-03419 | 0.6955 | 1.5799 | 0.2273 | DATA_PRIVACY_SECURE | MAINTAIN_BASELINE_PRIVACY_BUDGET | 200
PRIV-03420 | 0.7791 | 1.1760 | 0.3401 | DATA_PRIVACY_SECURE | MAINTAIN_BASELINE_PRIVACY_BUDGET | 200
PRIV-03421 | 0.9847 | 2.7071 | 0.8708 | CRITICAL_MEMORIZATION_LEAK_HAZARD | TRIGGER_DYNAMIC_DIFFERENTIAL_PRIVACY_NOISE | 422
PRIV-03422 | 0.7270 | 1.0548 | 0.282 | DATA_PRIVACY_SECURE | MAINTAIN_BASELINE_PRIVACY_BUDGET | 200
PRIV-03423 | 0.6219 | 3.2544 | 0.2487 | DATA_PRIVACY_SECURE | MAINTAIN_BASELINE_PRIVACY_BUDGET | 200
PRIV-03424 | 0.6712 | 0.8818 | 0.2306 | DATA_PRIVACY_SECURE | MAINTAIN_BASELINE_PRIVACY_BUDGET | 200
PRIV-03425 | 0.9312 | 2.2092 | 0.6567 | DATA_PRIVACY_SECURE | MAINTAIN_BASELINE_PRIVACY_BUDGET | 200
PRIV-03426 | 0.8409 | 0.2967 | 0.3837 | DATA_PRIVACY_SECURE | MAINTAIN_BASELINE_PRIVACY_BUDGET | 200
PRIV-03427 | 0.8821 | 3.4885 | 0.6762 | DATA_PRIVACY_SECURE | MAINTAIN_BASELINE_PRIVACY_BUDGET | 200
PRIV-03428 | 0.9514 | 3.1388 | 0.8807 | CRITICAL_MEMORIZATION_LEAK_HAZARD | TRIGGER_DYNAMIC_DIFFERENTIAL_PRIVACY_NOISE | 422
PRIV-03429 | 0.8169 | 1.4822 | 0.462 | DATA_PRIVACY_SECURE | MAINTAIN_BASELINE_PRIVACY_BUDGET | 200
PRIV-03430 | 0.7263 | 3.0080 | 0.4092 | DATA_PRIVACY_SECURE | MAINTAIN_BASELINE_PRIVACY_BUDGET | 200
PRIV-03431 | 0.5042 | 1.8118 | 0.1288 | DATA_PRIVACY_SECURE | MAINTAIN_BASELINE_PRIVACY_BUDGET | 200
PRIV-03432 | 0.7800 | 1.4368 | 0.4373 | DATA_PRIVACY_SECURE | MAINTAIN_BASELINE_PRIVACY_BUDGET | 200
PRIV-03433 | 0.8577 | 2.9154 | 0.6194 | DATA_PRIVACY_SECURE | MAINTAIN_BASELINE_PRIVACY_BUDGET | 200
PRIV-03434 | 0.8135 | 0.7985 | 0.3673 | DATA_PRIVACY_SECURE | MAINTAIN_BASELINE_PRIVACY_BUDGET | 200
PRIV-03435 | 0.5277 | 1.1462 | 0.2024 | DATA_PRIVACY_SECURE | MAINTAIN_BASELINE_PRIVACY_BUDGET | 200
PRIV-03436 | 0.8094 | 1.1525 | 0.4386 | DATA_PRIVACY_SECURE | MAINTAIN_BASELINE_PRIVACY_BUDGET | 200
PRIV-03437 | 0.8622 | 1.8770 | 0.5788 | DATA_PRIVACY_SECURE | MAINTAIN_BASELINE_PRIVACY_BUDGET | 200
PRIV-03438 | 0.5216 | 1.4715 | 0.0643 | DATA_PRIVACY_SECURE | MAINTAIN_BASELINE_PRIVACY_BUDGET | 200
PRIV-03439 | 0.9253 | 1.7423 | 0.6227 | DATA_PRIVACY_SECURE | MAINTAIN_BASELINE_PRIVACY_BUDGET | 200
PRIV-03440 | 0.5548 | 0.3396 | 0.1114 | DATA_PRIVACY_SECURE | MAINTAIN_BASELINE_PRIVACY_BUDGET | 200
PRIV-03441 | 0.9389 | 3.2396 | 0.8022 | CRITICAL_MEMORIZATION_LEAK_HAZARD | TRIGGER_DYNAMIC_DIFFERENTIAL_PRIVACY_NOISE | 422
PRIV-03442 | 0.9327 | 2.1970 | 0.7057 | DATA_PRIVACY_SECURE | MAINTAIN_BASELINE_PRIVACY_BUDGET | 200
PRIV-03443 | 0.6031 | 0.1191 | 0.1218 | DATA_PRIVACY_SECURE | MAINTAIN_BASELINE_PRIVACY_BUDGET | 200
PRIV-03444 | 0.6804 | 1.6112 | 0.3261 | DATA_PRIVACY_SECURE | MAINTAIN_BASELINE_PRIVACY_BUDGET | 200
PRIV-03445 | 0.8806 | 0.5566 | 0.4619 | DATA_PRIVACY_SECURE | MAINTAIN_BASELINE_PRIVACY_BUDGET | 200
PRIV-03446 | 0.8939 | 2.0767 | 0.589 | DATA_PRIVACY_SECURE | MAINTAIN_BASELINE_PRIVACY_BUDGET | 200
PRIV-03447 | 0.8928 | 2.9903 | 0.673 | DATA_PRIVACY_SECURE | MAINTAIN_BASELINE_PRIVACY_BUDGET | 200
PRIV-03448 | 0.9198 | 0.7868 | 0.5026 | DATA_PRIVACY_SECURE | MAINTAIN_BASELINE_PRIVACY_BUDGET | 200
PRIV-03449 | 0.8814 | 0.7462 | 0.449 | DATA_PRIVACY_SECURE | MAINTAIN_BASELINE_PRIVACY_BUDGET | 200
PRIV-03450 | 0.7492 | 2.1282 | 0.3593 | DATA_PRIVACY_SECURE | MAINTAIN_BASELINE_PRIVACY_BUDGET | 200
PRIV-03451 | 0.8864 | 0.3261 | 0.3854 | DATA_PRIVACY_SECURE | MAINTAIN_BASELINE_PRIVACY_BUDGET | 200
PRIV-03452 | 0.5177 | 2.7736 | 0.0804 | DATA_PRIVACY_SECURE | MAINTAIN_BASELINE_PRIVACY_BUDGET | 200
PRIV-03453 | 0.7517 | 2.1838 | 0.3767 | DATA_PRIVACY_SECURE | MAINTAIN_BASELINE_PRIVACY_BUDGET | 200
PRIV-03454 | 0.6441 | 2.8724 | 0.2304 | DATA_PRIVACY_SECURE | MAINTAIN_BASELINE_PRIVACY_BUDGET | 200
PRIV-03455 | 0.9518 | 1.8314 | 0.6259 | DATA_PRIVACY_SECURE | MAINTAIN_BASELINE_PRIVACY_BUDGET | 200
PRIV-03456 | 0.8026 | 1.8361 | 0.528 | DATA_PRIVACY_SECURE | MAINTAIN_BASELINE_PRIVACY_BUDGET | 200
PRIV-03457 | 0.9207 | 0.2570 | 0.4836 | DATA_PRIVACY_SECURE | MAINTAIN_BASELINE_PRIVACY_BUDGET | 200
PRIV-03458 | 0.7780 | 3.2509 | 0.4382 | DATA_PRIVACY_SECURE | MAINTAIN_BASELINE_PRIVACY_BUDGET | 200
PRIV-03459 | 0.6702 | 2.8417 | 0.2852 | DATA_PRIVACY_SECURE | MAINTAIN_BASELINE_PRIVACY_BUDGET | 200
PRIV-03460 | 0.7995 | 1.6973 | 0.385 | DATA_PRIVACY_SECURE | MAINTAIN_BASELINE_PRIVACY_BUDGET | 200
PRIV-03461 | 0.8253 | 1.5200 | 0.5292 | DATA_PRIVACY_SECURE | MAINTAIN_BASELINE_PRIVACY_BUDGET | 200
PRIV-03462 | 0.5332 | 0.9733 | 0.1859 | DATA_PRIVACY_SECURE | MAINTAIN_BASELINE_PRIVACY_BUDGET | 200
PRIV-03463 | 0.5757 | 3.1468 | 0.1892 | DATA_PRIVACY_SECURE | MAINTAIN_BASELINE_PRIVACY_BUDGET | 200
PRIV-03464 | 0.5865 | 1.1080 | 0.1926 | DATA_PRIVACY_SECURE | MAINTAIN_BASELINE_PRIVACY_BUDGET | 200
PRIV-03465 | 0.5579 | 1.1691 | 0.1395 | DATA_PRIVACY_SECURE | MAINTAIN_BASELINE_PRIVACY_BUDGET | 200
PRIV-03466 | 0.5867 | 0.9277 | 0.0912 | DATA_PRIVACY_SECURE | MAINTAIN_BASELINE_PRIVACY_BUDGET | 200
PRIV-03467 | 0.8753 | 1.2055 | 0.4996 | DATA_PRIVACY_SECURE | MAINTAIN_BASELINE_PRIVACY_BUDGET | 200
PRIV-03468 | 0.8376 | 3.1468 | 0.5686 | DATA_PRIVACY_SECURE | MAINTAIN_BASELINE_PRIVACY_BUDGET | 200
PRIV-03469 | 0.8905 | 0.9315 | 0.4883 | DATA_PRIVACY_SECURE | MAINTAIN_BASELINE_PRIVACY_BUDGET | 200
PRIV-03470 | 0.5842 | 2.2436 | 0.1715 | DATA_PRIVACY_SECURE | MAINTAIN_BASELINE_PRIVACY_BUDGET | 200
PRIV-03471 | 0.5061 | 2.0880 | 0.1117 | DATA_PRIVACY_SECURE | MAINTAIN_BASELINE_PRIVACY_BUDGET | 200
PRIV-03472 | 0.6985 | 1.6795 | 0.284 | DATA_PRIVACY_SECURE | MAINTAIN_BASELINE_PRIVACY_BUDGET | 200
PRIV-03473 | 0.8077 | 2.4573 | 0.4875 | DATA_PRIVACY_SECURE | MAINTAIN_BASELINE_PRIVACY_BUDGET | 200
PRIV-03474 | 0.7954 | 0.5073 | 0.2717 | DATA_PRIVACY_SECURE | MAINTAIN_BASELINE_PRIVACY_BUDGET | 200
PRIV-03475 | 0.5922 | 2.2577 | 0.1594 | DATA_PRIVACY_SECURE | MAINTAIN_BASELINE_PRIVACY_BUDGET | 200
PRIV-03476 | 0.5767 | 3.4672 | 0.1346 | DATA_PRIVACY_SECURE | MAINTAIN_BASELINE_PRIVACY_BUDGET | 200
PRIV-03477 | 0.7049 | 0.4383 | 0.2521 | DATA_PRIVACY_SECURE | MAINTAIN_BASELINE_PRIVACY_BUDGET | 200
PRIV-03478 | 0.5733 | 2.8974 | 0.0943 | DATA_PRIVACY_SECURE | MAINTAIN_BASELINE_PRIVACY_BUDGET | 200
PRIV-03479 | 0.5686 | 1.1027 | 0.1841 | DATA_PRIVACY_SECURE | MAINTAIN_BASELINE_PRIVACY_BUDGET | 200
PRIV-03480 | 0.9776 | 0.3508 | 0.6037 | DATA_PRIVACY_SECURE | MAINTAIN_BASELINE_PRIVACY_BUDGET | 200
PRIV-03481 | 0.6064 | 1.4859 | 0.1697 | DATA_PRIVACY_SECURE | MAINTAIN_BASELINE_PRIVACY_BUDGET | 200
PRIV-03482 | 0.7026 | 1.4019 | 0.1742 | DATA_PRIVACY_SECURE | MAINTAIN_BASELINE_PRIVACY_BUDGET | 200
PRIV-03483 | 0.6486 | 2.9172 | 0.2445 | DATA_PRIVACY_SECURE | MAINTAIN_BASELINE_PRIVACY_BUDGET | 200
PRIV-03484 | 0.5703 | 2.0416 | 0.1616 | DATA_PRIVACY_SECURE | MAINTAIN_BASELINE_PRIVACY_BUDGET | 200
PRIV-03485 | 0.5454 | 2.2219 | 0.1059 | DATA_PRIVACY_SECURE | MAINTAIN_BASELINE_PRIVACY_BUDGET | 200
PRIV-03486 | 0.9781 | 2.5943 | 0.85 | CRITICAL_MEMORIZATION_LEAK_HAZARD | TRIGGER_DYNAMIC_DIFFERENTIAL_PRIVACY_NOISE | 422
PRIV-03487 | 0.6051 | 1.0781 | 0.2265 | DATA_PRIVACY_SECURE | MAINTAIN_BASELINE_PRIVACY_BUDGET | 200
PRIV-03488 | 0.5556 | 0.7617 | 0.1435 | DATA_PRIVACY_SECURE | MAINTAIN_BASELINE_PRIVACY_BUDGET | 200
PRIV-03489 | 0.9707 | 1.2431 | 0.6728 | DATA_PRIVACY_SECURE | MAINTAIN_BASELINE_PRIVACY_BUDGET | 200
PRIV-03490 | 0.7408 | 1.2095 | 0.2492 | DATA_PRIVACY_SECURE | MAINTAIN_BASELINE_PRIVACY_BUDGET | 200
PRIV-03491 | 0.9721 | 0.5291 | 0.5649 | DATA_PRIVACY_SECURE | MAINTAIN_BASELINE_PRIVACY_BUDGET | 200
PRIV-03492 | 0.7298 | 3.0901 | 0.3632 | DATA_PRIVACY_SECURE | MAINTAIN_BASELINE_PRIVACY_BUDGET | 200
PRIV-03493 | 0.9227 | 2.6012 | 0.7512 | DATA_PRIVACY_SECURE | MAINTAIN_BASELINE_PRIVACY_BUDGET | 200
PRIV-03494 | 0.6087 | 3.0106 | 0.1935 | DATA_PRIVACY_SECURE | MAINTAIN_BASELINE_PRIVACY_BUDGET | 200
PRIV-03495 | 0.7670 | 1.3135 | 0.3761 | DATA_PRIVACY_SECURE | MAINTAIN_BASELINE_PRIVACY_BUDGET | 200
PRIV-03496 | 0.8168 | 2.3229 | 0.5736 | DATA_PRIVACY_SECURE | MAINTAIN_BASELINE_PRIVACY_BUDGET | 200
PRIV-03497 | 0.5032 | 2.2405 | 0.1478 | DATA_PRIVACY_SECURE | MAINTAIN_BASELINE_PRIVACY_BUDGET | 200
PRIV-03498 | 0.5142 | 2.2893 | 0.1215 | DATA_PRIVACY_SECURE | MAINTAIN_BASELINE_PRIVACY_BUDGET | 200
PRIV-03499 | 0.6497 | 1.2530 | 0.206 | DATA_PRIVACY_SECURE | MAINTAIN_BASELINE_PRIVACY_BUDGET | 200
PRIV-03500 | 0.7936 | 1.4448 | 0.3902 | DATA_PRIVACY_SECURE | MAINTAIN_BASELINE_PRIVACY_BUDGET | 200
PRIV-03501 | 0.5443 | 0.7457 | 0.1566 | DATA_PRIVACY_SECURE | MAINTAIN_BASELINE_PRIVACY_BUDGET | 200
PRIV-03502 | 0.9427 | 2.1576 | 0.7259 | DATA_PRIVACY_SECURE | MAINTAIN_BASELINE_PRIVACY_BUDGET | 200
PRIV-03503 | 0.5531 | 1.9225 | 0.1494 | DATA_PRIVACY_SECURE | MAINTAIN_BASELINE_PRIVACY_BUDGET | 200
PRIV-03504 | 0.7742 | 2.6624 | 0.4358 | DATA_PRIVACY_SECURE | MAINTAIN_BASELINE_PRIVACY_BUDGET | 200
PRIV-03505 | 0.8360 | 1.7417 | 0.4771 | DATA_PRIVACY_SECURE | MAINTAIN_BASELINE_PRIVACY_BUDGET | 200
PRIV-03506 | 0.6365 | 1.1170 | 0.1394 | DATA_PRIVACY_SECURE | MAINTAIN_BASELINE_PRIVACY_BUDGET | 200
PRIV-03507 | 0.6207 | 1.8792 | 0.2204 | DATA_PRIVACY_SECURE | MAINTAIN_BASELINE_PRIVACY_BUDGET | 200
PRIV-03508 | 0.6079 | 0.7591 | 0.1506 | DATA_PRIVACY_SECURE | MAINTAIN_BASELINE_PRIVACY_BUDGET | 200
PRIV-03509 | 0.8919 | 2.7434 | 0.6866 | DATA_PRIVACY_SECURE | MAINTAIN_BASELINE_PRIVACY_BUDGET | 200
PRIV-03510 | 0.7618 | 0.7283 | 0.2769 | DATA_PRIVACY_SECURE | MAINTAIN_BASELINE_PRIVACY_BUDGET | 200
PRIV-03511 | 0.9097 | 1.3433 | 0.6458 | DATA_PRIVACY_SECURE | MAINTAIN_BASELINE_PRIVACY_BUDGET | 200
PRIV-03512 | 0.8478 | 2.2810 | 0.5179 | DATA_PRIVACY_SECURE | MAINTAIN_BASELINE_PRIVACY_BUDGET | 200
PRIV-03513 | 0.8082 | 2.7595 | 0.565 | DATA_PRIVACY_SECURE | MAINTAIN_BASELINE_PRIVACY_BUDGET | 200
PRIV-03514 | 0.7843 | 3.0133 | 0.3899 | DATA_PRIVACY_SECURE | MAINTAIN_BASELINE_PRIVACY_BUDGET | 200
PRIV-03515 | 0.9913 | 1.6538 | 0.8352 | CRITICAL_MEMORIZATION_LEAK_HAZARD | TRIGGER_DYNAMIC_DIFFERENTIAL_PRIVACY_NOISE | 422
PRIV-03516 | 0.7857 | 2.9823 | 0.4806 | DATA_PRIVACY_SECURE | MAINTAIN_BASELINE_PRIVACY_BUDGET | 200
PRIV-03517 | 0.9307 | 2.4696 | 0.7114 | DATA_PRIVACY_SECURE | MAINTAIN_BASELINE_PRIVACY_BUDGET | 200
PRIV-03518 | 0.7143 | 3.4139 | 0.3698 | DATA_PRIVACY_SECURE | MAINTAIN_BASELINE_PRIVACY_BUDGET | 200
PRIV-03519 | 0.8195 | 3.2765 | 0.5816 | DATA_PRIVACY_SECURE | MAINTAIN_BASELINE_PRIVACY_BUDGET | 200
PRIV-03520 | 0.7503 | 2.7918 | 0.3093 | DATA_PRIVACY_SECURE | MAINTAIN_BASELINE_PRIVACY_BUDGET | 200
PRIV-03521 | 0.7943 | 2.9232 | 0.4956 | DATA_PRIVACY_SECURE | MAINTAIN_BASELINE_PRIVACY_BUDGET | 200
PRIV-03522 | 0.9934 | 1.9235 | 0.7556 | DATA_PRIVACY_SECURE | MAINTAIN_BASELINE_PRIVACY_BUDGET | 200
PRIV-03523 | 0.5847 | 0.8656 | 0.1021 | DATA_PRIVACY_SECURE | MAINTAIN_BASELINE_PRIVACY_BUDGET | 200
PRIV-03524 | 0.6466 | 2.0598 | 0.3049 | DATA_PRIVACY_SECURE | MAINTAIN_BASELINE_PRIVACY_BUDGET | 200
PRIV-03525 | 0.7602 | 1.8066 | 0.3541 | DATA_PRIVACY_SECURE | MAINTAIN_BASELINE_PRIVACY_BUDGET | 200
PRIV-03526 | 0.9328 | 2.7933 | 0.718 | DATA_PRIVACY_SECURE | MAINTAIN_BASELINE_PRIVACY_BUDGET | 200
PRIV-03527 | 0.6548 | 0.2418 | 0.1494 | DATA_PRIVACY_SECURE | MAINTAIN_BASELINE_PRIVACY_BUDGET | 200
PRIV-03528 | 0.7056 | 2.7595 | 0.4131 | DATA_PRIVACY_SECURE | MAINTAIN_BASELINE_PRIVACY_BUDGET | 200
PRIV-03529 | 0.5390 | 2.7350 | 0.0738 | DATA_PRIVACY_SECURE | MAINTAIN_BASELINE_PRIVACY_BUDGET | 200
PRIV-03530 | 0.5927 | 0.3958 | 0.0824 | DATA_PRIVACY_SECURE | MAINTAIN_BASELINE_PRIVACY_BUDGET | 200
PRIV-03531 | 0.7442 | 3.4807 | 0.4598 | DATA_PRIVACY_SECURE | MAINTAIN_BASELINE_PRIVACY_BUDGET | 200
PRIV-03532 | 0.5748 | 2.5282 | 0.2502 | DATA_PRIVACY_SECURE | MAINTAIN_BASELINE_PRIVACY_BUDGET | 200
PRIV-03533 | 0.7829 | 2.2687 | 0.4308 | DATA_PRIVACY_SECURE | MAINTAIN_BASELINE_PRIVACY_BUDGET | 200
PRIV-03534 | 0.6340 | 1.7279 | 0.1668 | DATA_PRIVACY_SECURE | MAINTAIN_BASELINE_PRIVACY_BUDGET | 200
PRIV-03535 | 0.5072 | 3.1294 | 0.2088 | DATA_PRIVACY_SECURE | MAINTAIN_BASELINE_PRIVACY_BUDGET | 200
PRIV-03536 | 0.8025 | 1.0300 | 0.4446 | DATA_PRIVACY_SECURE | MAINTAIN_BASELINE_PRIVACY_BUDGET | 200
PRIV-03537 | 0.8566 | 0.4406 | 0.4096 | DATA_PRIVACY_SECURE | MAINTAIN_BASELINE_PRIVACY_BUDGET | 200
PRIV-03538 | 0.9719 | 1.1463 | 0.6642 | DATA_PRIVACY_SECURE | MAINTAIN_BASELINE_PRIVACY_BUDGET | 200
PRIV-03539 | 0.7571 | 0.1931 | 0.2359 | DATA_PRIVACY_SECURE | MAINTAIN_BASELINE_PRIVACY_BUDGET | 200
PRIV-03540 | 0.5061 | 3.2639 | 0.1184 | DATA_PRIVACY_SECURE | MAINTAIN_BASELINE_PRIVACY_BUDGET | 200
PRIV-03541 | 0.5799 | 2.1282 | 0.1875 | DATA_PRIVACY_SECURE | MAINTAIN_BASELINE_PRIVACY_BUDGET | 200
PRIV-03542 | 0.8871 | 2.1245 | 0.6815 | DATA_PRIVACY_SECURE | MAINTAIN_BASELINE_PRIVACY_BUDGET | 200
PRIV-03543 | 0.5321 | 0.4927 | 0.1287 | DATA_PRIVACY_SECURE | MAINTAIN_BASELINE_PRIVACY_BUDGET | 200
PRIV-03544 | 0.6454 | 0.7423 | 0.1391 | DATA_PRIVACY_SECURE | MAINTAIN_BASELINE_PRIVACY_BUDGET | 200
PRIV-03545 | 0.7591 | 3.2121 | 0.4756 | DATA_PRIVACY_SECURE | MAINTAIN_BASELINE_PRIVACY_BUDGET | 200
PRIV-03546 | 0.8312 | 1.8770 | 0.5106 | DATA_PRIVACY_SECURE | MAINTAIN_BASELINE_PRIVACY_BUDGET | 200
PRIV-03547 | 0.9270 | 1.6248 | 0.693 | DATA_PRIVACY_SECURE | MAINTAIN_BASELINE_PRIVACY_BUDGET | 200
PRIV-03548 | 0.5052 | 0.7100 | 0.1451 | DATA_PRIVACY_SECURE | MAINTAIN_BASELINE_PRIVACY_BUDGET | 200
PRIV-03549 | 0.7357 | 3.3610 | 0.3404 | DATA_PRIVACY_SECURE | MAINTAIN_BASELINE_PRIVACY_BUDGET | 200
PRIV-03550 | 0.7387 | 3.4219 | 0.389 | DATA_PRIVACY_SECURE | MAINTAIN_BASELINE_PRIVACY_BUDGET | 200
PRIV-03551 | 0.7078 | 1.6128 | 0.2744 | DATA_PRIVACY_SECURE | MAINTAIN_BASELINE_PRIVACY_BUDGET | 200
PRIV-03552 | 0.6650 | 1.4943 | 0.1775 | DATA_PRIVACY_SECURE | MAINTAIN_BASELINE_PRIVACY_BUDGET | 200
PRIV-03553 | 0.9447 | 2.9934 | 0.8167 | CRITICAL_MEMORIZATION_LEAK_HAZARD | TRIGGER_DYNAMIC_DIFFERENTIAL_PRIVACY_NOISE | 422
PRIV-03554 | 0.7363 | 1.4372 | 0.423 | DATA_PRIVACY_SECURE | MAINTAIN_BASELINE_PRIVACY_BUDGET | 200
PRIV-03555 | 0.5388 | 3.0555 | 0.0758 | DATA_PRIVACY_SECURE | MAINTAIN_BASELINE_PRIVACY_BUDGET | 200
PRIV-03556 | 0.8680 | 2.7107 | 0.6119 | DATA_PRIVACY_SECURE | MAINTAIN_BASELINE_PRIVACY_BUDGET | 200
PRIV-03557 | 0.6978 | 3.3992 | 0.3543 | DATA_PRIVACY_SECURE | MAINTAIN_BASELINE_PRIVACY_BUDGET | 200
PRIV-03558 | 0.6259 | 1.4539 | 0.2037 | DATA_PRIVACY_SECURE | MAINTAIN_BASELINE_PRIVACY_BUDGET | 200
PRIV-03559 | 0.9496 | 1.9975 | 0.7495 | DATA_PRIVACY_SECURE | MAINTAIN_BASELINE_PRIVACY_BUDGET | 200
PRIV-03560 | 0.7795 | 0.6836 | 0.2628 | DATA_PRIVACY_SECURE | MAINTAIN_BASELINE_PRIVACY_BUDGET | 200
PRIV-03561 | 0.7827 | 3.2287 | 0.4706 | DATA_PRIVACY_SECURE | MAINTAIN_BASELINE_PRIVACY_BUDGET | 200
PRIV-03562 | 0.5988 | 1.2853 | 0.1379 | DATA_PRIVACY_SECURE | MAINTAIN_BASELINE_PRIVACY_BUDGET | 200
PRIV-03563 | 0.5924 | 1.2284 | 0.0732 | DATA_PRIVACY_SECURE | MAINTAIN_BASELINE_PRIVACY_BUDGET | 200
PRIV-03564 | 0.7009 | 3.1729 | 0.3782 | DATA_PRIVACY_SECURE | MAINTAIN_BASELINE_PRIVACY_BUDGET | 200
PRIV-03565 | 0.5792 | 3.2232 | 0.2252 | DATA_PRIVACY_SECURE | MAINTAIN_BASELINE_PRIVACY_BUDGET | 200
PRIV-03566 | 0.7308 | 3.0840 | 0.3752 | DATA_PRIVACY_SECURE | MAINTAIN_BASELINE_PRIVACY_BUDGET | 200
PRIV-03567 | 0.5433 | 0.1053 | 0.0936 | DATA_PRIVACY_SECURE | MAINTAIN_BASELINE_PRIVACY_BUDGET | 200
PRIV-03568 | 0.9074 | 2.1914 | 0.715 | DATA_PRIVACY_SECURE | MAINTAIN_BASELINE_PRIVACY_BUDGET | 200
PRIV-03569 | 0.6449 | 1.6161 | 0.2328 | DATA_PRIVACY_SECURE | MAINTAIN_BASELINE_PRIVACY_BUDGET | 200
PRIV-03570 | 0.8337 | 0.9797 | 0.4575 | DATA_PRIVACY_SECURE | MAINTAIN_BASELINE_PRIVACY_BUDGET | 200
PRIV-03571 | 0.9190 | 0.2568 | 0.4258 | DATA_PRIVACY_SECURE | MAINTAIN_BASELINE_PRIVACY_BUDGET | 200
PRIV-03572 | 0.8567 | 1.9291 | 0.6015 | DATA_PRIVACY_SECURE | MAINTAIN_BASELINE_PRIVACY_BUDGET | 200
PRIV-03573 | 0.5936 | 1.4594 | 0.1826 | DATA_PRIVACY_SECURE | MAINTAIN_BASELINE_PRIVACY_BUDGET | 200
PRIV-03574 | 0.7848 | 1.5460 | 0.4062 | DATA_PRIVACY_SECURE | MAINTAIN_BASELINE_PRIVACY_BUDGET | 200
PRIV-03575 | 0.9029 | 2.2152 | 0.6129 | DATA_PRIVACY_SECURE | MAINTAIN_BASELINE_PRIVACY_BUDGET | 200
PRIV-03576 | 0.6294 | 0.1913 | 0.148 | DATA_PRIVACY_SECURE | MAINTAIN_BASELINE_PRIVACY_BUDGET | 200
PRIV-03577 | 0.6798 | 2.1884 | 0.2492 | DATA_PRIVACY_SECURE | MAINTAIN_BASELINE_PRIVACY_BUDGET | 200
PRIV-03578 | 0.5481 | 0.5149 | 0.0776 | DATA_PRIVACY_SECURE | MAINTAIN_BASELINE_PRIVACY_BUDGET | 200
PRIV-03579 | 0.9997 | 0.3497 | 0.5534 | DATA_PRIVACY_SECURE | MAINTAIN_BASELINE_PRIVACY_BUDGET | 200
PRIV-03580 | 0.9573 | 2.7450 | 0.7816 | CRITICAL_MEMORIZATION_LEAK_HAZARD | TRIGGER_DYNAMIC_DIFFERENTIAL_PRIVACY_NOISE | 422
PRIV-03581 | 0.5119 | 2.1128 | 0.2046 | DATA_PRIVACY_SECURE | MAINTAIN_BASELINE_PRIVACY_BUDGET | 200
PRIV-03582 | 0.5052 | 3.2894 | 0.1776 | DATA_PRIVACY_SECURE | MAINTAIN_BASELINE_PRIVACY_BUDGET | 200
PRIV-03583 | 0.7172 | 1.4348 | 0.3748 | DATA_PRIVACY_SECURE | MAINTAIN_BASELINE_PRIVACY_BUDGET | 200
PRIV-03584 | 0.6778 | 2.0684 | 0.2275 | DATA_PRIVACY_SECURE | MAINTAIN_BASELINE_PRIVACY_BUDGET | 200
PRIV-03585 | 0.7245 | 1.3259 | 0.3033 | DATA_PRIVACY_SECURE | MAINTAIN_BASELINE_PRIVACY_BUDGET | 200
PRIV-03586 | 0.8012 | 2.4944 | 0.4234 | DATA_PRIVACY_SECURE | MAINTAIN_BASELINE_PRIVACY_BUDGET | 200
PRIV-03587 | 0.9489 | 0.3601 | 0.4754 | DATA_PRIVACY_SECURE | MAINTAIN_BASELINE_PRIVACY_BUDGET | 200
PRIV-03588 | 0.7839 | 2.1241 | 0.3935 | DATA_PRIVACY_SECURE | MAINTAIN_BASELINE_PRIVACY_BUDGET | 200
PRIV-03589 | 0.5089 | 3.3999 | 0.1771 | DATA_PRIVACY_SECURE | MAINTAIN_BASELINE_PRIVACY_BUDGET | 200
PRIV-03590 | 0.5900 | 3.0001 | 0.1797 | DATA_PRIVACY_SECURE | MAINTAIN_BASELINE_PRIVACY_BUDGET | 200
PRIV-03591 | 0.8260 | 0.4042 | 0.3807 | DATA_PRIVACY_SECURE | MAINTAIN_BASELINE_PRIVACY_BUDGET | 200
PRIV-03592 | 0.6012 | 1.0284 | 0.1842 | DATA_PRIVACY_SECURE | MAINTAIN_BASELINE_PRIVACY_BUDGET | 200
PRIV-03593 | 0.7443 | 2.7414 | 0.4795 | DATA_PRIVACY_SECURE | MAINTAIN_BASELINE_PRIVACY_BUDGET | 200
PRIV-03594 | 0.5071 | 1.6669 | 0.0505 | DATA_PRIVACY_SECURE | MAINTAIN_BASELINE_PRIVACY_BUDGET | 200
PRIV-03595 | 0.6318 | 3.4902 | 0.295 | DATA_PRIVACY_SECURE | MAINTAIN_BASELINE_PRIVACY_BUDGET | 200
PRIV-03596 | 0.9451 | 1.8891 | 0.7792 | CRITICAL_MEMORIZATION_LEAK_HAZARD | TRIGGER_DYNAMIC_DIFFERENTIAL_PRIVACY_NOISE | 422
PRIV-03597 | 0.8853 | 0.4560 | 0.3857 | DATA_PRIVACY_SECURE | MAINTAIN_BASELINE_PRIVACY_BUDGET | 200
PRIV-03598 | 0.6586 | 3.0951 | 0.3136 | DATA_PRIVACY_SECURE | MAINTAIN_BASELINE_PRIVACY_BUDGET | 200
PRIV-03599 | 0.7013 | 0.5373 | 0.2311 | DATA_PRIVACY_SECURE | MAINTAIN_BASELINE_PRIVACY_BUDGET | 200
PRIV-03600 | 0.5261 | 2.6496 | 0.1269 | DATA_PRIVACY_SECURE | MAINTAIN_BASELINE_PRIVACY_BUDGET | 200
PRIV-03601 | 0.7414 | 1.4205 | 0.2953 | DATA_PRIVACY_SECURE | MAINTAIN_BASELINE_PRIVACY_BUDGET | 200
PRIV-03602 | 0.6812 | 0.9088 | 0.1966 | DATA_PRIVACY_SECURE | MAINTAIN_BASELINE_PRIVACY_BUDGET | 200
PRIV-03603 | 0.8873 | 1.3592 | 0.6378 | DATA_PRIVACY_SECURE | MAINTAIN_BASELINE_PRIVACY_BUDGET | 200
PRIV-03604 | 0.7133 | 2.1225 | 0.3242 | DATA_PRIVACY_SECURE | MAINTAIN_BASELINE_PRIVACY_BUDGET | 200
PRIV-03605 | 0.9189 | 2.9428 | 0.7683 | CRITICAL_MEMORIZATION_LEAK_HAZARD | TRIGGER_DYNAMIC_DIFFERENTIAL_PRIVACY_NOISE | 422
PRIV-03606 | 0.5585 | 2.4104 | 0.1282 | DATA_PRIVACY_SECURE | MAINTAIN_BASELINE_PRIVACY_BUDGET | 200
PRIV-03607 | 0.6140 | 3.1451 | 0.1907 | DATA_PRIVACY_SECURE | MAINTAIN_BASELINE_PRIVACY_BUDGET | 200
PRIV-03608 | 0.5444 | 2.0795 | 0.1867 | DATA_PRIVACY_SECURE | MAINTAIN_BASELINE_PRIVACY_BUDGET | 200
PRIV-03609 | 0.7012 | 1.4878 | 0.2273 | DATA_PRIVACY_SECURE | MAINTAIN_BASELINE_PRIVACY_BUDGET | 200
PRIV-03610 | 0.6058 | 3.2982 | 0.1978 | DATA_PRIVACY_SECURE | MAINTAIN_BASELINE_PRIVACY_BUDGET | 200
PRIV-03611 | 0.5577 | 1.9603 | 0.1534 | DATA_PRIVACY_SECURE | MAINTAIN_BASELINE_PRIVACY_BUDGET | 200
PRIV-03612 | 0.5431 | 1.2545 | 0.1291 | DATA_PRIVACY_SECURE | MAINTAIN_BASELINE_PRIVACY_BUDGET | 200
PRIV-03613 | 0.6315 | 2.8869 | 0.2314 | DATA_PRIVACY_SECURE | MAINTAIN_BASELINE_PRIVACY_BUDGET | 200
PRIV-03614 | 0.5281 | 2.7443 | 0.1542 | DATA_PRIVACY_SECURE | MAINTAIN_BASELINE_PRIVACY_BUDGET | 200
PRIV-03615 | 0.6097 | 2.0320 | 0.2281 | DATA_PRIVACY_SECURE | MAINTAIN_BASELINE_PRIVACY_BUDGET | 200
PRIV-03616 | 0.5716 | 0.7548 | 0.1564 | DATA_PRIVACY_SECURE | MAINTAIN_BASELINE_PRIVACY_BUDGET | 200
PRIV-03617 | 0.8349 | 1.3811 | 0.4257 | DATA_PRIVACY_SECURE | MAINTAIN_BASELINE_PRIVACY_BUDGET | 200
PRIV-03618 | 0.5687 | 1.3850 | 0.1358 | DATA_PRIVACY_SECURE | MAINTAIN_BASELINE_PRIVACY_BUDGET | 200
PRIV-03619 | 0.5310 | 2.2650 | 0.1835 | DATA_PRIVACY_SECURE | MAINTAIN_BASELINE_PRIVACY_BUDGET | 200
PRIV-03620 | 0.5614 | 2.8337 | 0.2029 | DATA_PRIVACY_SECURE | MAINTAIN_BASELINE_PRIVACY_BUDGET | 200
PRIV-03621 | 0.8286 | 3.1942 | 0.4915 | DATA_PRIVACY_SECURE | MAINTAIN_BASELINE_PRIVACY_BUDGET | 200
PRIV-03622 | 0.8313 | 0.3406 | 0.3497 | DATA_PRIVACY_SECURE | MAINTAIN_BASELINE_PRIVACY_BUDGET | 200
PRIV-03623 | 0.8649 | 2.6946 | 0.527 | DATA_PRIVACY_SECURE | MAINTAIN_BASELINE_PRIVACY_BUDGET | 200
PRIV-03624 | 0.8982 | 2.8345 | 0.6862 | DATA_PRIVACY_SECURE | MAINTAIN_BASELINE_PRIVACY_BUDGET | 200
PRIV-03625 | 0.7346 | 3.4569 | 0.4601 | DATA_PRIVACY_SECURE | MAINTAIN_BASELINE_PRIVACY_BUDGET | 200
PRIV-03626 | 0.8346 | 1.0777 | 0.3958 | DATA_PRIVACY_SECURE | MAINTAIN_BASELINE_PRIVACY_BUDGET | 200
PRIV-03627 | 0.8795 | 1.5898 | 0.5316 | DATA_PRIVACY_SECURE | MAINTAIN_BASELINE_PRIVACY_BUDGET | 200
PRIV-03628 | 0.5193 | 1.1022 | 0.1357 | DATA_PRIVACY_SECURE | MAINTAIN_BASELINE_PRIVACY_BUDGET | 200
PRIV-03629 | 0.8952 | 2.1625 | 0.5817 | DATA_PRIVACY_SECURE | MAINTAIN_BASELINE_PRIVACY_BUDGET | 200
PRIV-03630 | 0.5797 | 1.7611 | 0.1409 | DATA_PRIVACY_SECURE | MAINTAIN_BASELINE_PRIVACY_BUDGET | 200
PRIV-03631 | 0.7186 | 2.7030 | 0.3716 | DATA_PRIVACY_SECURE | MAINTAIN_BASELINE_PRIVACY_BUDGET | 200
PRIV-03632 | 0.8411 | 1.9208 | 0.4937 | DATA_PRIVACY_SECURE | MAINTAIN_BASELINE_PRIVACY_BUDGET | 200
PRIV-03633 | 0.6505 | 2.9417 | 0.2521 | DATA_PRIVACY_SECURE | MAINTAIN_BASELINE_PRIVACY_BUDGET | 200
PRIV-03634 | 0.7265 | 1.0688 | 0.3152 | DATA_PRIVACY_SECURE | MAINTAIN_BASELINE_PRIVACY_BUDGET | 200
PRIV-03635 | 0.6800 | 3.2383 | 0.3195 | DATA_PRIVACY_SECURE | MAINTAIN_BASELINE_PRIVACY_BUDGET | 200
PRIV-03636 | 0.9403 | 3.0912 | 0.8059 | CRITICAL_MEMORIZATION_LEAK_HAZARD | TRIGGER_DYNAMIC_DIFFERENTIAL_PRIVACY_NOISE | 422
PRIV-03637 | 0.8583 | 1.5481 | 0.5078 | DATA_PRIVACY_SECURE | MAINTAIN_BASELINE_PRIVACY_BUDGET | 200
PRIV-03638 | 0.8593 | 2.8969 | 0.616 | DATA_PRIVACY_SECURE | MAINTAIN_BASELINE_PRIVACY_BUDGET | 200
PRIV-03639 | 0.9037 | 1.3210 | 0.5777 | DATA_PRIVACY_SECURE | MAINTAIN_BASELINE_PRIVACY_BUDGET | 200
PRIV-03640 | 0.6394 | 0.8105 | 0.1993 | DATA_PRIVACY_SECURE | MAINTAIN_BASELINE_PRIVACY_BUDGET | 200
PRIV-03641 | 0.5949 | 2.6647 | 0.1769 | DATA_PRIVACY_SECURE | MAINTAIN_BASELINE_PRIVACY_BUDGET | 200
PRIV-03642 | 0.9028 | 0.2358 | 0.4038 | DATA_PRIVACY_SECURE | MAINTAIN_BASELINE_PRIVACY_BUDGET | 200
PRIV-03643 | 0.6704 | 3.1508 | 0.2494 | DATA_PRIVACY_SECURE | MAINTAIN_BASELINE_PRIVACY_BUDGET | 200
PRIV-03644 | 0.9053 | 3.3183 | 0.7145 | DATA_PRIVACY_SECURE | MAINTAIN_BASELINE_PRIVACY_BUDGET | 200
PRIV-03645 | 0.5642 | 1.6158 | 0.1174 | DATA_PRIVACY_SECURE | MAINTAIN_BASELINE_PRIVACY_BUDGET | 200
PRIV-03646 | 0.9549 | 0.6113 | 0.5199 | DATA_PRIVACY_SECURE | MAINTAIN_BASELINE_PRIVACY_BUDGET | 200
PRIV-03647 | 0.7372 | 1.4318 | 0.3338 | DATA_PRIVACY_SECURE | MAINTAIN_BASELINE_PRIVACY_BUDGET | 200
PRIV-03648 | 0.7195 | 2.5561 | 0.3541 | DATA_PRIVACY_SECURE | MAINTAIN_BASELINE_PRIVACY_BUDGET | 200
PRIV-03649 | 0.5020 | 0.2103 | 0.1012 | DATA_PRIVACY_SECURE | MAINTAIN_BASELINE_PRIVACY_BUDGET | 200
PRIV-03650 | 0.7359 | 0.4840 | 0.2294 | DATA_PRIVACY_SECURE | MAINTAIN_BASELINE_PRIVACY_BUDGET | 200
PRIV-03651 | 0.9387 | 2.1781 | 0.7594 | DATA_PRIVACY_SECURE | MAINTAIN_BASELINE_PRIVACY_BUDGET | 200
PRIV-03652 | 0.7698 | 0.7730 | 0.3341 | DATA_PRIVACY_SECURE | MAINTAIN_BASELINE_PRIVACY_BUDGET | 200
PRIV-03653 | 0.7618 | 1.8801 | 0.4014 | DATA_PRIVACY_SECURE | MAINTAIN_BASELINE_PRIVACY_BUDGET | 200
PRIV-03654 | 0.6425 | 1.8009 | 0.1946 | DATA_PRIVACY_SECURE | MAINTAIN_BASELINE_PRIVACY_BUDGET | 200
PRIV-03655 | 0.6812 | 1.8571 | 0.2793 | DATA_PRIVACY_SECURE | MAINTAIN_BASELINE_PRIVACY_BUDGET | 200
PRIV-03656 | 0.5793 | 2.5011 | 0.1943 | DATA_PRIVACY_SECURE | MAINTAIN_BASELINE_PRIVACY_BUDGET | 200
PRIV-03657 | 0.6988 | 2.1458 | 0.3057 | DATA_PRIVACY_SECURE | MAINTAIN_BASELINE_PRIVACY_BUDGET | 200
PRIV-03658 | 0.8815 | 2.9994 | 0.5689 | DATA_PRIVACY_SECURE | MAINTAIN_BASELINE_PRIVACY_BUDGET | 200
PRIV-03659 | 0.6869 | 1.3885 | 0.2658 | DATA_PRIVACY_SECURE | MAINTAIN_BASELINE_PRIVACY_BUDGET | 200
PRIV-03660 | 0.5505 | 3.4179 | 0.2501 | DATA_PRIVACY_SECURE | MAINTAIN_BASELINE_PRIVACY_BUDGET | 200
PRIV-03661 | 0.8239 | 2.3406 | 0.4957 | DATA_PRIVACY_SECURE | MAINTAIN_BASELINE_PRIVACY_BUDGET | 200
PRIV-03662 | 0.8510 | 3.0835 | 0.5602 | DATA_PRIVACY_SECURE | MAINTAIN_BASELINE_PRIVACY_BUDGET | 200
PRIV-03663 | 0.8487 | 3.3638 | 0.6059 | DATA_PRIVACY_SECURE | MAINTAIN_BASELINE_PRIVACY_BUDGET | 200
PRIV-03664 | 0.6871 | 1.0758 | 0.2544 | DATA_PRIVACY_SECURE | MAINTAIN_BASELINE_PRIVACY_BUDGET | 200
PRIV-03665 | 0.5774 | 2.3629 | 0.2237 | DATA_PRIVACY_SECURE | MAINTAIN_BASELINE_PRIVACY_BUDGET | 200
PRIV-03666 | 0.5332 | 1.4931 | 0.0734 | DATA_PRIVACY_SECURE | MAINTAIN_BASELINE_PRIVACY_BUDGET | 200
PRIV-03667 | 0.7760 | 0.8304 | 0.3547 | DATA_PRIVACY_SECURE | MAINTAIN_BASELINE_PRIVACY_BUDGET | 200
PRIV-03668 | 0.8431 | 3.0878 | 0.5968 | DATA_PRIVACY_SECURE | MAINTAIN_BASELINE_PRIVACY_BUDGET | 200
PRIV-03669 | 0.9839 | 1.1653 | 0.7203 | DATA_PRIVACY_SECURE | MAINTAIN_BASELINE_PRIVACY_BUDGET | 200
PRIV-03670 | 0.7303 | 0.8296 | 0.2847 | DATA_PRIVACY_SECURE | MAINTAIN_BASELINE_PRIVACY_BUDGET | 200
PRIV-03671 | 0.8706 | 2.8216 | 0.6639 | DATA_PRIVACY_SECURE | MAINTAIN_BASELINE_PRIVACY_BUDGET | 200
PRIV-03672 | 0.7048 | 1.1910 | 0.3034 | DATA_PRIVACY_SECURE | MAINTAIN_BASELINE_PRIVACY_BUDGET | 200
PRIV-03673 | 0.7995 | 1.5483 | 0.3757 | DATA_PRIVACY_SECURE | MAINTAIN_BASELINE_PRIVACY_BUDGET | 200
PRIV-03674 | 0.9462 | 1.4279 | 0.716 | DATA_PRIVACY_SECURE | MAINTAIN_BASELINE_PRIVACY_BUDGET | 200
PRIV-03675 | 0.9264 | 0.1732 | 0.4292 | DATA_PRIVACY_SECURE | MAINTAIN_BASELINE_PRIVACY_BUDGET | 200
PRIV-03676 | 0.9009 | 2.9014 | 0.6961 | DATA_PRIVACY_SECURE | MAINTAIN_BASELINE_PRIVACY_BUDGET | 200
PRIV-03677 | 0.9605 | 0.3299 | 0.5184 | DATA_PRIVACY_SECURE | MAINTAIN_BASELINE_PRIVACY_BUDGET | 200
PRIV-03678 | 0.7200 | 0.6629 | 0.2403 | DATA_PRIVACY_SECURE | MAINTAIN_BASELINE_PRIVACY_BUDGET | 200
PRIV-03679 | 0.5356 | 1.4570 | 0.1723 | DATA_PRIVACY_SECURE | MAINTAIN_BASELINE_PRIVACY_BUDGET | 200
PRIV-03680 | 0.9519 | 3.2721 | 0.8277 | CRITICAL_MEMORIZATION_LEAK_HAZARD | TRIGGER_DYNAMIC_DIFFERENTIAL_PRIVACY_NOISE | 422
PRIV-03681 | 0.9804 | 2.3929 | 0.8187 | CRITICAL_MEMORIZATION_LEAK_HAZARD | TRIGGER_DYNAMIC_DIFFERENTIAL_PRIVACY_NOISE | 422
PRIV-03682 | 0.6838 | 2.8959 | 0.2872 | DATA_PRIVACY_SECURE | MAINTAIN_BASELINE_PRIVACY_BUDGET | 200
PRIV-03683 | 0.9991 | 2.5277 | 0.9308 | CRITICAL_MEMORIZATION_LEAK_HAZARD | TRIGGER_DYNAMIC_DIFFERENTIAL_PRIVACY_NOISE | 422
PRIV-03684 | 0.6243 | 2.3651 | 0.2716 | DATA_PRIVACY_SECURE | MAINTAIN_BASELINE_PRIVACY_BUDGET | 200
PRIV-03685 | 0.5047 | 0.3897 | 0.1008 | DATA_PRIVACY_SECURE | MAINTAIN_BASELINE_PRIVACY_BUDGET | 200
PRIV-03686 | 0.8297 | 0.9152 | 0.3738 | DATA_PRIVACY_SECURE | MAINTAIN_BASELINE_PRIVACY_BUDGET | 200
PRIV-03687 | 0.6522 | 1.0286 | 0.3037 | DATA_PRIVACY_SECURE | MAINTAIN_BASELINE_PRIVACY_BUDGET | 200
PRIV-03688 | 0.8755 | 0.5392 | 0.4345 | DATA_PRIVACY_SECURE | MAINTAIN_BASELINE_PRIVACY_BUDGET | 200
PRIV-03689 | 0.7155 | 2.8949 | 0.3982 | DATA_PRIVACY_SECURE | MAINTAIN_BASELINE_PRIVACY_BUDGET | 200
PRIV-03690 | 0.6720 | 2.5358 | 0.2751 | DATA_PRIVACY_SECURE | MAINTAIN_BASELINE_PRIVACY_BUDGET | 200
PRIV-03691 | 0.7621 | 2.9058 | 0.4411 | DATA_PRIVACY_SECURE | MAINTAIN_BASELINE_PRIVACY_BUDGET | 200
PRIV-03692 | 0.7453 | 3.3586 | 0.4336 | DATA_PRIVACY_SECURE | MAINTAIN_BASELINE_PRIVACY_BUDGET | 200
PRIV-03693 | 0.5094 | 1.0437 | 0.1465 | DATA_PRIVACY_SECURE | MAINTAIN_BASELINE_PRIVACY_BUDGET | 200
PRIV-03694 | 0.7795 | 1.8646 | 0.4524 | DATA_PRIVACY_SECURE | MAINTAIN_BASELINE_PRIVACY_BUDGET | 200
PRIV-03695 | 0.6473 | 3.1319 | 0.2948 | DATA_PRIVACY_SECURE | MAINTAIN_BASELINE_PRIVACY_BUDGET | 200
PRIV-03696 | 0.7924 | 0.2874 | 0.2717 | DATA_PRIVACY_SECURE | MAINTAIN_BASELINE_PRIVACY_BUDGET | 200
PRIV-03697 | 0.8200 | 2.3129 | 0.4789 | DATA_PRIVACY_SECURE | MAINTAIN_BASELINE_PRIVACY_BUDGET | 200
PRIV-03698 | 0.8667 | 0.9642 | 0.4846 | DATA_PRIVACY_SECURE | MAINTAIN_BASELINE_PRIVACY_BUDGET | 200
PRIV-03699 | 0.5382 | 1.3392 | 0.1609 | DATA_PRIVACY_SECURE | MAINTAIN_BASELINE_PRIVACY_BUDGET | 200
PRIV-03700 | 0.8118 | 2.9357 | 0.499 | DATA_PRIVACY_SECURE | MAINTAIN_BASELINE_PRIVACY_BUDGET | 200
PRIV-03701 | 0.5211 | 2.7973 | 0.1759 | DATA_PRIVACY_SECURE | MAINTAIN_BASELINE_PRIVACY_BUDGET | 200
PRIV-03702 | 0.9507 | 3.2314 | 0.8847 | CRITICAL_MEMORIZATION_LEAK_HAZARD | TRIGGER_DYNAMIC_DIFFERENTIAL_PRIVACY_NOISE | 422
PRIV-03703 | 0.5197 | 1.6495 | 0.0811 | DATA_PRIVACY_SECURE | MAINTAIN_BASELINE_PRIVACY_BUDGET | 200
PRIV-03704 | 0.8528 | 0.2004 | 0.3077 | DATA_PRIVACY_SECURE | MAINTAIN_BASELINE_PRIVACY_BUDGET | 200
PRIV-03705 | 0.7702 | 1.8731 | 0.3905 | DATA_PRIVACY_SECURE | MAINTAIN_BASELINE_PRIVACY_BUDGET | 200
PRIV-03706 | 0.8618 | 3.1065 | 0.6249 | DATA_PRIVACY_SECURE | MAINTAIN_BASELINE_PRIVACY_BUDGET | 200
PRIV-03707 | 0.9774 | 0.2898 | 0.513 | DATA_PRIVACY_SECURE | MAINTAIN_BASELINE_PRIVACY_BUDGET | 200
PRIV-03708 | 0.5584 | 3.0984 | 0.2207 | DATA_PRIVACY_SECURE | MAINTAIN_BASELINE_PRIVACY_BUDGET | 200
PRIV-03709 | 0.8464 | 2.6647 | 0.5838 | DATA_PRIVACY_SECURE | MAINTAIN_BASELINE_PRIVACY_BUDGET | 200
PRIV-03710 | 0.7337 | 1.6153 | 0.3311 | DATA_PRIVACY_SECURE | MAINTAIN_BASELINE_PRIVACY_BUDGET | 200
PRIV-03711 | 0.9674 | 0.1231 | 0.4231 | DATA_PRIVACY_SECURE | MAINTAIN_BASELINE_PRIVACY_BUDGET | 200
PRIV-03712 | 0.5820 | 2.8260 | 0.1335 | DATA_PRIVACY_SECURE | MAINTAIN_BASELINE_PRIVACY_BUDGET | 200
PRIV-03713 | 0.9615 | 2.2288 | 0.8138 | CRITICAL_MEMORIZATION_LEAK_HAZARD | TRIGGER_DYNAMIC_DIFFERENTIAL_PRIVACY_NOISE | 422
PRIV-03714 | 0.8373 | 2.5680 | 0.4598 | DATA_PRIVACY_SECURE | MAINTAIN_BASELINE_PRIVACY_BUDGET | 200
PRIV-03715 | 0.6346 | 2.8882 | 0.2826 | DATA_PRIVACY_SECURE | MAINTAIN_BASELINE_PRIVACY_BUDGET | 200
PRIV-03716 | 0.7533 | 1.7650 | 0.3586 | DATA_PRIVACY_SECURE | MAINTAIN_BASELINE_PRIVACY_BUDGET | 200
PRIV-03717 | 0.9902 | 0.3667 | 0.7032 | DATA_PRIVACY_SECURE | MAINTAIN_BASELINE_PRIVACY_BUDGET | 200
PRIV-03718 | 0.8387 | 2.8066 | 0.6487 | DATA_PRIVACY_SECURE | MAINTAIN_BASELINE_PRIVACY_BUDGET | 200
PRIV-03719 | 0.9768 | 0.8059 | 0.637 | DATA_PRIVACY_SECURE | MAINTAIN_BASELINE_PRIVACY_BUDGET | 200
PRIV-03720 | 0.9472 | 0.5927 | 0.543 | DATA_PRIVACY_SECURE | MAINTAIN_BASELINE_PRIVACY_BUDGET | 200
PRIV-03721 | 0.9982 | 1.9932 | 0.9152 | CRITICAL_MEMORIZATION_LEAK_HAZARD | TRIGGER_DYNAMIC_DIFFERENTIAL_PRIVACY_NOISE | 422
PRIV-03722 | 0.8275 | 3.0285 | 0.6085 | DATA_PRIVACY_SECURE | MAINTAIN_BASELINE_PRIVACY_BUDGET | 200
PRIV-03723 | 0.6814 | 2.9321 | 0.2348 | DATA_PRIVACY_SECURE | MAINTAIN_BASELINE_PRIVACY_BUDGET | 200
PRIV-03724 | 0.8825 | 1.5921 | 0.4996 | DATA_PRIVACY_SECURE | MAINTAIN_BASELINE_PRIVACY_BUDGET | 200
PRIV-03725 | 0.6714 | 0.7279 | 0.1792 | DATA_PRIVACY_SECURE | MAINTAIN_BASELINE_PRIVACY_BUDGET | 200
PRIV-03726 | 0.8014 | 2.8138 | 0.5089 | DATA_PRIVACY_SECURE | MAINTAIN_BASELINE_PRIVACY_BUDGET | 200
PRIV-03727 | 0.6538 | 0.6362 | 0.2026 | DATA_PRIVACY_SECURE | MAINTAIN_BASELINE_PRIVACY_BUDGET | 200
PRIV-03728 | 0.7247 | 3.0893 | 0.4068 | DATA_PRIVACY_SECURE | MAINTAIN_BASELINE_PRIVACY_BUDGET | 200
PRIV-03729 | 0.6454 | 1.1121 | 0.1543 | DATA_PRIVACY_SECURE | MAINTAIN_BASELINE_PRIVACY_BUDGET | 200
PRIV-03730 | 0.7639 | 2.1543 | 0.3068 | DATA_PRIVACY_SECURE | MAINTAIN_BASELINE_PRIVACY_BUDGET | 200
PRIV-03731 | 0.9564 | 2.8542 | 0.8616 | CRITICAL_MEMORIZATION_LEAK_HAZARD | TRIGGER_DYNAMIC_DIFFERENTIAL_PRIVACY_NOISE | 422
PRIV-03732 | 0.8982 | 0.5402 | 0.4248 | DATA_PRIVACY_SECURE | MAINTAIN_BASELINE_PRIVACY_BUDGET | 200
PRIV-03733 | 0.5537 | 0.3197 | 0.0176 | DATA_PRIVACY_SECURE | MAINTAIN_BASELINE_PRIVACY_BUDGET | 200
PRIV-03734 | 0.6644 | 1.9943 | 0.2639 | DATA_PRIVACY_SECURE | MAINTAIN_BASELINE_PRIVACY_BUDGET | 200
PRIV-03735 | 0.6396 | 0.4124 | 0.1891 | DATA_PRIVACY_SECURE | MAINTAIN_BASELINE_PRIVACY_BUDGET | 200
PRIV-03736 | 0.9303 | 3.1721 | 0.7679 | CRITICAL_MEMORIZATION_LEAK_HAZARD | TRIGGER_DYNAMIC_DIFFERENTIAL_PRIVACY_NOISE | 422
PRIV-03737 | 0.5459 | 0.9453 | 0.0988 | DATA_PRIVACY_SECURE | MAINTAIN_BASELINE_PRIVACY_BUDGET | 200
PRIV-03738 | 0.6146 | 3.0950 | 0.2157 | DATA_PRIVACY_SECURE | MAINTAIN_BASELINE_PRIVACY_BUDGET | 200
PRIV-03739 | 0.5806 | 0.2430 | 0.0948 | DATA_PRIVACY_SECURE | MAINTAIN_BASELINE_PRIVACY_BUDGET | 200
PRIV-03740 | 0.5666 | 1.2910 | 0.0888 | DATA_PRIVACY_SECURE | MAINTAIN_BASELINE_PRIVACY_BUDGET | 200
PRIV-03741 | 0.8900 | 2.4242 | 0.6191 | DATA_PRIVACY_SECURE | MAINTAIN_BASELINE_PRIVACY_BUDGET | 200
PRIV-03742 | 0.6543 | 0.8113 | 0.2148 | DATA_PRIVACY_SECURE | MAINTAIN_BASELINE_PRIVACY_BUDGET | 200
PRIV-03743 | 0.8741 | 2.1238 | 0.6094 | DATA_PRIVACY_SECURE | MAINTAIN_BASELINE_PRIVACY_BUDGET | 200
PRIV-03744 | 0.7972 | 3.0217 | 0.4898 | DATA_PRIVACY_SECURE | MAINTAIN_BASELINE_PRIVACY_BUDGET | 200
PRIV-03745 | 0.5858 | 1.4871 | 0.1241 | DATA_PRIVACY_SECURE | MAINTAIN_BASELINE_PRIVACY_BUDGET | 200
PRIV-03746 | 0.8210 | 0.6070 | 0.351 | DATA_PRIVACY_SECURE | MAINTAIN_BASELINE_PRIVACY_BUDGET | 200
PRIV-03747 | 0.6313 | 3.3962 | 0.1564 | DATA_PRIVACY_SECURE | MAINTAIN_BASELINE_PRIVACY_BUDGET | 200
PRIV-03748 | 0.8903 | 3.2058 | 0.6852 | DATA_PRIVACY_SECURE | MAINTAIN_BASELINE_PRIVACY_BUDGET | 200
PRIV-03749 | 0.5027 | 0.8767 | 0.1468 | DATA_PRIVACY_SECURE | MAINTAIN_BASELINE_PRIVACY_BUDGET | 200
PRIV-03750 | 0.9708 | 2.3381 | 0.7755 | CRITICAL_MEMORIZATION_LEAK_HAZARD | TRIGGER_DYNAMIC_DIFFERENTIAL_PRIVACY_NOISE | 422
PRIV-03751 | 0.5730 | 1.9019 | 0.1403 | DATA_PRIVACY_SECURE | MAINTAIN_BASELINE_PRIVACY_BUDGET | 200
PRIV-03752 | 0.6594 | 0.4311 | 0.187 | DATA_PRIVACY_SECURE | MAINTAIN_BASELINE_PRIVACY_BUDGET | 200
PRIV-03753 | 0.7158 | 2.8302 | 0.3964 | DATA_PRIVACY_SECURE | MAINTAIN_BASELINE_PRIVACY_BUDGET | 200
PRIV-03754 | 0.7139 | 0.9035 | 0.241 | DATA_PRIVACY_SECURE | MAINTAIN_BASELINE_PRIVACY_BUDGET | 200
PRIV-03755 | 0.6269 | 2.6483 | 0.2024 | DATA_PRIVACY_SECURE | MAINTAIN_BASELINE_PRIVACY_BUDGET | 200
PRIV-03756 | 0.9978 | 2.5896 | 0.8454 | CRITICAL_MEMORIZATION_LEAK_HAZARD | TRIGGER_DYNAMIC_DIFFERENTIAL_PRIVACY_NOISE | 422
PRIV-03757 | 0.6590 | 2.5499 | 0.2696 | DATA_PRIVACY_SECURE | MAINTAIN_BASELINE_PRIVACY_BUDGET | 200
PRIV-03758 | 0.5481 | 2.9704 | 0.2383 | DATA_PRIVACY_SECURE | MAINTAIN_BASELINE_PRIVACY_BUDGET | 200
PRIV-03759 | 0.9812 | 2.6235 | 0.892 | CRITICAL_MEMORIZATION_LEAK_HAZARD | TRIGGER_DYNAMIC_DIFFERENTIAL_PRIVACY_NOISE | 422
PRIV-03760 | 0.8829 | 1.8117 | 0.5907 | DATA_PRIVACY_SECURE | MAINTAIN_BASELINE_PRIVACY_BUDGET | 200
PRIV-03761 | 0.9254 | 2.4429 | 0.742 | DATA_PRIVACY_SECURE | MAINTAIN_BASELINE_PRIVACY_BUDGET | 200
PRIV-03762 | 0.6042 | 0.4966 | 0.1367 | DATA_PRIVACY_SECURE | MAINTAIN_BASELINE_PRIVACY_BUDGET | 200
PRIV-03763 | 0.5586 | 2.7986 | 0.1318 | DATA_PRIVACY_SECURE | MAINTAIN_BASELINE_PRIVACY_BUDGET | 200
PRIV-03764 | 0.9838 | 0.6624 | 0.6611 | DATA_PRIVACY_SECURE | MAINTAIN_BASELINE_PRIVACY_BUDGET | 200
PRIV-03765 | 0.9696 | 3.3383 | 0.8892 | CRITICAL_MEMORIZATION_LEAK_HAZARD | TRIGGER_DYNAMIC_DIFFERENTIAL_PRIVACY_NOISE | 422
PRIV-03766 | 0.5637 | 2.8513 | 0.1701 | DATA_PRIVACY_SECURE | MAINTAIN_BASELINE_PRIVACY_BUDGET | 200
PRIV-03767 | 0.7584 | 0.8945 | 0.2706 | DATA_PRIVACY_SECURE | MAINTAIN_BASELINE_PRIVACY_BUDGET | 200
PRIV-03768 | 0.8471 | 0.9239 | 0.4872 | DATA_PRIVACY_SECURE | MAINTAIN_BASELINE_PRIVACY_BUDGET | 200
PRIV-03769 | 0.5531 | 1.4105 | 0.1626 | DATA_PRIVACY_SECURE | MAINTAIN_BASELINE_PRIVACY_BUDGET | 200
PRIV-03770 | 0.5891 | 1.7101 | 0.151 | DATA_PRIVACY_SECURE | MAINTAIN_BASELINE_PRIVACY_BUDGET | 200
PRIV-03771 | 0.5336 | 2.4627 | 0.1801 | DATA_PRIVACY_SECURE | MAINTAIN_BASELINE_PRIVACY_BUDGET | 200
PRIV-03772 | 0.6700 | 1.9644 | 0.2439 | DATA_PRIVACY_SECURE | MAINTAIN_BASELINE_PRIVACY_BUDGET | 200
PRIV-03773 | 0.5993 | 3.2477 | 0.1759 | DATA_PRIVACY_SECURE | MAINTAIN_BASELINE_PRIVACY_BUDGET | 200
PRIV-03774 | 0.6691 | 2.1334 | 0.2374 | DATA_PRIVACY_SECURE | MAINTAIN_BASELINE_PRIVACY_BUDGET | 200
PRIV-03775 | 0.5247 | 0.2874 | 0.0117 | DATA_PRIVACY_SECURE | MAINTAIN_BASELINE_PRIVACY_BUDGET | 200
PRIV-03776 | 0.9650 | 1.3873 | 0.7379 | DATA_PRIVACY_SECURE | MAINTAIN_BASELINE_PRIVACY_BUDGET | 200
PRIV-03777 | 0.6541 | 1.1970 | 0.1417 | DATA_PRIVACY_SECURE | MAINTAIN_BASELINE_PRIVACY_BUDGET | 200
PRIV-03778 | 0.9819 | 1.2596 | 0.6883 | DATA_PRIVACY_SECURE | MAINTAIN_BASELINE_PRIVACY_BUDGET | 200
PRIV-03779 | 0.5422 | 0.5902 | 0.0196 | DATA_PRIVACY_SECURE | MAINTAIN_BASELINE_PRIVACY_BUDGET | 200
PRIV-03780 | 0.7057 | 2.5002 | 0.3213 | DATA_PRIVACY_SECURE | MAINTAIN_BASELINE_PRIVACY_BUDGET | 200
PRIV-03781 | 0.7345 | 0.7897 | 0.2665 | DATA_PRIVACY_SECURE | MAINTAIN_BASELINE_PRIVACY_BUDGET | 200
PRIV-03782 | 0.7828 | 1.6976 | 0.3924 | DATA_PRIVACY_SECURE | MAINTAIN_BASELINE_PRIVACY_BUDGET | 200
PRIV-03783 | 0.5896 | 1.5862 | 0.1284 | DATA_PRIVACY_SECURE | MAINTAIN_BASELINE_PRIVACY_BUDGET | 200
PRIV-03784 | 0.6647 | 1.6678 | 0.2002 | DATA_PRIVACY_SECURE | MAINTAIN_BASELINE_PRIVACY_BUDGET | 200
PRIV-03785 | 0.9265 | 1.9426 | 0.7142 | DATA_PRIVACY_SECURE | MAINTAIN_BASELINE_PRIVACY_BUDGET | 200
PRIV-03786 | 0.7296 | 1.3092 | 0.2837 | DATA_PRIVACY_SECURE | MAINTAIN_BASELINE_PRIVACY_BUDGET | 200
PRIV-03787 | 0.6491 | 3.2227 | 0.2756 | DATA_PRIVACY_SECURE | MAINTAIN_BASELINE_PRIVACY_BUDGET | 200
PRIV-03788 | 0.9209 | 1.7998 | 0.6348 | DATA_PRIVACY_SECURE | MAINTAIN_BASELINE_PRIVACY_BUDGET | 200
PRIV-03789 | 0.6365 | 2.5454 | 0.2463 | DATA_PRIVACY_SECURE | MAINTAIN_BASELINE_PRIVACY_BUDGET | 200
PRIV-03790 | 0.7217 | 2.7135 | 0.4047 | DATA_PRIVACY_SECURE | MAINTAIN_BASELINE_PRIVACY_BUDGET | 200
PRIV-03791 | 0.5305 | 1.2384 | 0.1392 | DATA_PRIVACY_SECURE | MAINTAIN_BASELINE_PRIVACY_BUDGET | 200
PRIV-03792 | 0.7878 | 3.2554 | 0.4542 | DATA_PRIVACY_SECURE | MAINTAIN_BASELINE_PRIVACY_BUDGET | 200
PRIV-03793 | 0.9086 | 0.6420 | 0.5017 | DATA_PRIVACY_SECURE | MAINTAIN_BASELINE_PRIVACY_BUDGET | 200
PRIV-03794 | 0.6916 | 3.1771 | 0.308 | DATA_PRIVACY_SECURE | MAINTAIN_BASELINE_PRIVACY_BUDGET | 200
PRIV-03795 | 0.8392 | 0.4035 | 0.3547 | DATA_PRIVACY_SECURE | MAINTAIN_BASELINE_PRIVACY_BUDGET | 200
PRIV-03796 | 0.5003 | 0.1390 | 0.0539 | DATA_PRIVACY_SECURE | MAINTAIN_BASELINE_PRIVACY_BUDGET | 200
PRIV-03797 | 0.6057 | 0.1089 | 0.1106 | DATA_PRIVACY_SECURE | MAINTAIN_BASELINE_PRIVACY_BUDGET | 200
PRIV-03798 | 0.6595 | 1.8461 | 0.2562 | DATA_PRIVACY_SECURE | MAINTAIN_BASELINE_PRIVACY_BUDGET | 200
PRIV-03799 | 0.5228 | 3.0206 | 0.0965 | DATA_PRIVACY_SECURE | MAINTAIN_BASELINE_PRIVACY_BUDGET | 200
PRIV-03800 | 0.9214 | 0.2956 | 0.4079 | DATA_PRIVACY_SECURE | MAINTAIN_BASELINE_PRIVACY_BUDGET | 200
PRIV-03801 | 0.8902 | 0.3554 | 0.3593 | DATA_PRIVACY_SECURE | MAINTAIN_BASELINE_PRIVACY_BUDGET | 200
PRIV-03802 | 0.5002 | 2.3918 | 0.0507 | DATA_PRIVACY_SECURE | MAINTAIN_BASELINE_PRIVACY_BUDGET | 200
PRIV-03803 | 0.5275 | 0.7176 | 0.0499 | DATA_PRIVACY_SECURE | MAINTAIN_BASELINE_PRIVACY_BUDGET | 200
PRIV-03804 | 0.6669 | 2.2068 | 0.2736 | DATA_PRIVACY_SECURE | MAINTAIN_BASELINE_PRIVACY_BUDGET | 200
PRIV-03805 | 0.9332 | 0.6074 | 0.4904 | DATA_PRIVACY_SECURE | MAINTAIN_BASELINE_PRIVACY_BUDGET | 200
PRIV-03806 | 0.7824 | 3.3528 | 0.4833 | DATA_PRIVACY_SECURE | MAINTAIN_BASELINE_PRIVACY_BUDGET | 200
PRIV-03807 | 0.8329 | 3.0220 | 0.5523 | DATA_PRIVACY_SECURE | MAINTAIN_BASELINE_PRIVACY_BUDGET | 200
PRIV-03808 | 0.8989 | 1.7558 | 0.5406 | DATA_PRIVACY_SECURE | MAINTAIN_BASELINE_PRIVACY_BUDGET | 200
PRIV-03809 | 0.6687 | 2.7442 | 0.3071 | DATA_PRIVACY_SECURE | MAINTAIN_BASELINE_PRIVACY_BUDGET | 200
PRIV-03810 | 0.7450 | 1.3843 | 0.3631 | DATA_PRIVACY_SECURE | MAINTAIN_BASELINE_PRIVACY_BUDGET | 200
PRIV-03811 | 0.8889 | 0.4963 | 0.3968 | DATA_PRIVACY_SECURE | MAINTAIN_BASELINE_PRIVACY_BUDGET | 200
PRIV-03812 | 0.8562 | 3.4374 | 0.625 | DATA_PRIVACY_SECURE | MAINTAIN_BASELINE_PRIVACY_BUDGET | 200
PRIV-03813 | 0.5010 | 3.1190 | 0.0862 | DATA_PRIVACY_SECURE | MAINTAIN_BASELINE_PRIVACY_BUDGET | 200
PRIV-03814 | 0.9949 | 1.1885 | 0.7586 | DATA_PRIVACY_SECURE | MAINTAIN_BASELINE_PRIVACY_BUDGET | 200
PRIV-03815 | 0.6845 | 2.5198 | 0.2463 | DATA_PRIVACY_SECURE | MAINTAIN_BASELINE_PRIVACY_BUDGET | 200
PRIV-03816 | 0.9615 | 2.1391 | 0.7235 | DATA_PRIVACY_SECURE | MAINTAIN_BASELINE_PRIVACY_BUDGET | 200
PRIV-03817 | 0.8430 | 2.6476 | 0.5442 | DATA_PRIVACY_SECURE | MAINTAIN_BASELINE_PRIVACY_BUDGET | 200
PRIV-03818 | 0.6912 | 1.8042 | 0.2786 | DATA_PRIVACY_SECURE | MAINTAIN_BASELINE_PRIVACY_BUDGET | 200
PRIV-03819 | 0.8417 | 1.9279 | 0.5048 | DATA_PRIVACY_SECURE | MAINTAIN_BASELINE_PRIVACY_BUDGET | 200
PRIV-03820 | 0.9209 | 3.0675 | 0.6989 | DATA_PRIVACY_SECURE | MAINTAIN_BASELINE_PRIVACY_BUDGET | 200
PRIV-03821 | 0.5764 | 1.9578 | 0.1518 | DATA_PRIVACY_SECURE | MAINTAIN_BASELINE_PRIVACY_BUDGET | 200
PRIV-03822 | 0.7278 | 1.9500 | 0.3482 | DATA_PRIVACY_SECURE | MAINTAIN_BASELINE_PRIVACY_BUDGET | 200
PRIV-03823 | 0.7831 | 0.3423 | 0.279 | DATA_PRIVACY_SECURE | MAINTAIN_BASELINE_PRIVACY_BUDGET | 200
PRIV-03824 | 0.7389 | 1.9802 | 0.3618 | DATA_PRIVACY_SECURE | MAINTAIN_BASELINE_PRIVACY_BUDGET | 200
PRIV-03825 | 0.6711 | 1.0587 | 0.1976 | DATA_PRIVACY_SECURE | MAINTAIN_BASELINE_PRIVACY_BUDGET | 200
PRIV-03826 | 0.9690 | 0.7964 | 0.674 | DATA_PRIVACY_SECURE | MAINTAIN_BASELINE_PRIVACY_BUDGET | 200
PRIV-03827 | 0.8896 | 0.2116 | 0.3421 | DATA_PRIVACY_SECURE | MAINTAIN_BASELINE_PRIVACY_BUDGET | 200
PRIV-03828 | 0.7957 | 0.9096 | 0.3787 | DATA_PRIVACY_SECURE | MAINTAIN_BASELINE_PRIVACY_BUDGET | 200
PRIV-03829 | 0.7747 | 3.3481 | 0.4965 | DATA_PRIVACY_SECURE | MAINTAIN_BASELINE_PRIVACY_BUDGET | 200
PRIV-03830 | 0.5580 | 1.5380 | 0.1622 | DATA_PRIVACY_SECURE | MAINTAIN_BASELINE_PRIVACY_BUDGET | 200
PRIV-03831 | 0.8863 | 3.3173 | 0.6639 | DATA_PRIVACY_SECURE | MAINTAIN_BASELINE_PRIVACY_BUDGET | 200
PRIV-03832 | 0.7411 | 0.1640 | 0.199 | DATA_PRIVACY_SECURE | MAINTAIN_BASELINE_PRIVACY_BUDGET | 200
PRIV-03833 | 0.7052 | 1.2295 | 0.3128 | DATA_PRIVACY_SECURE | MAINTAIN_BASELINE_PRIVACY_BUDGET | 200
PRIV-03834 | 0.8771 | 2.1920 | 0.55 | DATA_PRIVACY_SECURE | MAINTAIN_BASELINE_PRIVACY_BUDGET | 200
PRIV-03835 | 0.9764 | 3.2818 | 0.8583 | CRITICAL_MEMORIZATION_LEAK_HAZARD | TRIGGER_DYNAMIC_DIFFERENTIAL_PRIVACY_NOISE | 422
PRIV-03836 | 0.9650 | 2.4975 | 0.8143 | CRITICAL_MEMORIZATION_LEAK_HAZARD | TRIGGER_DYNAMIC_DIFFERENTIAL_PRIVACY_NOISE | 422
PRIV-03837 | 0.7922 | 3.3990 | 0.5305 | DATA_PRIVACY_SECURE | MAINTAIN_BASELINE_PRIVACY_BUDGET | 200
PRIV-03838 | 0.7035 | 1.0858 | 0.2754 | DATA_PRIVACY_SECURE | MAINTAIN_BASELINE_PRIVACY_BUDGET | 200
PRIV-03839 | 0.6802 | 0.6049 | 0.1648 | DATA_PRIVACY_SECURE | MAINTAIN_BASELINE_PRIVACY_BUDGET | 200
PRIV-03840 | 0.8620 | 2.6217 | 0.5847 | DATA_PRIVACY_SECURE | MAINTAIN_BASELINE_PRIVACY_BUDGET | 200
PRIV-03841 | 0.9509 | 2.7729 | 0.7848 | CRITICAL_MEMORIZATION_LEAK_HAZARD | TRIGGER_DYNAMIC_DIFFERENTIAL_PRIVACY_NOISE | 422
PRIV-03842 | 0.6992 | 1.0907 | 0.2275 | DATA_PRIVACY_SECURE | MAINTAIN_BASELINE_PRIVACY_BUDGET | 200
PRIV-03843 | 0.6163 | 1.4803 | 0.2298 | DATA_PRIVACY_SECURE | MAINTAIN_BASELINE_PRIVACY_BUDGET | 200
PRIV-03844 | 0.8698 | 0.6217 | 0.3732 | DATA_PRIVACY_SECURE | MAINTAIN_BASELINE_PRIVACY_BUDGET | 200
PRIV-03845 | 0.5331 | 0.2934 | 0.1511 | DATA_PRIVACY_SECURE | MAINTAIN_BASELINE_PRIVACY_BUDGET | 200
PRIV-03846 | 0.6448 | 0.9789 | 0.228 | DATA_PRIVACY_SECURE | MAINTAIN_BASELINE_PRIVACY_BUDGET | 200
PRIV-03847 | 0.6369 | 0.1254 | 0.1809 | DATA_PRIVACY_SECURE | MAINTAIN_BASELINE_PRIVACY_BUDGET | 200
PRIV-03848 | 0.7299 | 0.3211 | 0.2069 | DATA_PRIVACY_SECURE | MAINTAIN_BASELINE_PRIVACY_BUDGET | 200
PRIV-03849 | 0.6709 | 0.1944 | 0.1596 | DATA_PRIVACY_SECURE | MAINTAIN_BASELINE_PRIVACY_BUDGET | 200
PRIV-03850 | 0.7685 | 1.6222 | 0.3216 | DATA_PRIVACY_SECURE | MAINTAIN_BASELINE_PRIVACY_BUDGET | 200
PRIV-03851 | 0.9140 | 0.3953 | 0.4353 | DATA_PRIVACY_SECURE | MAINTAIN_BASELINE_PRIVACY_BUDGET | 200
PRIV-03852 | 0.5330 | 3.1590 | 0.165 | DATA_PRIVACY_SECURE | MAINTAIN_BASELINE_PRIVACY_BUDGET | 200
PRIV-03853 | 0.9578 | 0.8575 | 0.6688 | DATA_PRIVACY_SECURE | MAINTAIN_BASELINE_PRIVACY_BUDGET | 200
PRIV-03854 | 0.9644 | 3.4509 | 0.825 | CRITICAL_MEMORIZATION_LEAK_HAZARD | TRIGGER_DYNAMIC_DIFFERENTIAL_PRIVACY_NOISE | 422
PRIV-03855 | 0.6944 | 1.5877 | 0.2633 | DATA_PRIVACY_SECURE | MAINTAIN_BASELINE_PRIVACY_BUDGET | 200
PRIV-03856 | 0.6210 | 1.8082 | 0.1997 | DATA_PRIVACY_SECURE | MAINTAIN_BASELINE_PRIVACY_BUDGET | 200
PRIV-03857 | 0.6838 | 2.8618 | 0.2466 | DATA_PRIVACY_SECURE | MAINTAIN_BASELINE_PRIVACY_BUDGET | 200
PRIV-03858 | 0.7163 | 1.4628 | 0.3221 | DATA_PRIVACY_SECURE | MAINTAIN_BASELINE_PRIVACY_BUDGET | 200
PRIV-03859 | 0.6909 | 1.2381 | 0.2267 | DATA_PRIVACY_SECURE | MAINTAIN_BASELINE_PRIVACY_BUDGET | 200
PRIV-03860 | 0.5647 | 0.8636 | 0.1188 | DATA_PRIVACY_SECURE | MAINTAIN_BASELINE_PRIVACY_BUDGET | 200
PRIV-03861 | 0.9975 | 0.9043 | 0.6885 | DATA_PRIVACY_SECURE | MAINTAIN_BASELINE_PRIVACY_BUDGET | 200
PRIV-03862 | 0.6148 | 3.2453 | 0.1921 | DATA_PRIVACY_SECURE | MAINTAIN_BASELINE_PRIVACY_BUDGET | 200
PRIV-03863 | 0.5907 | 2.7536 | 0.1935 | DATA_PRIVACY_SECURE | MAINTAIN_BASELINE_PRIVACY_BUDGET | 200
PRIV-03864 | 0.8596 | 0.4261 | 0.3756 | DATA_PRIVACY_SECURE | MAINTAIN_BASELINE_PRIVACY_BUDGET | 200
PRIV-03865 | 0.8684 | 2.3788 | 0.5844 | DATA_PRIVACY_SECURE | MAINTAIN_BASELINE_PRIVACY_BUDGET | 200
PRIV-03866 | 0.7990 | 1.4188 | 0.3816 | DATA_PRIVACY_SECURE | MAINTAIN_BASELINE_PRIVACY_BUDGET | 200
PRIV-03867 | 0.9599 | 0.4042 | 0.5432 | DATA_PRIVACY_SECURE | MAINTAIN_BASELINE_PRIVACY_BUDGET | 200
PRIV-03868 | 0.9320 | 1.7020 | 0.751 | DATA_PRIVACY_SECURE | MAINTAIN_BASELINE_PRIVACY_BUDGET | 200
PRIV-03869 | 0.6785 | 0.1659 | 0.1747 | DATA_PRIVACY_SECURE | MAINTAIN_BASELINE_PRIVACY_BUDGET | 200
PRIV-03870 | 0.5371 | 0.6046 | 0.14 | DATA_PRIVACY_SECURE | MAINTAIN_BASELINE_PRIVACY_BUDGET | 200
PRIV-03871 | 0.6532 | 0.1314 | 0.0929 | DATA_PRIVACY_SECURE | MAINTAIN_BASELINE_PRIVACY_BUDGET | 200
PRIV-03872 | 0.8694 | 1.6409 | 0.5567 | DATA_PRIVACY_SECURE | MAINTAIN_BASELINE_PRIVACY_BUDGET | 200
PRIV-03873 | 0.5982 | 0.8285 | 0.1051 | DATA_PRIVACY_SECURE | MAINTAIN_BASELINE_PRIVACY_BUDGET | 200
PRIV-03874 | 0.8098 | 2.4815 | 0.4309 | DATA_PRIVACY_SECURE | MAINTAIN_BASELINE_PRIVACY_BUDGET | 200
PRIV-03875 | 0.9924 | 1.9176 | 0.8225 | CRITICAL_MEMORIZATION_LEAK_HAZARD | TRIGGER_DYNAMIC_DIFFERENTIAL_PRIVACY_NOISE | 422
PRIV-03876 | 0.8692 | 1.3066 | 0.5644 | DATA_PRIVACY_SECURE | MAINTAIN_BASELINE_PRIVACY_BUDGET | 200
PRIV-03877 | 0.7434 | 1.1521 | 0.3502 | DATA_PRIVACY_SECURE | MAINTAIN_BASELINE_PRIVACY_BUDGET | 200
PRIV-03878 | 0.5697 | 0.1754 | 0.1103 | DATA_PRIVACY_SECURE | MAINTAIN_BASELINE_PRIVACY_BUDGET | 200
PRIV-03879 | 0.8946 | 2.3016 | 0.5894 | DATA_PRIVACY_SECURE | MAINTAIN_BASELINE_PRIVACY_BUDGET | 200
PRIV-03880 | 0.7407 | 2.6497 | 0.3718 | DATA_PRIVACY_SECURE | MAINTAIN_BASELINE_PRIVACY_BUDGET | 200
PRIV-03881 | 0.9721 | 2.3561 | 0.8511 | CRITICAL_MEMORIZATION_LEAK_HAZARD | TRIGGER_DYNAMIC_DIFFERENTIAL_PRIVACY_NOISE | 422
PRIV-03882 | 0.5522 | 0.6357 | 0.1171 | DATA_PRIVACY_SECURE | MAINTAIN_BASELINE_PRIVACY_BUDGET | 200
PRIV-03883 | 0.6707 | 2.8680 | 0.2117 | DATA_PRIVACY_SECURE | MAINTAIN_BASELINE_PRIVACY_BUDGET | 200
PRIV-03884 | 0.9522 | 1.4334 | 0.6614 | DATA_PRIVACY_SECURE | MAINTAIN_BASELINE_PRIVACY_BUDGET | 200
PRIV-03885 | 0.6519 | 1.9222 | 0.2391 | DATA_PRIVACY_SECURE | MAINTAIN_BASELINE_PRIVACY_BUDGET | 200
PRIV-03886 | 0.9887 | 0.8456 | 0.6977 | DATA_PRIVACY_SECURE | MAINTAIN_BASELINE_PRIVACY_BUDGET | 200
PRIV-03887 | 0.7154 | 2.8057 | 0.2574 | DATA_PRIVACY_SECURE | MAINTAIN_BASELINE_PRIVACY_BUDGET | 200
PRIV-03888 | 0.9641 | 1.7139 | 0.7529 | DATA_PRIVACY_SECURE | MAINTAIN_BASELINE_PRIVACY_BUDGET | 200
PRIV-03889 | 0.5238 | 0.7848 | 0.1044 | DATA_PRIVACY_SECURE | MAINTAIN_BASELINE_PRIVACY_BUDGET | 200
PRIV-03890 | 0.5748 | 2.2756 | 0.2062 | DATA_PRIVACY_SECURE | MAINTAIN_BASELINE_PRIVACY_BUDGET | 200
PRIV-03891 | 0.8883 | 1.3351 | 0.5827 | DATA_PRIVACY_SECURE | MAINTAIN_BASELINE_PRIVACY_BUDGET | 200
PRIV-03892 | 0.6978 | 2.0787 | 0.3253 | DATA_PRIVACY_SECURE | MAINTAIN_BASELINE_PRIVACY_BUDGET | 200
PRIV-03893 | 0.7906 | 2.4337 | 0.4222 | DATA_PRIVACY_SECURE | MAINTAIN_BASELINE_PRIVACY_BUDGET | 200
PRIV-03894 | 0.8634 | 2.8923 | 0.5335 | DATA_PRIVACY_SECURE | MAINTAIN_BASELINE_PRIVACY_BUDGET | 200
PRIV-03895 | 0.9123 | 0.8570 | 0.5173 | DATA_PRIVACY_SECURE | MAINTAIN_BASELINE_PRIVACY_BUDGET | 200
PRIV-03896 | 0.7686 | 3.1315 | 0.4752 | DATA_PRIVACY_SECURE | MAINTAIN_BASELINE_PRIVACY_BUDGET | 200
PRIV-03897 | 0.5235 | 0.8593 | 0.1565 | DATA_PRIVACY_SECURE | MAINTAIN_BASELINE_PRIVACY_BUDGET | 200
PRIV-03898 | 0.8777 | 2.4404 | 0.6503 | DATA_PRIVACY_SECURE | MAINTAIN_BASELINE_PRIVACY_BUDGET | 200
PRIV-03899 | 0.8160 | 3.3805 | 0.5427 | DATA_PRIVACY_SECURE | MAINTAIN_BASELINE_PRIVACY_BUDGET | 200
PRIV-03900 | 0.8020 | 0.6342 | 0.3523 | DATA_PRIVACY_SECURE | MAINTAIN_BASELINE_PRIVACY_BUDGET | 200
PRIV-03901 | 0.5613 | 0.2778 | 0.0784 | DATA_PRIVACY_SECURE | MAINTAIN_BASELINE_PRIVACY_BUDGET | 200
PRIV-03902 | 0.8221 | 1.3825 | 0.4389 | DATA_PRIVACY_SECURE | MAINTAIN_BASELINE_PRIVACY_BUDGET | 200
PRIV-03903 | 0.6821 | 0.2996 | 0.249 | DATA_PRIVACY_SECURE | MAINTAIN_BASELINE_PRIVACY_BUDGET | 200
PRIV-03904 | 0.7896 | 2.0642 | 0.3991 | DATA_PRIVACY_SECURE | MAINTAIN_BASELINE_PRIVACY_BUDGET | 200
PRIV-03905 | 0.8776 | 0.2993 | 0.4527 | DATA_PRIVACY_SECURE | MAINTAIN_BASELINE_PRIVACY_BUDGET | 200
PRIV-03906 | 0.7887 | 0.2699 | 0.2654 | DATA_PRIVACY_SECURE | MAINTAIN_BASELINE_PRIVACY_BUDGET | 200
PRIV-03907 | 0.7957 | 1.4993 | 0.4648 | DATA_PRIVACY_SECURE | MAINTAIN_BASELINE_PRIVACY_BUDGET | 200
PRIV-03908 | 0.5729 | 3.4556 | 0.1261 | DATA_PRIVACY_SECURE | MAINTAIN_BASELINE_PRIVACY_BUDGET | 200
PRIV-03909 | 0.6235 | 0.1930 | 0.1563 | DATA_PRIVACY_SECURE | MAINTAIN_BASELINE_PRIVACY_BUDGET | 200
PRIV-03910 | 0.8236 | 1.9039 | 0.4567 | DATA_PRIVACY_SECURE | MAINTAIN_BASELINE_PRIVACY_BUDGET | 200
PRIV-03911 | 0.6533 | 1.6410 | 0.177 | DATA_PRIVACY_SECURE | MAINTAIN_BASELINE_PRIVACY_BUDGET | 200
PRIV-03912 | 0.7881 | 2.0541 | 0.4426 | DATA_PRIVACY_SECURE | MAINTAIN_BASELINE_PRIVACY_BUDGET | 200
PRIV-03913 | 0.5190 | 2.7036 | 0.1714 | DATA_PRIVACY_SECURE | MAINTAIN_BASELINE_PRIVACY_BUDGET | 200
PRIV-03914 | 0.7570 | 0.5306 | 0.2394 | DATA_PRIVACY_SECURE | MAINTAIN_BASELINE_PRIVACY_BUDGET | 200
PRIV-03915 | 0.9106 | 2.1431 | 0.6158 | DATA_PRIVACY_SECURE | MAINTAIN_BASELINE_PRIVACY_BUDGET | 200
PRIV-03916 | 0.9622 | 2.7517 | 0.8338 | CRITICAL_MEMORIZATION_LEAK_HAZARD | TRIGGER_DYNAMIC_DIFFERENTIAL_PRIVACY_NOISE | 422
PRIV-03917 | 0.9910 | 2.6744 | 0.9069 | CRITICAL_MEMORIZATION_LEAK_HAZARD | TRIGGER_DYNAMIC_DIFFERENTIAL_PRIVACY_NOISE | 422
PRIV-03918 | 0.7298 | 2.5885 | 0.3834 | DATA_PRIVACY_SECURE | MAINTAIN_BASELINE_PRIVACY_BUDGET | 200
PRIV-03919 | 0.6698 | 3.2730 | 0.3275 | DATA_PRIVACY_SECURE | MAINTAIN_BASELINE_PRIVACY_BUDGET | 200
PRIV-03920 | 0.8516 | 2.8821 | 0.5825 | DATA_PRIVACY_SECURE | MAINTAIN_BASELINE_PRIVACY_BUDGET | 200
PRIV-03921 | 0.5258 | 3.4004 | 0.2149 | DATA_PRIVACY_SECURE | MAINTAIN_BASELINE_PRIVACY_BUDGET | 200
PRIV-03922 | 0.8727 | 1.7588 | 0.576 | DATA_PRIVACY_SECURE | MAINTAIN_BASELINE_PRIVACY_BUDGET | 200
PRIV-03923 | 0.9869 | 1.6537 | 0.7929 | CRITICAL_MEMORIZATION_LEAK_HAZARD | TRIGGER_DYNAMIC_DIFFERENTIAL_PRIVACY_NOISE | 422
PRIV-03924 | 0.9697 | 0.8538 | 0.575 | DATA_PRIVACY_SECURE | MAINTAIN_BASELINE_PRIVACY_BUDGET | 200
PRIV-03925 | 0.7557 | 1.9901 | 0.3692 | DATA_PRIVACY_SECURE | MAINTAIN_BASELINE_PRIVACY_BUDGET | 200
PRIV-03926 | 0.6574 | 3.4738 | 0.2621 | DATA_PRIVACY_SECURE | MAINTAIN_BASELINE_PRIVACY_BUDGET | 200
PRIV-03927 | 0.5139 | 2.7261 | 0.1658 | DATA_PRIVACY_SECURE | MAINTAIN_BASELINE_PRIVACY_BUDGET | 200
PRIV-03928 | 0.6661 | 0.2680 | 0.1859 | DATA_PRIVACY_SECURE | MAINTAIN_BASELINE_PRIVACY_BUDGET | 200
PRIV-03929 | 0.5123 | 1.3582 | 0.0598 | DATA_PRIVACY_SECURE | MAINTAIN_BASELINE_PRIVACY_BUDGET | 200
PRIV-03930 | 0.5655 | 3.0964 | 0.1799 | DATA_PRIVACY_SECURE | MAINTAIN_BASELINE_PRIVACY_BUDGET | 200
PRIV-03931 | 0.5087 | 0.7529 | 0.1164 | DATA_PRIVACY_SECURE | MAINTAIN_BASELINE_PRIVACY_BUDGET | 200
PRIV-03932 | 0.9094 | 1.2071 | 0.6401 | DATA_PRIVACY_SECURE | MAINTAIN_BASELINE_PRIVACY_BUDGET | 200
PRIV-03933 | 0.8669 | 2.5661 | 0.6406 | DATA_PRIVACY_SECURE | MAINTAIN_BASELINE_PRIVACY_BUDGET | 200
PRIV-03934 | 0.6883 | 2.8176 | 0.3381 | DATA_PRIVACY_SECURE | MAINTAIN_BASELINE_PRIVACY_BUDGET | 200
PRIV-03935 | 0.8591 | 1.1163 | 0.48 | DATA_PRIVACY_SECURE | MAINTAIN_BASELINE_PRIVACY_BUDGET | 200
PRIV-03936 | 0.7130 | 1.5256 | 0.3132 | DATA_PRIVACY_SECURE | MAINTAIN_BASELINE_PRIVACY_BUDGET | 200
PRIV-03937 | 0.8962 | 0.2027 | 0.4462 | DATA_PRIVACY_SECURE | MAINTAIN_BASELINE_PRIVACY_BUDGET | 200
PRIV-03938 | 0.9509 | 1.3075 | 0.6235 | DATA_PRIVACY_SECURE | MAINTAIN_BASELINE_PRIVACY_BUDGET | 200
PRIV-03939 | 0.9774 | 2.3741 | 0.8402 | CRITICAL_MEMORIZATION_LEAK_HAZARD | TRIGGER_DYNAMIC_DIFFERENTIAL_PRIVACY_NOISE | 422
PRIV-03940 | 0.8413 | 3.2417 | 0.5421 | DATA_PRIVACY_SECURE | MAINTAIN_BASELINE_PRIVACY_BUDGET | 200
PRIV-03941 | 0.7674 | 3.3682 | 0.452 | DATA_PRIVACY_SECURE | MAINTAIN_BASELINE_PRIVACY_BUDGET | 200
PRIV-03942 | 0.8772 | 1.9536 | 0.6404 | DATA_PRIVACY_SECURE | MAINTAIN_BASELINE_PRIVACY_BUDGET | 200
PRIV-03943 | 0.6732 | 1.4416 | 0.2228 | DATA_PRIVACY_SECURE | MAINTAIN_BASELINE_PRIVACY_BUDGET | 200
PRIV-03944 | 0.6538 | 1.8150 | 0.1447 | DATA_PRIVACY_SECURE | MAINTAIN_BASELINE_PRIVACY_BUDGET | 200
PRIV-03945 | 0.7238 | 1.9594 | 0.3159 | DATA_PRIVACY_SECURE | MAINTAIN_BASELINE_PRIVACY_BUDGET | 200
PRIV-03946 | 0.9578 | 2.9698 | 0.8724 | CRITICAL_MEMORIZATION_LEAK_HAZARD | TRIGGER_DYNAMIC_DIFFERENTIAL_PRIVACY_NOISE | 422
PRIV-03947 | 0.5053 | 2.3236 | 0.139 | DATA_PRIVACY_SECURE | MAINTAIN_BASELINE_PRIVACY_BUDGET | 200
PRIV-03948 | 0.6005 | 0.4004 | 0.1468 | DATA_PRIVACY_SECURE | MAINTAIN_BASELINE_PRIVACY_BUDGET | 200
PRIV-03949 | 0.8759 | 2.7140 | 0.619 | DATA_PRIVACY_SECURE | MAINTAIN_BASELINE_PRIVACY_BUDGET | 200
PRIV-03950 | 0.9730 | 1.7603 | 0.7349 | DATA_PRIVACY_SECURE | MAINTAIN_BASELINE_PRIVACY_BUDGET | 200
PRIV-03951 | 0.8447 | 1.7990 | 0.5377 | DATA_PRIVACY_SECURE | MAINTAIN_BASELINE_PRIVACY_BUDGET | 200
PRIV-03952 | 0.5344 | 2.4320 | 0.1069 | DATA_PRIVACY_SECURE | MAINTAIN_BASELINE_PRIVACY_BUDGET | 200
PRIV-03953 | 0.6055 | 2.9882 | 0.2987 | DATA_PRIVACY_SECURE | MAINTAIN_BASELINE_PRIVACY_BUDGET | 200
PRIV-03954 | 0.8994 | 2.0145 | 0.6646 | DATA_PRIVACY_SECURE | MAINTAIN_BASELINE_PRIVACY_BUDGET | 200
PRIV-03955 | 0.6559 | 1.1690 | 0.1921 | DATA_PRIVACY_SECURE | MAINTAIN_BASELINE_PRIVACY_BUDGET | 200
PRIV-03956 | 0.7076 | 0.4980 | 0.1959 | DATA_PRIVACY_SECURE | MAINTAIN_BASELINE_PRIVACY_BUDGET | 200
PRIV-03957 | 0.9574 | 1.6688 | 0.7346 | DATA_PRIVACY_SECURE | MAINTAIN_BASELINE_PRIVACY_BUDGET | 200
PRIV-03958 | 0.9696 | 2.7363 | 0.8466 | CRITICAL_MEMORIZATION_LEAK_HAZARD | TRIGGER_DYNAMIC_DIFFERENTIAL_PRIVACY_NOISE | 422
PRIV-03959 | 0.5044 | 0.7290 | 0.1313 | DATA_PRIVACY_SECURE | MAINTAIN_BASELINE_PRIVACY_BUDGET | 200
PRIV-03960 | 0.7939 | 2.3664 | 0.465 | DATA_PRIVACY_SECURE | MAINTAIN_BASELINE_PRIVACY_BUDGET | 200
PRIV-03961 | 0.5216 | 3.1617 | 0.1069 | DATA_PRIVACY_SECURE | MAINTAIN_BASELINE_PRIVACY_BUDGET | 200
PRIV-03962 | 0.6816 | 1.8631 | 0.3497 | DATA_PRIVACY_SECURE | MAINTAIN_BASELINE_PRIVACY_BUDGET | 200
PRIV-03963 | 0.8773 | 2.3843 | 0.6203 | DATA_PRIVACY_SECURE | MAINTAIN_BASELINE_PRIVACY_BUDGET | 200
PRIV-03964 | 0.9225 | 2.8803 | 0.7741 | CRITICAL_MEMORIZATION_LEAK_HAZARD | TRIGGER_DYNAMIC_DIFFERENTIAL_PRIVACY_NOISE | 422
PRIV-03965 | 0.9614 | 0.5824 | 0.5459 | DATA_PRIVACY_SECURE | MAINTAIN_BASELINE_PRIVACY_BUDGET | 200
PRIV-03966 | 0.7092 | 2.0015 | 0.3288 | DATA_PRIVACY_SECURE | MAINTAIN_BASELINE_PRIVACY_BUDGET | 200
PRIV-03967 | 0.9652 | 1.5044 | 0.7481 | DATA_PRIVACY_SECURE | MAINTAIN_BASELINE_PRIVACY_BUDGET | 200
PRIV-03968 | 0.7483 | 1.3537 | 0.2574 | DATA_PRIVACY_SECURE | MAINTAIN_BASELINE_PRIVACY_BUDGET | 200
PRIV-03969 | 0.9461 | 1.5967 | 0.7848 | CRITICAL_MEMORIZATION_LEAK_HAZARD | TRIGGER_DYNAMIC_DIFFERENTIAL_PRIVACY_NOISE | 422
PRIV-03970 | 0.9053 | 0.8816 | 0.5763 | DATA_PRIVACY_SECURE | MAINTAIN_BASELINE_PRIVACY_BUDGET | 200
PRIV-03971 | 0.9826 | 1.5490 | 0.7666 | CRITICAL_MEMORIZATION_LEAK_HAZARD | TRIGGER_DYNAMIC_DIFFERENTIAL_PRIVACY_NOISE | 422
PRIV-03972 | 0.7471 | 1.3840 | 0.2893 | DATA_PRIVACY_SECURE | MAINTAIN_BASELINE_PRIVACY_BUDGET | 200
PRIV-03973 | 0.6523 | 3.3143 | 0.2817 | DATA_PRIVACY_SECURE | MAINTAIN_BASELINE_PRIVACY_BUDGET | 200
PRIV-03974 | 0.6627 | 0.3167 | 0.1719 | DATA_PRIVACY_SECURE | MAINTAIN_BASELINE_PRIVACY_BUDGET | 200
PRIV-03975 | 0.5514 | 1.1261 | 0.1408 | DATA_PRIVACY_SECURE | MAINTAIN_BASELINE_PRIVACY_BUDGET | 200
PRIV-03976 | 0.9291 | 1.2262 | 0.6278 | DATA_PRIVACY_SECURE | MAINTAIN_BASELINE_PRIVACY_BUDGET | 200
PRIV-03977 | 0.8413 | 0.8046 | 0.4317 | DATA_PRIVACY_SECURE | MAINTAIN_BASELINE_PRIVACY_BUDGET | 200
PRIV-03978 | 0.5553 | 1.3564 | 0.1941 | DATA_PRIVACY_SECURE | MAINTAIN_BASELINE_PRIVACY_BUDGET | 200
PRIV-03979 | 0.9559 | 3.0319 | 0.856 | CRITICAL_MEMORIZATION_LEAK_HAZARD | TRIGGER_DYNAMIC_DIFFERENTIAL_PRIVACY_NOISE | 422
PRIV-03980 | 0.7439 | 3.0932 | 0.3518 | DATA_PRIVACY_SECURE | MAINTAIN_BASELINE_PRIVACY_BUDGET | 200
PRIV-03981 | 0.7119 | 1.2288 | 0.3336 | DATA_PRIVACY_SECURE | MAINTAIN_BASELINE_PRIVACY_BUDGET | 200
PRIV-03982 | 0.8696 | 1.2428 | 0.576 | DATA_PRIVACY_SECURE | MAINTAIN_BASELINE_PRIVACY_BUDGET | 200
PRIV-03983 | 0.6128 | 1.8797 | 0.3258 | DATA_PRIVACY_SECURE | MAINTAIN_BASELINE_PRIVACY_BUDGET | 200
PRIV-03984 | 0.8883 | 3.2127 | 0.629 | DATA_PRIVACY_SECURE | MAINTAIN_BASELINE_PRIVACY_BUDGET | 200
PRIV-03985 | 0.8167 | 0.5186 | 0.3511 | DATA_PRIVACY_SECURE | MAINTAIN_BASELINE_PRIVACY_BUDGET | 200
PRIV-03986 | 0.8629 | 3.4883 | 0.5402 | DATA_PRIVACY_SECURE | MAINTAIN_BASELINE_PRIVACY_BUDGET | 200
PRIV-03987 | 0.6862 | 0.2740 | 0.2056 | DATA_PRIVACY_SECURE | MAINTAIN_BASELINE_PRIVACY_BUDGET | 200
PRIV-03988 | 0.6803 | 2.1738 | 0.2608 | DATA_PRIVACY_SECURE | MAINTAIN_BASELINE_PRIVACY_BUDGET | 200
PRIV-03989 | 0.8063 | 1.5869 | 0.5122 | DATA_PRIVACY_SECURE | MAINTAIN_BASELINE_PRIVACY_BUDGET | 200
PRIV-03990 | 0.5373 | 2.4070 | 0.1113 | DATA_PRIVACY_SECURE | MAINTAIN_BASELINE_PRIVACY_BUDGET | 200
PRIV-03991 | 0.6517 | 2.6689 | 0.1913 | DATA_PRIVACY_SECURE | MAINTAIN_BASELINE_PRIVACY_BUDGET | 200
PRIV-03992 | 0.9539 | 1.1991 | 0.6481 | DATA_PRIVACY_SECURE | MAINTAIN_BASELINE_PRIVACY_BUDGET | 200
PRIV-03993 | 0.9593 | 0.5509 | 0.481 | DATA_PRIVACY_SECURE | MAINTAIN_BASELINE_PRIVACY_BUDGET | 200
PRIV-03994 | 0.9159 | 1.4118 | 0.6478 | DATA_PRIVACY_SECURE | MAINTAIN_BASELINE_PRIVACY_BUDGET | 200
PRIV-03995 | 0.5252 | 2.4072 | 0.0503 | DATA_PRIVACY_SECURE | MAINTAIN_BASELINE_PRIVACY_BUDGET | 200
PRIV-03996 | 0.8284 | 2.1453 | 0.5101 | DATA_PRIVACY_SECURE | MAINTAIN_BASELINE_PRIVACY_BUDGET | 200
PRIV-03997 | 0.7547 | 2.8229 | 0.3227 | DATA_PRIVACY_SECURE | MAINTAIN_BASELINE_PRIVACY_BUDGET | 200
PRIV-03998 | 0.7197 | 2.1972 | 0.3227 | DATA_PRIVACY_SECURE | MAINTAIN_BASELINE_PRIVACY_BUDGET | 200
PRIV-03999 | 0.7606 | 1.6838 | 0.4368 | DATA_PRIVACY_SECURE | MAINTAIN_BASELINE_PRIVACY_BUDGET | 200
PRIV-04000 | 0.9321 | 0.6131 | 0.5397 | DATA_PRIVACY_SECURE | MAINTAIN_BASELINE_PRIVACY_BUDGET | 200
PRIV-04001 | 0.9230 | 2.8605 | 0.7092 | DATA_PRIVACY_SECURE | MAINTAIN_BASELINE_PRIVACY_BUDGET | 200
PRIV-04002 | 0.6757 | 1.6794 | 0.2588 | DATA_PRIVACY_SECURE | MAINTAIN_BASELINE_PRIVACY_BUDGET | 200
PRIV-04003 | 0.8533 | 0.9170 | 0.4446 | DATA_PRIVACY_SECURE | MAINTAIN_BASELINE_PRIVACY_BUDGET | 200
PRIV-04004 | 0.5952 | 3.0123 | 0.2199 | DATA_PRIVACY_SECURE | MAINTAIN_BASELINE_PRIVACY_BUDGET | 200
PRIV-04005 | 0.5420 | 3.3708 | 0.0993 | DATA_PRIVACY_SECURE | MAINTAIN_BASELINE_PRIVACY_BUDGET | 200
PRIV-04006 | 0.8404 | 3.3657 | 0.5975 | DATA_PRIVACY_SECURE | MAINTAIN_BASELINE_PRIVACY_BUDGET | 200
PRIV-04007 | 0.9930 | 1.4735 | 0.6885 | DATA_PRIVACY_SECURE | MAINTAIN_BASELINE_PRIVACY_BUDGET | 200
PRIV-04008 | 0.5334 | 3.3661 | 0.1215 | DATA_PRIVACY_SECURE | MAINTAIN_BASELINE_PRIVACY_BUDGET | 200
PRIV-04009 | 0.7792 | 0.3527 | 0.2583 | DATA_PRIVACY_SECURE | MAINTAIN_BASELINE_PRIVACY_BUDGET | 200
PRIV-04010 | 0.7286 | 1.8729 | 0.3606 | DATA_PRIVACY_SECURE | MAINTAIN_BASELINE_PRIVACY_BUDGET | 200
PRIV-04011 | 0.6698 | 2.3784 | 0.276 | DATA_PRIVACY_SECURE | MAINTAIN_BASELINE_PRIVACY_BUDGET | 200
PRIV-04012 | 0.8537 | 0.5516 | 0.3386 | DATA_PRIVACY_SECURE | MAINTAIN_BASELINE_PRIVACY_BUDGET | 200
PRIV-04013 | 0.6772 | 1.1158 | 0.1946 | DATA_PRIVACY_SECURE | MAINTAIN_BASELINE_PRIVACY_BUDGET | 200
PRIV-04014 | 0.9503 | 0.7982 | 0.5998 | DATA_PRIVACY_SECURE | MAINTAIN_BASELINE_PRIVACY_BUDGET | 200
PRIV-04015 | 0.8880 | 1.4209 | 0.5608 | DATA_PRIVACY_SECURE | MAINTAIN_BASELINE_PRIVACY_BUDGET | 200
PRIV-04016 | 0.5654 | 1.5928 | 0.127 | DATA_PRIVACY_SECURE | MAINTAIN_BASELINE_PRIVACY_BUDGET | 200
PRIV-04017 | 0.6597 | 0.6715 | 0.1708 | DATA_PRIVACY_SECURE | MAINTAIN_BASELINE_PRIVACY_BUDGET | 200
PRIV-04018 | 0.7185 | 1.6511 | 0.3391 | DATA_PRIVACY_SECURE | MAINTAIN_BASELINE_PRIVACY_BUDGET | 200
PRIV-04019 | 0.8621 | 0.1492 | 0.3235 | DATA_PRIVACY_SECURE | MAINTAIN_BASELINE_PRIVACY_BUDGET | 200
PRIV-04020 | 0.6697 | 3.3504 | 0.2866 | DATA_PRIVACY_SECURE | MAINTAIN_BASELINE_PRIVACY_BUDGET | 200
PRIV-04021 | 0.6714 | 1.4085 | 0.33 | DATA_PRIVACY_SECURE | MAINTAIN_BASELINE_PRIVACY_BUDGET | 200
PRIV-04022 | 0.5051 | 0.1303 | 0.0117 | DATA_PRIVACY_SECURE | MAINTAIN_BASELINE_PRIVACY_BUDGET | 200
PRIV-04023 | 0.6644 | 2.9386 | 0.2044 | DATA_PRIVACY_SECURE | MAINTAIN_BASELINE_PRIVACY_BUDGET | 200
PRIV-04024 | 0.7776 | 2.1818 | 0.4539 | DATA_PRIVACY_SECURE | MAINTAIN_BASELINE_PRIVACY_BUDGET | 200
PRIV-04025 | 0.8505 | 1.4491 | 0.4711 | DATA_PRIVACY_SECURE | MAINTAIN_BASELINE_PRIVACY_BUDGET | 200
PRIV-04026 | 0.8202 | 1.1155 | 0.4029 | DATA_PRIVACY_SECURE | MAINTAIN_BASELINE_PRIVACY_BUDGET | 200
PRIV-04027 | 0.8430 | 0.8969 | 0.3942 | DATA_PRIVACY_SECURE | MAINTAIN_BASELINE_PRIVACY_BUDGET | 200
PRIV-04028 | 0.8505 | 1.3838 | 0.4816 | DATA_PRIVACY_SECURE | MAINTAIN_BASELINE_PRIVACY_BUDGET | 200
PRIV-04029 | 0.8739 | 2.1612 | 0.6625 | DATA_PRIVACY_SECURE | MAINTAIN_BASELINE_PRIVACY_BUDGET | 200
PRIV-04030 | 0.5948 | 0.8947 | 0.1815 | DATA_PRIVACY_SECURE | MAINTAIN_BASELINE_PRIVACY_BUDGET | 200
PRIV-04031 | 0.8848 | 2.0599 | 0.6489 | DATA_PRIVACY_SECURE | MAINTAIN_BASELINE_PRIVACY_BUDGET | 200
PRIV-04032 | 0.7821 | 0.1424 | 0.1996 | DATA_PRIVACY_SECURE | MAINTAIN_BASELINE_PRIVACY_BUDGET | 200
PRIV-04033 | 0.7216 | 3.2380 | 0.3156 | DATA_PRIVACY_SECURE | MAINTAIN_BASELINE_PRIVACY_BUDGET | 200
PRIV-04034 | 0.5029 | 3.4049 | 0.0095 | DATA_PRIVACY_SECURE | MAINTAIN_BASELINE_PRIVACY_BUDGET | 200
PRIV-04035 | 0.8213 | 0.5084 | 0.3135 | DATA_PRIVACY_SECURE | MAINTAIN_BASELINE_PRIVACY_BUDGET | 200
PRIV-04036 | 0.9577 | 0.8788 | 0.6589 | DATA_PRIVACY_SECURE | MAINTAIN_BASELINE_PRIVACY_BUDGET | 200
PRIV-04037 | 0.8083 | 0.1890 | 0.3096 | DATA_PRIVACY_SECURE | MAINTAIN_BASELINE_PRIVACY_BUDGET | 200
PRIV-04038 | 0.6114 | 0.4795 | 0.1323 | DATA_PRIVACY_SECURE | MAINTAIN_BASELINE_PRIVACY_BUDGET | 200
PRIV-04039 | 0.9143 | 1.0639 | 0.5672 | DATA_PRIVACY_SECURE | MAINTAIN_BASELINE_PRIVACY_BUDGET | 200
PRIV-04040 | 0.6599 | 1.0456 | 0.1851 | DATA_PRIVACY_SECURE | MAINTAIN_BASELINE_PRIVACY_BUDGET | 200
PRIV-04041 | 0.6024 | 2.1247 | 0.2035 | DATA_PRIVACY_SECURE | MAINTAIN_BASELINE_PRIVACY_BUDGET | 200
PRIV-04042 | 0.9014 | 3.0799 | 0.731 | DATA_PRIVACY_SECURE | MAINTAIN_BASELINE_PRIVACY_BUDGET | 200
PRIV-04043 | 0.7906 | 0.6908 | 0.2645 | DATA_PRIVACY_SECURE | MAINTAIN_BASELINE_PRIVACY_BUDGET | 200
PRIV-04044 | 0.7158 | 3.4487 | 0.3675 | DATA_PRIVACY_SECURE | MAINTAIN_BASELINE_PRIVACY_BUDGET | 200
PRIV-04045 | 0.7426 | 1.5014 | 0.3722 | DATA_PRIVACY_SECURE | MAINTAIN_BASELINE_PRIVACY_BUDGET | 200
PRIV-04046 | 0.6889 | 0.5887 | 0.1936 | DATA_PRIVACY_SECURE | MAINTAIN_BASELINE_PRIVACY_BUDGET | 200
PRIV-04047 | 0.8810 | 1.5659 | 0.5937 | DATA_PRIVACY_SECURE | MAINTAIN_BASELINE_PRIVACY_BUDGET | 200
PRIV-04048 | 0.6736 | 2.6912 | 0.3989 | DATA_PRIVACY_SECURE | MAINTAIN_BASELINE_PRIVACY_BUDGET | 200
PRIV-04049 | 0.7255 | 1.5107 | 0.3086 | DATA_PRIVACY_SECURE | MAINTAIN_BASELINE_PRIVACY_BUDGET | 200
PRIV-04050 | 0.6531 | 0.1475 | 0.1653 | DATA_PRIVACY_SECURE | MAINTAIN_BASELINE_PRIVACY_BUDGET | 200
PRIV-04051 | 0.8746 | 1.7173 | 0.5377 | DATA_PRIVACY_SECURE | MAINTAIN_BASELINE_PRIVACY_BUDGET | 200
PRIV-04052 | 0.7739 | 1.7580 | 0.4027 | DATA_PRIVACY_SECURE | MAINTAIN_BASELINE_PRIVACY_BUDGET | 200
PRIV-04053 | 0.7396 | 1.8036 | 0.3657 | DATA_PRIVACY_SECURE | MAINTAIN_BASELINE_PRIVACY_BUDGET | 200
PRIV-04054 | 0.9217 | 2.4813 | 0.7303 | DATA_PRIVACY_SECURE | MAINTAIN_BASELINE_PRIVACY_BUDGET | 200
PRIV-04055 | 0.5964 | 3.4623 | 0.1649 | DATA_PRIVACY_SECURE | MAINTAIN_BASELINE_PRIVACY_BUDGET | 200
PRIV-04056 | 0.7647 | 3.0886 | 0.4359 | DATA_PRIVACY_SECURE | MAINTAIN_BASELINE_PRIVACY_BUDGET | 200
PRIV-04057 | 0.6165 | 2.6954 | 0.278 | DATA_PRIVACY_SECURE | MAINTAIN_BASELINE_PRIVACY_BUDGET | 200
PRIV-04058 | 0.6187 | 3.3940 | 0.2471 | DATA_PRIVACY_SECURE | MAINTAIN_BASELINE_PRIVACY_BUDGET | 200
PRIV-04059 | 0.9601 | 0.1561 | 0.5154 | DATA_PRIVACY_SECURE | MAINTAIN_BASELINE_PRIVACY_BUDGET | 200
PRIV-04060 | 0.7580 | 1.7486 | 0.3614 | DATA_PRIVACY_SECURE | MAINTAIN_BASELINE_PRIVACY_BUDGET | 200
PRIV-04061 | 0.6996 | 3.2849 | 0.3601 | DATA_PRIVACY_SECURE | MAINTAIN_BASELINE_PRIVACY_BUDGET | 200
PRIV-04062 | 0.8703 | 2.1615 | 0.6023 | DATA_PRIVACY_SECURE | MAINTAIN_BASELINE_PRIVACY_BUDGET | 200
PRIV-04063 | 0.5809 | 2.4958 | 0.1431 | DATA_PRIVACY_SECURE | MAINTAIN_BASELINE_PRIVACY_BUDGET | 200
PRIV-04064 | 0.9221 | 0.6268 | 0.5238 | DATA_PRIVACY_SECURE | MAINTAIN_BASELINE_PRIVACY_BUDGET | 200
PRIV-04065 | 0.6206 | 0.6022 | 0.1148 | DATA_PRIVACY_SECURE | MAINTAIN_BASELINE_PRIVACY_BUDGET | 200
PRIV-04066 | 0.7588 | 0.2769 | 0.2232 | DATA_PRIVACY_SECURE | MAINTAIN_BASELINE_PRIVACY_BUDGET | 200
PRIV-04067 | 0.5373 | 0.4924 | 0.1038 | DATA_PRIVACY_SECURE | MAINTAIN_BASELINE_PRIVACY_BUDGET | 200
PRIV-04068 | 0.6940 | 1.7880 | 0.2983 | DATA_PRIVACY_SECURE | MAINTAIN_BASELINE_PRIVACY_BUDGET | 200
PRIV-04069 | 0.8494 | 1.0146 | 0.4022 | DATA_PRIVACY_SECURE | MAINTAIN_BASELINE_PRIVACY_BUDGET | 200
PRIV-04070 | 0.7719 | 1.2108 | 0.3965 | DATA_PRIVACY_SECURE | MAINTAIN_BASELINE_PRIVACY_BUDGET | 200
PRIV-04071 | 0.5052 | 1.2252 | 0.1225 | DATA_PRIVACY_SECURE | MAINTAIN_BASELINE_PRIVACY_BUDGET | 200
PRIV-04072 | 0.7224 | 2.1279 | 0.3087 | DATA_PRIVACY_SECURE | MAINTAIN_BASELINE_PRIVACY_BUDGET | 200
PRIV-04073 | 0.7054 | 2.1960 | 0.2544 | DATA_PRIVACY_SECURE | MAINTAIN_BASELINE_PRIVACY_BUDGET | 200
PRIV-04074 | 0.9233 | 1.9571 | 0.684 | DATA_PRIVACY_SECURE | MAINTAIN_BASELINE_PRIVACY_BUDGET | 200
PRIV-04075 | 0.7908 | 1.3203 | 0.3725 | DATA_PRIVACY_SECURE | MAINTAIN_BASELINE_PRIVACY_BUDGET | 200
PRIV-04076 | 0.8406 | 0.2308 | 0.3356 | DATA_PRIVACY_SECURE | MAINTAIN_BASELINE_PRIVACY_BUDGET | 200
PRIV-04077 | 0.9064 | 1.4124 | 0.5843 | DATA_PRIVACY_SECURE | MAINTAIN_BASELINE_PRIVACY_BUDGET | 200
PRIV-04078 | 0.5671 | 0.3421 | 0.0263 | DATA_PRIVACY_SECURE | MAINTAIN_BASELINE_PRIVACY_BUDGET | 200
PRIV-04079 | 0.9054 | 0.8546 | 0.5052 | DATA_PRIVACY_SECURE | MAINTAIN_BASELINE_PRIVACY_BUDGET | 200
PRIV-04080 | 0.8286 | 3.4275 | 0.5388 | DATA_PRIVACY_SECURE | MAINTAIN_BASELINE_PRIVACY_BUDGET | 200
PRIV-04081 | 0.8456 | 0.5980 | 0.4155 | DATA_PRIVACY_SECURE | MAINTAIN_BASELINE_PRIVACY_BUDGET | 200
PRIV-04082 | 0.8455 | 1.7966 | 0.4905 | DATA_PRIVACY_SECURE | MAINTAIN_BASELINE_PRIVACY_BUDGET | 200
PRIV-04083 | 0.8908 | 0.2479 | 0.4641 | DATA_PRIVACY_SECURE | MAINTAIN_BASELINE_PRIVACY_BUDGET | 200
PRIV-04084 | 0.6833 | 1.4618 | 0.1825 | DATA_PRIVACY_SECURE | MAINTAIN_BASELINE_PRIVACY_BUDGET | 200
PRIV-04085 | 0.6960 | 0.5307 | 0.2647 | DATA_PRIVACY_SECURE | MAINTAIN_BASELINE_PRIVACY_BUDGET | 200
PRIV-04086 | 0.7072 | 2.7317 | 0.3231 | DATA_PRIVACY_SECURE | MAINTAIN_BASELINE_PRIVACY_BUDGET | 200
PRIV-04087 | 0.7638 | 2.7612 | 0.4534 | DATA_PRIVACY_SECURE | MAINTAIN_BASELINE_PRIVACY_BUDGET | 200
PRIV-04088 | 0.6255 | 3.1033 | 0.2374 | DATA_PRIVACY_SECURE | MAINTAIN_BASELINE_PRIVACY_BUDGET | 200
PRIV-04089 | 0.5550 | 1.3256 | 0.1807 | DATA_PRIVACY_SECURE | MAINTAIN_BASELINE_PRIVACY_BUDGET | 200
PRIV-04090 | 0.7246 | 3.3918 | 0.3526 | DATA_PRIVACY_SECURE | MAINTAIN_BASELINE_PRIVACY_BUDGET | 200
PRIV-04091 | 0.5294 | 1.4243 | 0.0756 | DATA_PRIVACY_SECURE | MAINTAIN_BASELINE_PRIVACY_BUDGET | 200
PRIV-04092 | 0.8244 | 3.1714 | 0.5945 | DATA_PRIVACY_SECURE | MAINTAIN_BASELINE_PRIVACY_BUDGET | 200
PRIV-04093 | 0.5042 | 1.7458 | 0.1046 | DATA_PRIVACY_SECURE | MAINTAIN_BASELINE_PRIVACY_BUDGET | 200
PRIV-04094 | 0.8396 | 3.2847 | 0.5793 | DATA_PRIVACY_SECURE | MAINTAIN_BASELINE_PRIVACY_BUDGET | 200
PRIV-04095 | 0.6843 | 0.9694 | 0.2817 | DATA_PRIVACY_SECURE | MAINTAIN_BASELINE_PRIVACY_BUDGET | 200
PRIV-04096 | 0.7677 | 2.9744 | 0.3891 | DATA_PRIVACY_SECURE | MAINTAIN_BASELINE_PRIVACY_BUDGET | 200
PRIV-04097 | 0.8135 | 1.4960 | 0.4637 | DATA_PRIVACY_SECURE | MAINTAIN_BASELINE_PRIVACY_BUDGET | 200
PRIV-04098 | 0.7744 | 2.3422 | 0.4001 | DATA_PRIVACY_SECURE | MAINTAIN_BASELINE_PRIVACY_BUDGET | 200
PRIV-04099 | 0.9369 | 1.7277 | 0.693 | DATA_PRIVACY_SECURE | MAINTAIN_BASELINE_PRIVACY_BUDGET | 200
PRIV-04100 | 0.5756 | 2.2777 | 0.1759 | DATA_PRIVACY_SECURE | MAINTAIN_BASELINE_PRIVACY_BUDGET | 200
PRIV-04101 | 0.7610 | 2.0999 | 0.3326 | DATA_PRIVACY_SECURE | MAINTAIN_BASELINE_PRIVACY_BUDGET | 200
PRIV-04102 | 0.8343 | 1.3128 | 0.4264 | DATA_PRIVACY_SECURE | MAINTAIN_BASELINE_PRIVACY_BUDGET | 200
PRIV-04103 | 0.9253 | 1.3740 | 0.6862 | DATA_PRIVACY_SECURE | MAINTAIN_BASELINE_PRIVACY_BUDGET | 200
PRIV-04104 | 0.5359 | 0.6834 | 0.1377 | DATA_PRIVACY_SECURE | MAINTAIN_BASELINE_PRIVACY_BUDGET | 200
PRIV-04105 | 0.5771 | 0.1240 | 0.0995 | DATA_PRIVACY_SECURE | MAINTAIN_BASELINE_PRIVACY_BUDGET | 200
PRIV-04106 | 0.5075 | 2.8007 | 0.1329 | DATA_PRIVACY_SECURE | MAINTAIN_BASELINE_PRIVACY_BUDGET | 200
PRIV-04107 | 0.6749 | 1.5170 | 0.2404 | DATA_PRIVACY_SECURE | MAINTAIN_BASELINE_PRIVACY_BUDGET | 200
PRIV-04108 | 0.8875 | 3.1300 | 0.724 | DATA_PRIVACY_SECURE | MAINTAIN_BASELINE_PRIVACY_BUDGET | 200
PRIV-04109 | 0.6869 | 3.2629 | 0.3042 | DATA_PRIVACY_SECURE | MAINTAIN_BASELINE_PRIVACY_BUDGET | 200
PRIV-04110 | 0.7820 | 0.2803 | 0.2817 | DATA_PRIVACY_SECURE | MAINTAIN_BASELINE_PRIVACY_BUDGET | 200
PRIV-04111 | 0.7632 | 0.3042 | 0.3016 | DATA_PRIVACY_SECURE | MAINTAIN_BASELINE_PRIVACY_BUDGET | 200
PRIV-04112 | 0.6409 | 1.2896 | 0.1754 | DATA_PRIVACY_SECURE | MAINTAIN_BASELINE_PRIVACY_BUDGET | 200
PRIV-04113 | 0.9343 | 1.6047 | 0.7414 | DATA_PRIVACY_SECURE | MAINTAIN_BASELINE_PRIVACY_BUDGET | 200
PRIV-04114 | 0.7211 | 0.6504 | 0.1852 | DATA_PRIVACY_SECURE | MAINTAIN_BASELINE_PRIVACY_BUDGET | 200
PRIV-04115 | 0.8178 | 3.1370 | 0.5893 | DATA_PRIVACY_SECURE | MAINTAIN_BASELINE_PRIVACY_BUDGET | 200
PRIV-04116 | 0.8589 | 1.8103 | 0.5296 | DATA_PRIVACY_SECURE | MAINTAIN_BASELINE_PRIVACY_BUDGET | 200
PRIV-04117 | 0.7480 | 2.7934 | 0.3847 | DATA_PRIVACY_SECURE | MAINTAIN_BASELINE_PRIVACY_BUDGET | 200
PRIV-04118 | 0.6631 | 3.4372 | 0.2069 | DATA_PRIVACY_SECURE | MAINTAIN_BASELINE_PRIVACY_BUDGET | 200
PRIV-04119 | 0.7065 | 3.1729 | 0.3203 | DATA_PRIVACY_SECURE | MAINTAIN_BASELINE_PRIVACY_BUDGET | 200
PRIV-04120 | 0.6575 | 1.6233 | 0.1958 | DATA_PRIVACY_SECURE | MAINTAIN_BASELINE_PRIVACY_BUDGET | 200
PRIV-04121 | 0.9215 | 2.1834 | 0.6789 | DATA_PRIVACY_SECURE | MAINTAIN_BASELINE_PRIVACY_BUDGET | 200
PRIV-04122 | 0.5719 | 0.9471 | 0.1293 | DATA_PRIVACY_SECURE | MAINTAIN_BASELINE_PRIVACY_BUDGET | 200
PRIV-04123 | 0.8191 | 3.2750 | 0.5679 | DATA_PRIVACY_SECURE | MAINTAIN_BASELINE_PRIVACY_BUDGET | 200
PRIV-04124 | 0.5189 | 1.9544 | 0.1307 | DATA_PRIVACY_SECURE | MAINTAIN_BASELINE_PRIVACY_BUDGET | 200
PRIV-04125 | 0.8993 | 1.5376 | 0.611 | DATA_PRIVACY_SECURE | MAINTAIN_BASELINE_PRIVACY_BUDGET | 200
PRIV-04126 | 0.6840 | 1.6182 | 0.2232 | DATA_PRIVACY_SECURE | MAINTAIN_BASELINE_PRIVACY_BUDGET | 200
PRIV-04127 | 0.7231 | 0.6001 | 0.2089 | DATA_PRIVACY_SECURE | MAINTAIN_BASELINE_PRIVACY_BUDGET | 200
PRIV-04128 | 0.9051 | 1.6671 | 0.6957 | DATA_PRIVACY_SECURE | MAINTAIN_BASELINE_PRIVACY_BUDGET | 200
PRIV-04129 | 0.6351 | 1.8868 | 0.193 | DATA_PRIVACY_SECURE | MAINTAIN_BASELINE_PRIVACY_BUDGET | 200
PRIV-04130 | 0.6103 | 3.4627 | 0.2866 | DATA_PRIVACY_SECURE | MAINTAIN_BASELINE_PRIVACY_BUDGET | 200
PRIV-04131 | 0.9617 | 0.5260 | 0.5493 | DATA_PRIVACY_SECURE | MAINTAIN_BASELINE_PRIVACY_BUDGET | 200
PRIV-04132 | 0.5162 | 1.9126 | 0.12 | DATA_PRIVACY_SECURE | MAINTAIN_BASELINE_PRIVACY_BUDGET | 200
PRIV-04133 | 0.5449 | 3.1932 | 0.1982 | DATA_PRIVACY_SECURE | MAINTAIN_BASELINE_PRIVACY_BUDGET | 200
PRIV-04134 | 0.6854 | 0.5689 | 0.2565 | DATA_PRIVACY_SECURE | MAINTAIN_BASELINE_PRIVACY_BUDGET | 200
PRIV-04135 | 0.9722 | 0.1175 | 0.482 | DATA_PRIVACY_SECURE | MAINTAIN_BASELINE_PRIVACY_BUDGET | 200
PRIV-04136 | 0.9464 | 1.0874 | 0.6184 | DATA_PRIVACY_SECURE | MAINTAIN_BASELINE_PRIVACY_BUDGET | 200
PRIV-04137 | 0.8247 | 3.2309 | 0.5373 | DATA_PRIVACY_SECURE | MAINTAIN_BASELINE_PRIVACY_BUDGET | 200
PRIV-04138 | 0.5754 | 0.6108 | 0.137 | DATA_PRIVACY_SECURE | MAINTAIN_BASELINE_PRIVACY_BUDGET | 200
PRIV-04139 | 0.6010 | 2.3951 | 0.2346 | DATA_PRIVACY_SECURE | MAINTAIN_BASELINE_PRIVACY_BUDGET | 200
PRIV-04140 | 0.7993 | 2.9593 | 0.4857 | DATA_PRIVACY_SECURE | MAINTAIN_BASELINE_PRIVACY_BUDGET | 200
PRIV-04141 | 0.8940 | 1.2048 | 0.5744 | DATA_PRIVACY_SECURE | MAINTAIN_BASELINE_PRIVACY_BUDGET | 200
PRIV-04142 | 0.9366 | 2.4912 | 0.8244 | CRITICAL_MEMORIZATION_LEAK_HAZARD | TRIGGER_DYNAMIC_DIFFERENTIAL_PRIVACY_NOISE | 422
PRIV-04143 | 0.6056 | 2.7747 | 0.2243 | DATA_PRIVACY_SECURE | MAINTAIN_BASELINE_PRIVACY_BUDGET | 200
PRIV-04144 | 0.9020 | 2.0187 | 0.6604 | DATA_PRIVACY_SECURE | MAINTAIN_BASELINE_PRIVACY_BUDGET | 200
PRIV-04145 | 0.7204 | 2.6957 | 0.2895 | DATA_PRIVACY_SECURE | MAINTAIN_BASELINE_PRIVACY_BUDGET | 200
PRIV-04146 | 0.5627 | 0.1901 | 0.0 | DATA_PRIVACY_SECURE | MAINTAIN_BASELINE_PRIVACY_BUDGET | 200
PRIV-04147 | 0.5893 | 1.4939 | 0.1827 | DATA_PRIVACY_SECURE | MAINTAIN_BASELINE_PRIVACY_BUDGET | 200
PRIV-04148 | 0.8402 | 0.7063 | 0.3933 | DATA_PRIVACY_SECURE | MAINTAIN_BASELINE_PRIVACY_BUDGET | 200
PRIV-04149 | 0.7240 | 1.0512 | 0.2607 | DATA_PRIVACY_SECURE | MAINTAIN_BASELINE_PRIVACY_BUDGET | 200
PRIV-04150 | 0.7216 | 1.2162 | 0.2996 | DATA_PRIVACY_SECURE | MAINTAIN_BASELINE_PRIVACY_BUDGET | 200
PRIV-04151 | 0.9730 | 2.6214 | 0.8563 | CRITICAL_MEMORIZATION_LEAK_HAZARD | TRIGGER_DYNAMIC_DIFFERENTIAL_PRIVACY_NOISE | 422
PRIV-04152 | 0.5489 | 0.6940 | 0.1554 | DATA_PRIVACY_SECURE | MAINTAIN_BASELINE_PRIVACY_BUDGET | 200
PRIV-04153 | 0.5830 | 0.5660 | 0.1298 | DATA_PRIVACY_SECURE | MAINTAIN_BASELINE_PRIVACY_BUDGET | 200
PRIV-04154 | 0.8546 | 3.0416 | 0.5659 | DATA_PRIVACY_SECURE | MAINTAIN_BASELINE_PRIVACY_BUDGET | 200
PRIV-04155 | 0.7296 | 2.7841 | 0.4054 | DATA_PRIVACY_SECURE | MAINTAIN_BASELINE_PRIVACY_BUDGET | 200
PRIV-04156 | 0.5643 | 2.1994 | 0.1531 | DATA_PRIVACY_SECURE | MAINTAIN_BASELINE_PRIVACY_BUDGET | 200
PRIV-04157 | 0.9376 | 0.7152 | 0.5745 | DATA_PRIVACY_SECURE | MAINTAIN_BASELINE_PRIVACY_BUDGET | 200
PRIV-04158 | 0.7257 | 0.1338 | 0.1848 | DATA_PRIVACY_SECURE | MAINTAIN_BASELINE_PRIVACY_BUDGET | 200
PRIV-04159 | 0.5693 | 3.4814 | 0.153 | DATA_PRIVACY_SECURE | MAINTAIN_BASELINE_PRIVACY_BUDGET | 200
PRIV-04160 | 0.6392 | 2.7422 | 0.2487 | DATA_PRIVACY_SECURE | MAINTAIN_BASELINE_PRIVACY_BUDGET | 200
PRIV-04161 | 0.5958 | 0.3076 | 0.1224 | DATA_PRIVACY_SECURE | MAINTAIN_BASELINE_PRIVACY_BUDGET | 200
PRIV-04162 | 0.6474 | 0.2838 | 0.174 | DATA_PRIVACY_SECURE | MAINTAIN_BASELINE_PRIVACY_BUDGET | 200
PRIV-04163 | 0.5233 | 1.9763 | 0.1151 | DATA_PRIVACY_SECURE | MAINTAIN_BASELINE_PRIVACY_BUDGET | 200
PRIV-04164 | 0.8598 | 3.3376 | 0.5403 | DATA_PRIVACY_SECURE | MAINTAIN_BASELINE_PRIVACY_BUDGET | 200
PRIV-04165 | 0.9550 | 3.1822 | 0.8189 | CRITICAL_MEMORIZATION_LEAK_HAZARD | TRIGGER_DYNAMIC_DIFFERENTIAL_PRIVACY_NOISE | 422
PRIV-04166 | 0.5056 | 1.3048 | 0.1334 | DATA_PRIVACY_SECURE | MAINTAIN_BASELINE_PRIVACY_BUDGET | 200
PRIV-04167 | 0.6729 | 0.3286 | 0.1652 | DATA_PRIVACY_SECURE | MAINTAIN_BASELINE_PRIVACY_BUDGET | 200
PRIV-04168 | 0.6954 | 1.5184 | 0.266 | DATA_PRIVACY_SECURE | MAINTAIN_BASELINE_PRIVACY_BUDGET | 200
PRIV-04169 | 0.8699 | 2.5348 | 0.6495 | DATA_PRIVACY_SECURE | MAINTAIN_BASELINE_PRIVACY_BUDGET | 200
PRIV-04170 | 0.6596 | 0.4140 | 0.1443 | DATA_PRIVACY_SECURE | MAINTAIN_BASELINE_PRIVACY_BUDGET | 200
PRIV-04171 | 0.7441 | 1.5787 | 0.2799 | DATA_PRIVACY_SECURE | MAINTAIN_BASELINE_PRIVACY_BUDGET | 200
PRIV-04172 | 0.7278 | 2.9609 | 0.3602 | DATA_PRIVACY_SECURE | MAINTAIN_BASELINE_PRIVACY_BUDGET | 200
PRIV-04173 | 0.9645 | 3.1472 | 0.8408 | CRITICAL_MEMORIZATION_LEAK_HAZARD | TRIGGER_DYNAMIC_DIFFERENTIAL_PRIVACY_NOISE | 422
PRIV-04174 | 0.5730 | 2.3455 | 0.1331 | DATA_PRIVACY_SECURE | MAINTAIN_BASELINE_PRIVACY_BUDGET | 200
PRIV-04175 | 0.7587 | 2.6960 | 0.4021 | DATA_PRIVACY_SECURE | MAINTAIN_BASELINE_PRIVACY_BUDGET | 200
PRIV-04176 | 0.8400 | 0.9782 | 0.4504 | DATA_PRIVACY_SECURE | MAINTAIN_BASELINE_PRIVACY_BUDGET | 200
PRIV-04177 | 0.5392 | 3.2628 | 0.1507 | DATA_PRIVACY_SECURE | MAINTAIN_BASELINE_PRIVACY_BUDGET | 200
PRIV-04178 | 0.5087 | 3.3661 | 0.1395 | DATA_PRIVACY_SECURE | MAINTAIN_BASELINE_PRIVACY_BUDGET | 200
PRIV-04179 | 0.7348 | 0.7032 | 0.3379 | DATA_PRIVACY_SECURE | MAINTAIN_BASELINE_PRIVACY_BUDGET | 200
PRIV-04180 | 0.8518 | 1.8064 | 0.5171 | DATA_PRIVACY_SECURE | MAINTAIN_BASELINE_PRIVACY_BUDGET | 200
PRIV-04181 | 0.9726 | 1.3270 | 0.7383 | DATA_PRIVACY_SECURE | MAINTAIN_BASELINE_PRIVACY_BUDGET | 200
PRIV-04182 | 0.8588 | 0.5833 | 0.3862 | DATA_PRIVACY_SECURE | MAINTAIN_BASELINE_PRIVACY_BUDGET | 200
PRIV-04183 | 0.9726 | 2.7812 | 0.8325 | CRITICAL_MEMORIZATION_LEAK_HAZARD | TRIGGER_DYNAMIC_DIFFERENTIAL_PRIVACY_NOISE | 422
PRIV-04184 | 0.9770 | 1.0061 | 0.6595 | DATA_PRIVACY_SECURE | MAINTAIN_BASELINE_PRIVACY_BUDGET | 200
PRIV-04185 | 0.5209 | 0.4306 | 0.0665 | DATA_PRIVACY_SECURE | MAINTAIN_BASELINE_PRIVACY_BUDGET | 200
PRIV-04186 | 0.6364 | 0.3464 | 0.1654 | DATA_PRIVACY_SECURE | MAINTAIN_BASELINE_PRIVACY_BUDGET | 200
PRIV-04187 | 0.5455 | 0.5931 | 0.1985 | DATA_PRIVACY_SECURE | MAINTAIN_BASELINE_PRIVACY_BUDGET | 200
PRIV-04188 | 0.5617 | 3.3382 | 0.1425 | DATA_PRIVACY_SECURE | MAINTAIN_BASELINE_PRIVACY_BUDGET | 200
PRIV-04189 | 0.7999 | 0.8655 | 0.3436 | DATA_PRIVACY_SECURE | MAINTAIN_BASELINE_PRIVACY_BUDGET | 200
PRIV-04190 | 0.6988 | 1.6735 | 0.2848 | DATA_PRIVACY_SECURE | MAINTAIN_BASELINE_PRIVACY_BUDGET | 200
PRIV-04191 | 0.6137 | 3.0499 | 0.2366 | DATA_PRIVACY_SECURE | MAINTAIN_BASELINE_PRIVACY_BUDGET | 200
PRIV-04192 | 0.8133 | 3.0111 | 0.5233 | DATA_PRIVACY_SECURE | MAINTAIN_BASELINE_PRIVACY_BUDGET | 200
PRIV-04193 | 0.5092 | 1.1877 | 0.1525 | DATA_PRIVACY_SECURE | MAINTAIN_BASELINE_PRIVACY_BUDGET | 200
PRIV-04194 | 0.7608 | 0.3670 | 0.1631 | DATA_PRIVACY_SECURE | MAINTAIN_BASELINE_PRIVACY_BUDGET | 200
PRIV-04195 | 0.9414 | 1.3982 | 0.5735 | DATA_PRIVACY_SECURE | MAINTAIN_BASELINE_PRIVACY_BUDGET | 200
PRIV-04196 | 0.6414 | 2.5699 | 0.2252 | DATA_PRIVACY_SECURE | MAINTAIN_BASELINE_PRIVACY_BUDGET | 200
PRIV-04197 | 0.8709 | 0.9391 | 0.5187 | DATA_PRIVACY_SECURE | MAINTAIN_BASELINE_PRIVACY_BUDGET | 200
PRIV-04198 | 0.6301 | 0.4502 | 0.0901 | DATA_PRIVACY_SECURE | MAINTAIN_BASELINE_PRIVACY_BUDGET | 200
PRIV-04199 | 0.5620 | 2.0451 | 0.0368 | DATA_PRIVACY_SECURE | MAINTAIN_BASELINE_PRIVACY_BUDGET | 200
PRIV-04200 | 0.8901 | 3.4844 | 0.707 | DATA_PRIVACY_SECURE | MAINTAIN_BASELINE_PRIVACY_BUDGET | 200
PRIV-04201 | 0.8004 | 0.8204 | 0.3658 | DATA_PRIVACY_SECURE | MAINTAIN_BASELINE_PRIVACY_BUDGET | 200
PRIV-04202 | 0.7583 | 2.7770 | 0.3669 | DATA_PRIVACY_SECURE | MAINTAIN_BASELINE_PRIVACY_BUDGET | 200
PRIV-04203 | 0.8944 | 3.2382 | 0.649 | DATA_PRIVACY_SECURE | MAINTAIN_BASELINE_PRIVACY_BUDGET | 200
PRIV-04204 | 0.8067 | 2.3734 | 0.4414 | DATA_PRIVACY_SECURE | MAINTAIN_BASELINE_PRIVACY_BUDGET | 200
PRIV-04205 | 0.6688 | 0.8998 | 0.2171 | DATA_PRIVACY_SECURE | MAINTAIN_BASELINE_PRIVACY_BUDGET | 200
PRIV-04206 | 0.5706 | 1.6030 | 0.1296 | DATA_PRIVACY_SECURE | MAINTAIN_BASELINE_PRIVACY_BUDGET | 200
PRIV-04207 | 0.6842 | 2.6850 | 0.3196 | DATA_PRIVACY_SECURE | MAINTAIN_BASELINE_PRIVACY_BUDGET | 200
PRIV-04208 | 0.7320 | 0.7996 | 0.1565 | DATA_PRIVACY_SECURE | MAINTAIN_BASELINE_PRIVACY_BUDGET | 200
PRIV-04209 | 0.7310 | 1.4308 | 0.2809 | DATA_PRIVACY_SECURE | MAINTAIN_BASELINE_PRIVACY_BUDGET | 200
PRIV-04210 | 0.9230 | 0.5763 | 0.4584 | DATA_PRIVACY_SECURE | MAINTAIN_BASELINE_PRIVACY_BUDGET | 200
PRIV-04211 | 0.6422 | 0.2492 | 0.1386 | DATA_PRIVACY_SECURE | MAINTAIN_BASELINE_PRIVACY_BUDGET | 200
PRIV-04212 | 0.6279 | 2.7154 | 0.2106 | DATA_PRIVACY_SECURE | MAINTAIN_BASELINE_PRIVACY_BUDGET | 200
PRIV-04213 | 0.6564 | 1.7048 | 0.2713 | DATA_PRIVACY_SECURE | MAINTAIN_BASELINE_PRIVACY_BUDGET | 200
PRIV-04214 | 0.7303 | 0.9565 | 0.207 | DATA_PRIVACY_SECURE | MAINTAIN_BASELINE_PRIVACY_BUDGET | 200
PRIV-04215 | 0.8074 | 0.5325 | 0.3334 | DATA_PRIVACY_SECURE | MAINTAIN_BASELINE_PRIVACY_BUDGET | 200
PRIV-04216 | 0.8250 | 2.3083 | 0.5331 | DATA_PRIVACY_SECURE | MAINTAIN_BASELINE_PRIVACY_BUDGET | 200
PRIV-04217 | 0.9939 | 2.5973 | 0.9881 | CRITICAL_MEMORIZATION_LEAK_HAZARD | TRIGGER_DYNAMIC_DIFFERENTIAL_PRIVACY_NOISE | 422
PRIV-04218 | 0.7209 | 1.9594 | 0.3091 | DATA_PRIVACY_SECURE | MAINTAIN_BASELINE_PRIVACY_BUDGET | 200
PRIV-04219 | 0.8779 | 1.6082 | 0.5767 | DATA_PRIVACY_SECURE | MAINTAIN_BASELINE_PRIVACY_BUDGET | 200
PRIV-04220 | 0.5979 | 3.2537 | 0.1336 | DATA_PRIVACY_SECURE | MAINTAIN_BASELINE_PRIVACY_BUDGET | 200
PRIV-04221 | 0.9070 | 1.5748 | 0.5226 | DATA_PRIVACY_SECURE | MAINTAIN_BASELINE_PRIVACY_BUDGET | 200
PRIV-04222 | 0.8162 | 2.3528 | 0.5303 | DATA_PRIVACY_SECURE | MAINTAIN_BASELINE_PRIVACY_BUDGET | 200
PRIV-04223 | 0.5389 | 1.4166 | 0.1257 | DATA_PRIVACY_SECURE | MAINTAIN_BASELINE_PRIVACY_BUDGET | 200
PRIV-04224 | 0.5224 | 0.1742 | 0.1246 | DATA_PRIVACY_SECURE | MAINTAIN_BASELINE_PRIVACY_BUDGET | 200
PRIV-04225 | 0.8840 | 2.2690 | 0.5711 | DATA_PRIVACY_SECURE | MAINTAIN_BASELINE_PRIVACY_BUDGET | 200
PRIV-04226 | 0.9224 | 2.1684 | 0.725 | DATA_PRIVACY_SECURE | MAINTAIN_BASELINE_PRIVACY_BUDGET | 200
PRIV-04227 | 0.8091 | 0.8029 | 0.4405 | DATA_PRIVACY_SECURE | MAINTAIN_BASELINE_PRIVACY_BUDGET | 200
PRIV-04228 | 0.7770 | 0.5567 | 0.315 | DATA_PRIVACY_SECURE | MAINTAIN_BASELINE_PRIVACY_BUDGET | 200
PRIV-04229 | 0.6147 | 2.3144 | 0.2225 | DATA_PRIVACY_SECURE | MAINTAIN_BASELINE_PRIVACY_BUDGET | 200
PRIV-04230 | 0.9766 | 1.3166 | 0.7348 | DATA_PRIVACY_SECURE | MAINTAIN_BASELINE_PRIVACY_BUDGET | 200
PRIV-04231 | 0.8125 | 0.3682 | 0.2542 | DATA_PRIVACY_SECURE | MAINTAIN_BASELINE_PRIVACY_BUDGET | 200
PRIV-04232 | 0.6224 | 3.0385 | 0.2843 | DATA_PRIVACY_SECURE | MAINTAIN_BASELINE_PRIVACY_BUDGET | 200
PRIV-04233 | 0.7559 | 1.0201 | 0.293 | DATA_PRIVACY_SECURE | MAINTAIN_BASELINE_PRIVACY_BUDGET | 200
PRIV-04234 | 0.9112 | 3.1160 | 0.7446 | DATA_PRIVACY_SECURE | MAINTAIN_BASELINE_PRIVACY_BUDGET | 200
PRIV-04235 | 0.5949 | 1.2261 | 0.1002 | DATA_PRIVACY_SECURE | MAINTAIN_BASELINE_PRIVACY_BUDGET | 200
PRIV-04236 | 0.5128 | 2.7501 | 0.0795 | DATA_PRIVACY_SECURE | MAINTAIN_BASELINE_PRIVACY_BUDGET | 200
PRIV-04237 | 0.9101 | 1.2446 | 0.6427 | DATA_PRIVACY_SECURE | MAINTAIN_BASELINE_PRIVACY_BUDGET | 200
PRIV-04238 | 0.6447 | 1.2210 | 0.193 | DATA_PRIVACY_SECURE | MAINTAIN_BASELINE_PRIVACY_BUDGET | 200
PRIV-04239 | 0.5762 | 1.0888 | 0.2012 | DATA_PRIVACY_SECURE | MAINTAIN_BASELINE_PRIVACY_BUDGET | 200
PRIV-04240 | 0.6196 | 1.7941 | 0.2008 | DATA_PRIVACY_SECURE | MAINTAIN_BASELINE_PRIVACY_BUDGET | 200
PRIV-04241 | 0.9199 | 0.9199 | 0.483 | DATA_PRIVACY_SECURE | MAINTAIN_BASELINE_PRIVACY_BUDGET | 200
PRIV-04242 | 0.5760 | 1.3019 | 0.1859 | DATA_PRIVACY_SECURE | MAINTAIN_BASELINE_PRIVACY_BUDGET | 200
PRIV-04243 | 0.8660 | 0.2423 | 0.3403 | DATA_PRIVACY_SECURE | MAINTAIN_BASELINE_PRIVACY_BUDGET | 200
PRIV-04244 | 0.9967 | 0.5436 | 0.6544 | DATA_PRIVACY_SECURE | MAINTAIN_BASELINE_PRIVACY_BUDGET | 200
PRIV-04245 | 0.9952 | 0.3080 | 0.5692 | DATA_PRIVACY_SECURE | MAINTAIN_BASELINE_PRIVACY_BUDGET | 200
PRIV-04246 | 0.7131 | 3.1335 | 0.2858 | DATA_PRIVACY_SECURE | MAINTAIN_BASELINE_PRIVACY_BUDGET | 200
PRIV-04247 | 0.9114 | 0.1201 | 0.4077 | DATA_PRIVACY_SECURE | MAINTAIN_BASELINE_PRIVACY_BUDGET | 200
PRIV-04248 | 0.6972 | 1.4400 | 0.3618 | DATA_PRIVACY_SECURE | MAINTAIN_BASELINE_PRIVACY_BUDGET | 200
PRIV-04249 | 0.8736 | 1.4672 | 0.5614 | DATA_PRIVACY_SECURE | MAINTAIN_BASELINE_PRIVACY_BUDGET | 200
PRIV-04250 | 0.6070 | 0.3069 | 0.1265 | DATA_PRIVACY_SECURE | MAINTAIN_BASELINE_PRIVACY_BUDGET | 200
PRIV-04251 | 0.5671 | 2.9210 | 0.2161 | DATA_PRIVACY_SECURE | MAINTAIN_BASELINE_PRIVACY_BUDGET | 200
PRIV-04252 | 0.5185 | 1.2420 | 0.1166 | DATA_PRIVACY_SECURE | MAINTAIN_BASELINE_PRIVACY_BUDGET | 200
PRIV-04253 | 0.7911 | 2.1752 | 0.453 | DATA_PRIVACY_SECURE | MAINTAIN_BASELINE_PRIVACY_BUDGET | 200
PRIV-04254 | 0.9422 | 3.0497 | 0.7548 | DATA_PRIVACY_SECURE | MAINTAIN_BASELINE_PRIVACY_BUDGET | 200
PRIV-04255 | 0.7225 | 1.7635 | 0.3313 | DATA_PRIVACY_SECURE | MAINTAIN_BASELINE_PRIVACY_BUDGET | 200
PRIV-04256 | 0.7188 | 2.2490 | 0.3773 | DATA_PRIVACY_SECURE | MAINTAIN_BASELINE_PRIVACY_BUDGET | 200
PRIV-04257 | 0.8224 | 1.8995 | 0.4504 | DATA_PRIVACY_SECURE | MAINTAIN_BASELINE_PRIVACY_BUDGET | 200
PRIV-04258 | 0.5097 | 2.4536 | 0.1789 | DATA_PRIVACY_SECURE | MAINTAIN_BASELINE_PRIVACY_BUDGET | 200
PRIV-04259 | 0.7271 | 0.7928 | 0.261 | DATA_PRIVACY_SECURE | MAINTAIN_BASELINE_PRIVACY_BUDGET | 200
PRIV-04260 | 0.9796 | 0.6656 | 0.5853 | DATA_PRIVACY_SECURE | MAINTAIN_BASELINE_PRIVACY_BUDGET | 200
PRIV-04261 | 0.6006 | 1.8468 | 0.2271 | DATA_PRIVACY_SECURE | MAINTAIN_BASELINE_PRIVACY_BUDGET | 200
PRIV-04262 | 0.8642 | 0.5673 | 0.4004 | DATA_PRIVACY_SECURE | MAINTAIN_BASELINE_PRIVACY_BUDGET | 200
PRIV-04263 | 0.6341 | 0.9024 | 0.2118 | DATA_PRIVACY_SECURE | MAINTAIN_BASELINE_PRIVACY_BUDGET | 200
PRIV-04264 | 0.8599 | 1.7875 | 0.533 | DATA_PRIVACY_SECURE | MAINTAIN_BASELINE_PRIVACY_BUDGET | 200
PRIV-04265 | 0.7901 | 2.8577 | 0.464 | DATA_PRIVACY_SECURE | MAINTAIN_BASELINE_PRIVACY_BUDGET | 200
PRIV-04266 | 0.9527 | 3.3161 | 0.8542 | CRITICAL_MEMORIZATION_LEAK_HAZARD | TRIGGER_DYNAMIC_DIFFERENTIAL_PRIVACY_NOISE | 422
PRIV-04267 | 0.8195 | 0.1651 | 0.3095 | DATA_PRIVACY_SECURE | MAINTAIN_BASELINE_PRIVACY_BUDGET | 200
PRIV-04268 | 0.7985 | 0.3527 | 0.2192 | DATA_PRIVACY_SECURE | MAINTAIN_BASELINE_PRIVACY_BUDGET | 200
PRIV-04269 | 0.5342 | 2.7544 | 0.0984 | DATA_PRIVACY_SECURE | MAINTAIN_BASELINE_PRIVACY_BUDGET | 200
PRIV-04270 | 0.6092 | 1.2737 | 0.2139 | DATA_PRIVACY_SECURE | MAINTAIN_BASELINE_PRIVACY_BUDGET | 200
PRIV-04271 | 0.6930 | 2.9553 | 0.3111 | DATA_PRIVACY_SECURE | MAINTAIN_BASELINE_PRIVACY_BUDGET | 200
PRIV-04272 | 0.8856 | 1.6066 | 0.5576 | DATA_PRIVACY_SECURE | MAINTAIN_BASELINE_PRIVACY_BUDGET | 200
PRIV-04273 | 0.6570 | 1.0054 | 0.1533 | DATA_PRIVACY_SECURE | MAINTAIN_BASELINE_PRIVACY_BUDGET | 200
PRIV-04274 | 0.8807 | 2.5681 | 0.5914 | DATA_PRIVACY_SECURE | MAINTAIN_BASELINE_PRIVACY_BUDGET | 200
PRIV-04275 | 0.6820 | 1.4787 | 0.1775 | DATA_PRIVACY_SECURE | MAINTAIN_BASELINE_PRIVACY_BUDGET | 200
PRIV-04276 | 0.9485 | 2.9708 | 0.8076 | CRITICAL_MEMORIZATION_LEAK_HAZARD | TRIGGER_DYNAMIC_DIFFERENTIAL_PRIVACY_NOISE | 422
PRIV-04277 | 0.8345 | 0.9452 | 0.3945 | DATA_PRIVACY_SECURE | MAINTAIN_BASELINE_PRIVACY_BUDGET | 200
PRIV-04278 | 0.6771 | 2.0434 | 0.2362 | DATA_PRIVACY_SECURE | MAINTAIN_BASELINE_PRIVACY_BUDGET | 200
PRIV-04279 | 0.8409 | 1.1726 | 0.4513 | DATA_PRIVACY_SECURE | MAINTAIN_BASELINE_PRIVACY_BUDGET | 200
PRIV-04280 | 0.5746 | 0.9151 | 0.15 | DATA_PRIVACY_SECURE | MAINTAIN_BASELINE_PRIVACY_BUDGET | 200
PRIV-04281 | 0.5585 | 1.8420 | 0.2341 | DATA_PRIVACY_SECURE | MAINTAIN_BASELINE_PRIVACY_BUDGET | 200
PRIV-04282 | 0.6171 | 2.2737 | 0.1526 | DATA_PRIVACY_SECURE | MAINTAIN_BASELINE_PRIVACY_BUDGET | 200
PRIV-04283 | 0.6929 | 1.3381 | 0.3099 | DATA_PRIVACY_SECURE | MAINTAIN_BASELINE_PRIVACY_BUDGET | 200
PRIV-04284 | 0.5446 | 2.5362 | 0.1886 | DATA_PRIVACY_SECURE | MAINTAIN_BASELINE_PRIVACY_BUDGET | 200
PRIV-04285 | 0.8030 | 1.5339 | 0.3948 | DATA_PRIVACY_SECURE | MAINTAIN_BASELINE_PRIVACY_BUDGET | 200
PRIV-04286 | 0.8742 | 0.2033 | 0.376 | DATA_PRIVACY_SECURE | MAINTAIN_BASELINE_PRIVACY_BUDGET | 200
PRIV-04287 | 0.6316 | 0.6805 | 0.149 | DATA_PRIVACY_SECURE | MAINTAIN_BASELINE_PRIVACY_BUDGET | 200
PRIV-04288 | 0.9023 | 0.7272 | 0.5026 | DATA_PRIVACY_SECURE | MAINTAIN_BASELINE_PRIVACY_BUDGET | 200
PRIV-04289 | 0.9369 | 1.2657 | 0.7019 | DATA_PRIVACY_SECURE | MAINTAIN_BASELINE_PRIVACY_BUDGET | 200
PRIV-04290 | 0.9634 | 2.6687 | 0.8603 | CRITICAL_MEMORIZATION_LEAK_HAZARD | TRIGGER_DYNAMIC_DIFFERENTIAL_PRIVACY_NOISE | 422
PRIV-04291 | 0.8222 | 3.4910 | 0.5597 | DATA_PRIVACY_SECURE | MAINTAIN_BASELINE_PRIVACY_BUDGET | 200
PRIV-04292 | 0.7606 | 1.0799 | 0.3113 | DATA_PRIVACY_SECURE | MAINTAIN_BASELINE_PRIVACY_BUDGET | 200
PRIV-04293 | 0.8360 | 1.9923 | 0.4547 | DATA_PRIVACY_SECURE | MAINTAIN_BASELINE_PRIVACY_BUDGET | 200
PRIV-04294 | 0.6625 | 0.9395 | 0.2008 | DATA_PRIVACY_SECURE | MAINTAIN_BASELINE_PRIVACY_BUDGET | 200
PRIV-04295 | 0.9179 | 1.1766 | 0.6393 | DATA_PRIVACY_SECURE | MAINTAIN_BASELINE_PRIVACY_BUDGET | 200
PRIV-04296 | 0.7900 | 0.1503 | 0.2039 | DATA_PRIVACY_SECURE | MAINTAIN_BASELINE_PRIVACY_BUDGET | 200
PRIV-04297 | 0.8501 | 2.3473 | 0.5184 | DATA_PRIVACY_SECURE | MAINTAIN_BASELINE_PRIVACY_BUDGET | 200
PRIV-04298 | 0.7611 | 1.5608 | 0.3694 | DATA_PRIVACY_SECURE | MAINTAIN_BASELINE_PRIVACY_BUDGET | 200
PRIV-04299 | 0.8623 | 1.0473 | 0.4353 | DATA_PRIVACY_SECURE | MAINTAIN_BASELINE_PRIVACY_BUDGET | 200
PRIV-04300 | 0.9524 | 0.1619 | 0.4352 | DATA_PRIVACY_SECURE | MAINTAIN_BASELINE_PRIVACY_BUDGET | 200
PRIV-04301 | 0.6884 | 2.5463 | 0.2855 | DATA_PRIVACY_SECURE | MAINTAIN_BASELINE_PRIVACY_BUDGET | 200
PRIV-04302 | 0.7840 | 1.3470 | 0.3278 | DATA_PRIVACY_SECURE | MAINTAIN_BASELINE_PRIVACY_BUDGET | 200
PRIV-04303 | 0.5497 | 0.7228 | 0.0728 | DATA_PRIVACY_SECURE | MAINTAIN_BASELINE_PRIVACY_BUDGET | 200
PRIV-04304 | 0.5964 | 1.1636 | 0.1898 | DATA_PRIVACY_SECURE | MAINTAIN_BASELINE_PRIVACY_BUDGET | 200
PRIV-04305 | 0.7622 | 2.8731 | 0.3668 | DATA_PRIVACY_SECURE | MAINTAIN_BASELINE_PRIVACY_BUDGET | 200
PRIV-04306 | 0.7591 | 1.8757 | 0.3154 | DATA_PRIVACY_SECURE | MAINTAIN_BASELINE_PRIVACY_BUDGET | 200
PRIV-04307 | 0.8109 | 2.6957 | 0.4743 | DATA_PRIVACY_SECURE | MAINTAIN_BASELINE_PRIVACY_BUDGET | 200
PRIV-04308 | 0.7614 | 2.1050 | 0.4227 | DATA_PRIVACY_SECURE | MAINTAIN_BASELINE_PRIVACY_BUDGET | 200
PRIV-04309 | 0.7383 | 2.2867 | 0.3575 | DATA_PRIVACY_SECURE | MAINTAIN_BASELINE_PRIVACY_BUDGET | 200
PRIV-04310 | 0.9982 | 1.2585 | 0.756 | DATA_PRIVACY_SECURE | MAINTAIN_BASELINE_PRIVACY_BUDGET | 200
PRIV-04311 | 0.6907 | 1.7955 | 0.2843 | DATA_PRIVACY_SECURE | MAINTAIN_BASELINE_PRIVACY_BUDGET | 200
PRIV-04312 | 0.6344 | 1.5752 | 0.1417 | DATA_PRIVACY_SECURE | MAINTAIN_BASELINE_PRIVACY_BUDGET | 200
PRIV-04313 | 0.6453 | 1.0013 | 0.2163 | DATA_PRIVACY_SECURE | MAINTAIN_BASELINE_PRIVACY_BUDGET | 200
PRIV-04314 | 0.9455 | 0.1005 | 0.4592 | DATA_PRIVACY_SECURE | MAINTAIN_BASELINE_PRIVACY_BUDGET | 200
PRIV-04315 | 0.8829 | 2.1950 | 0.6029 | DATA_PRIVACY_SECURE | MAINTAIN_BASELINE_PRIVACY_BUDGET | 200
PRIV-04316 | 0.5002 | 3.3962 | 0.1613 | DATA_PRIVACY_SECURE | MAINTAIN_BASELINE_PRIVACY_BUDGET | 200
PRIV-04317 | 0.7511 | 3.0581 | 0.3596 | DATA_PRIVACY_SECURE | MAINTAIN_BASELINE_PRIVACY_BUDGET | 200
PRIV-04318 | 0.7038 | 2.8446 | 0.3745 | DATA_PRIVACY_SECURE | MAINTAIN_BASELINE_PRIVACY_BUDGET | 200
PRIV-04319 | 0.9930 | 1.6541 | 0.8281 | CRITICAL_MEMORIZATION_LEAK_HAZARD | TRIGGER_DYNAMIC_DIFFERENTIAL_PRIVACY_NOISE | 422
PRIV-04320 | 0.9462 | 3.0545 | 0.7955 | CRITICAL_MEMORIZATION_LEAK_HAZARD | TRIGGER_DYNAMIC_DIFFERENTIAL_PRIVACY_NOISE | 422
PRIV-04321 | 0.7918 | 0.3572 | 0.2912 | DATA_PRIVACY_SECURE | MAINTAIN_BASELINE_PRIVACY_BUDGET | 200
PRIV-04322 | 0.6409 | 1.6661 | 0.2171 | DATA_PRIVACY_SECURE | MAINTAIN_BASELINE_PRIVACY_BUDGET | 200
PRIV-04323 | 0.8900 | 3.1244 | 0.7241 | DATA_PRIVACY_SECURE | MAINTAIN_BASELINE_PRIVACY_BUDGET | 200
PRIV-04324 | 0.8022 | 3.4009 | 0.4565 | DATA_PRIVACY_SECURE | MAINTAIN_BASELINE_PRIVACY_BUDGET | 200
PRIV-04325 | 0.7537 | 2.3737 | 0.3611 | DATA_PRIVACY_SECURE | MAINTAIN_BASELINE_PRIVACY_BUDGET | 200
PRIV-04326 | 0.7981 | 0.4905 | 0.3568 | DATA_PRIVACY_SECURE | MAINTAIN_BASELINE_PRIVACY_BUDGET | 200
PRIV-04327 | 0.9133 | 1.2118 | 0.5632 | DATA_PRIVACY_SECURE | MAINTAIN_BASELINE_PRIVACY_BUDGET | 200
PRIV-04328 | 0.5570 | 1.4109 | 0.175 | DATA_PRIVACY_SECURE | MAINTAIN_BASELINE_PRIVACY_BUDGET | 200
PRIV-04329 | 0.7195 | 1.6233 | 0.3791 | DATA_PRIVACY_SECURE | MAINTAIN_BASELINE_PRIVACY_BUDGET | 200
PRIV-04330 | 0.5819 | 2.2937 | 0.1629 | DATA_PRIVACY_SECURE | MAINTAIN_BASELINE_PRIVACY_BUDGET | 200
PRIV-04331 | 0.5383 | 1.3575 | 0.1513 | DATA_PRIVACY_SECURE | MAINTAIN_BASELINE_PRIVACY_BUDGET | 200
PRIV-04332 | 0.9063 | 1.9428 | 0.6051 | DATA_PRIVACY_SECURE | MAINTAIN_BASELINE_PRIVACY_BUDGET | 200
PRIV-04333 | 0.6437 | 0.9004 | 0.2198 | DATA_PRIVACY_SECURE | MAINTAIN_BASELINE_PRIVACY_BUDGET | 200
PRIV-04334 | 0.9235 | 2.2066 | 0.7175 | DATA_PRIVACY_SECURE | MAINTAIN_BASELINE_PRIVACY_BUDGET | 200
PRIV-04335 | 0.6102 | 1.7478 | 0.2124 | DATA_PRIVACY_SECURE | MAINTAIN_BASELINE_PRIVACY_BUDGET | 200
PRIV-04336 | 0.6890 | 1.7071 | 0.251 | DATA_PRIVACY_SECURE | MAINTAIN_BASELINE_PRIVACY_BUDGET | 200
PRIV-04337 | 0.8891 | 0.5204 | 0.3744 | DATA_PRIVACY_SECURE | MAINTAIN_BASELINE_PRIVACY_BUDGET | 200
PRIV-04338 | 0.8149 | 0.4247 | 0.3473 | DATA_PRIVACY_SECURE | MAINTAIN_BASELINE_PRIVACY_BUDGET | 200
PRIV-04339 | 0.7613 | 1.6147 | 0.2854 | DATA_PRIVACY_SECURE | MAINTAIN_BASELINE_PRIVACY_BUDGET | 200
PRIV-04340 | 0.7472 | 0.5961 | 0.2563 | DATA_PRIVACY_SECURE | MAINTAIN_BASELINE_PRIVACY_BUDGET | 200
PRIV-04341 | 0.7676 | 0.6058 | 0.3302 | DATA_PRIVACY_SECURE | MAINTAIN_BASELINE_PRIVACY_BUDGET | 200
PRIV-04342 | 0.6748 | 2.6972 | 0.2956 | DATA_PRIVACY_SECURE | MAINTAIN_BASELINE_PRIVACY_BUDGET | 200
PRIV-04343 | 0.5494 | 3.4559 | 0.2387 | DATA_PRIVACY_SECURE | MAINTAIN_BASELINE_PRIVACY_BUDGET | 200
PRIV-04344 | 0.6961 | 0.2712 | 0.2324 | DATA_PRIVACY_SECURE | MAINTAIN_BASELINE_PRIVACY_BUDGET | 200
PRIV-04345 | 0.6427 | 3.1012 | 0.2279 | DATA_PRIVACY_SECURE | MAINTAIN_BASELINE_PRIVACY_BUDGET | 200
PRIV-04346 | 0.9824 | 0.9471 | 0.6842 | DATA_PRIVACY_SECURE | MAINTAIN_BASELINE_PRIVACY_BUDGET | 200
PRIV-04347 | 0.6063 | 3.4868 | 0.2144 | DATA_PRIVACY_SECURE | MAINTAIN_BASELINE_PRIVACY_BUDGET | 200
PRIV-04348 | 0.5376 | 2.2743 | 0.0776 | DATA_PRIVACY_SECURE | MAINTAIN_BASELINE_PRIVACY_BUDGET | 200
PRIV-04349 | 0.7945 | 1.6517 | 0.3833 | DATA_PRIVACY_SECURE | MAINTAIN_BASELINE_PRIVACY_BUDGET | 200
PRIV-04350 | 0.8122 | 1.9534 | 0.4469 | DATA_PRIVACY_SECURE | MAINTAIN_BASELINE_PRIVACY_BUDGET | 200
PRIV-04351 | 0.6272 | 2.4480 | 0.1456 | DATA_PRIVACY_SECURE | MAINTAIN_BASELINE_PRIVACY_BUDGET | 200
PRIV-04352 | 0.6871 | 2.8282 | 0.3082 | DATA_PRIVACY_SECURE | MAINTAIN_BASELINE_PRIVACY_BUDGET | 200
PRIV-04353 | 0.9192 | 1.2064 | 0.5878 | DATA_PRIVACY_SECURE | MAINTAIN_BASELINE_PRIVACY_BUDGET | 200
PRIV-04354 | 0.5757 | 2.0210 | 0.1016 | DATA_PRIVACY_SECURE | MAINTAIN_BASELINE_PRIVACY_BUDGET | 200
PRIV-04355 | 0.8075 | 1.7792 | 0.4667 | DATA_PRIVACY_SECURE | MAINTAIN_BASELINE_PRIVACY_BUDGET | 200
PRIV-04356 | 0.5281 | 2.5229 | 0.165 | DATA_PRIVACY_SECURE | MAINTAIN_BASELINE_PRIVACY_BUDGET | 200
PRIV-04357 | 0.5137 | 2.8312 | 0.1371 | DATA_PRIVACY_SECURE | MAINTAIN_BASELINE_PRIVACY_BUDGET | 200
PRIV-04358 | 0.7267 | 1.5488 | 0.3035 | DATA_PRIVACY_SECURE | MAINTAIN_BASELINE_PRIVACY_BUDGET | 200
PRIV-04359 | 0.8649 | 1.5872 | 0.5608 | DATA_PRIVACY_SECURE | MAINTAIN_BASELINE_PRIVACY_BUDGET | 200
PRIV-04360 | 0.8605 | 1.7016 | 0.5661 | DATA_PRIVACY_SECURE | MAINTAIN_BASELINE_PRIVACY_BUDGET | 200
PRIV-04361 | 0.8156 | 1.1194 | 0.4214 | DATA_PRIVACY_SECURE | MAINTAIN_BASELINE_PRIVACY_BUDGET | 200
PRIV-04362 | 0.9478 | 1.2423 | 0.6277 | DATA_PRIVACY_SECURE | MAINTAIN_BASELINE_PRIVACY_BUDGET | 200
PRIV-04363 | 0.6609 | 3.2336 | 0.2888 | DATA_PRIVACY_SECURE | MAINTAIN_BASELINE_PRIVACY_BUDGET | 200
PRIV-04364 | 0.7808 | 1.7461 | 0.4532 | DATA_PRIVACY_SECURE | MAINTAIN_BASELINE_PRIVACY_BUDGET | 200
PRIV-04365 | 0.7971 | 2.3051 | 0.4366 | DATA_PRIVACY_SECURE | MAINTAIN_BASELINE_PRIVACY_BUDGET | 200
PRIV-04366 | 0.5409 | 0.4740 | 0.1814 | DATA_PRIVACY_SECURE | MAINTAIN_BASELINE_PRIVACY_BUDGET | 200
PRIV-04367 | 0.7610 | 0.4089 | 0.2438 | DATA_PRIVACY_SECURE | MAINTAIN_BASELINE_PRIVACY_BUDGET | 200
PRIV-04368 | 0.8860 | 2.6841 | 0.6523 | DATA_PRIVACY_SECURE | MAINTAIN_BASELINE_PRIVACY_BUDGET | 200
PRIV-04369 | 0.5673 | 0.2447 | 0.0755 | DATA_PRIVACY_SECURE | MAINTAIN_BASELINE_PRIVACY_BUDGET | 200
PRIV-04370 | 0.9709 | 0.9575 | 0.6702 | DATA_PRIVACY_SECURE | MAINTAIN_BASELINE_PRIVACY_BUDGET | 200
PRIV-04371 | 0.5843 | 0.6433 | 0.0611 | DATA_PRIVACY_SECURE | MAINTAIN_BASELINE_PRIVACY_BUDGET | 200
PRIV-04372 | 0.6661 | 1.2454 | 0.2077 | DATA_PRIVACY_SECURE | MAINTAIN_BASELINE_PRIVACY_BUDGET | 200
PRIV-04373 | 0.9699 | 2.3533 | 0.7895 | CRITICAL_MEMORIZATION_LEAK_HAZARD | TRIGGER_DYNAMIC_DIFFERENTIAL_PRIVACY_NOISE | 422
PRIV-04374 | 0.7719 | 0.5102 | 0.2928 | DATA_PRIVACY_SECURE | MAINTAIN_BASELINE_PRIVACY_BUDGET | 200
PRIV-04375 | 0.5686 | 1.8287 | 0.1981 | DATA_PRIVACY_SECURE | MAINTAIN_BASELINE_PRIVACY_BUDGET | 200
PRIV-04376 | 0.9822 | 1.2140 | 0.7563 | DATA_PRIVACY_SECURE | MAINTAIN_BASELINE_PRIVACY_BUDGET | 200
PRIV-04377 | 0.9466 | 2.7833 | 0.7038 | DATA_PRIVACY_SECURE | MAINTAIN_BASELINE_PRIVACY_BUDGET | 200
PRIV-04378 | 0.7079 | 3.4179 | 0.4251 | DATA_PRIVACY_SECURE | MAINTAIN_BASELINE_PRIVACY_BUDGET | 200
PRIV-04379 | 0.9893 | 0.4191 | 0.5959 | DATA_PRIVACY_SECURE | MAINTAIN_BASELINE_PRIVACY_BUDGET | 200
PRIV-04380 | 0.7738 | 2.8053 | 0.4058 | DATA_PRIVACY_SECURE | MAINTAIN_BASELINE_PRIVACY_BUDGET | 200
PRIV-04381 | 0.9621 | 0.9392 | 0.6466 | DATA_PRIVACY_SECURE | MAINTAIN_BASELINE_PRIVACY_BUDGET | 200
PRIV-04382 | 0.8787 | 3.4640 | 0.665 | DATA_PRIVACY_SECURE | MAINTAIN_BASELINE_PRIVACY_BUDGET | 200
PRIV-04383 | 0.8508 | 2.6235 | 0.5475 | DATA_PRIVACY_SECURE | MAINTAIN_BASELINE_PRIVACY_BUDGET | 200
PRIV-04384 | 0.9890 | 2.4615 | 0.8993 | CRITICAL_MEMORIZATION_LEAK_HAZARD | TRIGGER_DYNAMIC_DIFFERENTIAL_PRIVACY_NOISE | 422
PRIV-04385 | 0.5005 | 1.0557 | 0.0687 | DATA_PRIVACY_SECURE | MAINTAIN_BASELINE_PRIVACY_BUDGET | 200
PRIV-04386 | 0.8338 | 2.8168 | 0.5309 | DATA_PRIVACY_SECURE | MAINTAIN_BASELINE_PRIVACY_BUDGET | 200
PRIV-04387 | 0.7232 | 0.4963 | 0.2077 | DATA_PRIVACY_SECURE | MAINTAIN_BASELINE_PRIVACY_BUDGET | 200
PRIV-04388 | 0.6896 | 0.4536 | 0.1432 | DATA_PRIVACY_SECURE | MAINTAIN_BASELINE_PRIVACY_BUDGET | 200
PRIV-04389 | 0.5380 | 2.0685 | 0.1441 | DATA_PRIVACY_SECURE | MAINTAIN_BASELINE_PRIVACY_BUDGET | 200
PRIV-04390 | 0.8653 | 1.9188 | 0.5883 | DATA_PRIVACY_SECURE | MAINTAIN_BASELINE_PRIVACY_BUDGET | 200
PRIV-04391 | 0.9931 | 0.4130 | 0.6101 | DATA_PRIVACY_SECURE | MAINTAIN_BASELINE_PRIVACY_BUDGET | 200
PRIV-04392 | 0.5259 | 3.0543 | 0.1717 | DATA_PRIVACY_SECURE | MAINTAIN_BASELINE_PRIVACY_BUDGET | 200
PRIV-04393 | 0.7824 | 3.1805 | 0.4728 | DATA_PRIVACY_SECURE | MAINTAIN_BASELINE_PRIVACY_BUDGET | 200
PRIV-04394 | 0.7199 | 2.9720 | 0.3337 | DATA_PRIVACY_SECURE | MAINTAIN_BASELINE_PRIVACY_BUDGET | 200
PRIV-04395 | 0.7615 | 3.1051 | 0.4562 | DATA_PRIVACY_SECURE | MAINTAIN_BASELINE_PRIVACY_BUDGET | 200
PRIV-04396 | 0.6266 | 1.5665 | 0.1493 | DATA_PRIVACY_SECURE | MAINTAIN_BASELINE_PRIVACY_BUDGET | 200
PRIV-04397 | 0.8559 | 1.9344 | 0.5118 | DATA_PRIVACY_SECURE | MAINTAIN_BASELINE_PRIVACY_BUDGET | 200
PRIV-04398 | 0.5416 | 2.1590 | 0.1039 | DATA_PRIVACY_SECURE | MAINTAIN_BASELINE_PRIVACY_BUDGET | 200
PRIV-04399 | 0.5842 | 2.6671 | 0.2296 | DATA_PRIVACY_SECURE | MAINTAIN_BASELINE_PRIVACY_BUDGET | 200
PRIV-04400 | 0.8510 | 2.4292 | 0.6041 | DATA_PRIVACY_SECURE | MAINTAIN_BASELINE_PRIVACY_BUDGET | 200
PRIV-04401 | 0.6385 | 0.1926 | 0.1622 | DATA_PRIVACY_SECURE | MAINTAIN_BASELINE_PRIVACY_BUDGET | 200
PRIV-04402 | 0.7364 | 2.6177 | 0.4151 | DATA_PRIVACY_SECURE | MAINTAIN_BASELINE_PRIVACY_BUDGET | 200
PRIV-04403 | 0.6015 | 0.9438 | 0.1215 | DATA_PRIVACY_SECURE | MAINTAIN_BASELINE_PRIVACY_BUDGET | 200
PRIV-04404 | 0.7274 | 1.0412 | 0.2985 | DATA_PRIVACY_SECURE | MAINTAIN_BASELINE_PRIVACY_BUDGET | 200
PRIV-04405 | 0.9458 | 1.2490 | 0.6524 | DATA_PRIVACY_SECURE | MAINTAIN_BASELINE_PRIVACY_BUDGET | 200
PRIV-04406 | 0.9759 | 2.1181 | 0.8635 | CRITICAL_MEMORIZATION_LEAK_HAZARD | TRIGGER_DYNAMIC_DIFFERENTIAL_PRIVACY_NOISE | 422
PRIV-04407 | 0.8312 | 2.1458 | 0.5096 | DATA_PRIVACY_SECURE | MAINTAIN_BASELINE_PRIVACY_BUDGET | 200
PRIV-04408 | 0.5343 | 1.7268 | 0.1141 | DATA_PRIVACY_SECURE | MAINTAIN_BASELINE_PRIVACY_BUDGET | 200
PRIV-04409 | 0.6217 | 1.1233 | 0.203 | DATA_PRIVACY_SECURE | MAINTAIN_BASELINE_PRIVACY_BUDGET | 200
PRIV-04410 | 0.7085 | 0.9598 | 0.2922 | DATA_PRIVACY_SECURE | MAINTAIN_BASELINE_PRIVACY_BUDGET | 200
PRIV-04411 | 0.7110 | 1.2405 | 0.252 | DATA_PRIVACY_SECURE | MAINTAIN_BASELINE_PRIVACY_BUDGET | 200
PRIV-04412 | 0.6649 | 3.2212 | 0.2803 | DATA_PRIVACY_SECURE | MAINTAIN_BASELINE_PRIVACY_BUDGET | 200
PRIV-04413 | 0.8989 | 1.9269 | 0.5918 | DATA_PRIVACY_SECURE | MAINTAIN_BASELINE_PRIVACY_BUDGET | 200
PRIV-04414 | 0.8531 | 2.3614 | 0.4675 | DATA_PRIVACY_SECURE | MAINTAIN_BASELINE_PRIVACY_BUDGET | 200
PRIV-04415 | 0.9124 | 1.8386 | 0.6634 | DATA_PRIVACY_SECURE | MAINTAIN_BASELINE_PRIVACY_BUDGET | 200
PRIV-04416 | 0.5226 | 2.8991 | 0.1596 | DATA_PRIVACY_SECURE | MAINTAIN_BASELINE_PRIVACY_BUDGET | 200
PRIV-04417 | 0.5516 | 2.1404 | 0.1607 | DATA_PRIVACY_SECURE | MAINTAIN_BASELINE_PRIVACY_BUDGET | 200
PRIV-04418 | 0.5794 | 2.2059 | 0.0972 | DATA_PRIVACY_SECURE | MAINTAIN_BASELINE_PRIVACY_BUDGET | 200
PRIV-04419 | 0.5019 | 1.5043 | 0.0894 | DATA_PRIVACY_SECURE | MAINTAIN_BASELINE_PRIVACY_BUDGET | 200
PRIV-04420 | 0.9197 | 1.7859 | 0.5776 | DATA_PRIVACY_SECURE | MAINTAIN_BASELINE_PRIVACY_BUDGET | 200
PRIV-04421 | 0.9316 | 0.5912 | 0.5752 | DATA_PRIVACY_SECURE | MAINTAIN_BASELINE_PRIVACY_BUDGET | 200
PRIV-04422 | 0.7110 | 1.6961 | 0.2602 | DATA_PRIVACY_SECURE | MAINTAIN_BASELINE_PRIVACY_BUDGET | 200
PRIV-04423 | 0.9887 | 1.1025 | 0.7758 | CRITICAL_MEMORIZATION_LEAK_HAZARD | TRIGGER_DYNAMIC_DIFFERENTIAL_PRIVACY_NOISE | 422
PRIV-04424 | 0.5306 | 0.5704 | 0.1333 | DATA_PRIVACY_SECURE | MAINTAIN_BASELINE_PRIVACY_BUDGET | 200
PRIV-04425 | 0.7406 | 0.4866 | 0.2156 | DATA_PRIVACY_SECURE | MAINTAIN_BASELINE_PRIVACY_BUDGET | 200
PRIV-04426 | 0.5744 | 1.4222 | 0.1074 | DATA_PRIVACY_SECURE | MAINTAIN_BASELINE_PRIVACY_BUDGET | 200
PRIV-04427 | 0.6670 | 0.8258 | 0.2204 | DATA_PRIVACY_SECURE | MAINTAIN_BASELINE_PRIVACY_BUDGET | 200
PRIV-04428 | 0.6963 | 2.8230 | 0.2849 | DATA_PRIVACY_SECURE | MAINTAIN_BASELINE_PRIVACY_BUDGET | 200
PRIV-04429 | 0.6990 | 2.4407 | 0.3183 | DATA_PRIVACY_SECURE | MAINTAIN_BASELINE_PRIVACY_BUDGET | 200
PRIV-04430 | 0.9846 | 0.1126 | 0.4848 | DATA_PRIVACY_SECURE | MAINTAIN_BASELINE_PRIVACY_BUDGET | 200
PRIV-04431 | 0.8370 | 1.2223 | 0.3817 | DATA_PRIVACY_SECURE | MAINTAIN_BASELINE_PRIVACY_BUDGET | 200
PRIV-04432 | 0.8480 | 1.0262 | 0.3597 | DATA_PRIVACY_SECURE | MAINTAIN_BASELINE_PRIVACY_BUDGET | 200
PRIV-04433 | 0.5475 | 2.3757 | 0.1593 | DATA_PRIVACY_SECURE | MAINTAIN_BASELINE_PRIVACY_BUDGET | 200
PRIV-04434 | 0.6389 | 1.3815 | 0.186 | DATA_PRIVACY_SECURE | MAINTAIN_BASELINE_PRIVACY_BUDGET | 200
PRIV-04435 | 0.8770 | 0.5439 | 0.4046 | DATA_PRIVACY_SECURE | MAINTAIN_BASELINE_PRIVACY_BUDGET | 200
PRIV-04436 | 0.7147 | 2.6410 | 0.3687 | DATA_PRIVACY_SECURE | MAINTAIN_BASELINE_PRIVACY_BUDGET | 200
PRIV-04437 | 0.5201 | 1.6341 | 0.1647 | DATA_PRIVACY_SECURE | MAINTAIN_BASELINE_PRIVACY_BUDGET | 200
PRIV-04438 | 0.7001 | 2.5015 | 0.3062 | DATA_PRIVACY_SECURE | MAINTAIN_BASELINE_PRIVACY_BUDGET | 200
PRIV-04439 | 0.8296 | 2.5015 | 0.5141 | DATA_PRIVACY_SECURE | MAINTAIN_BASELINE_PRIVACY_BUDGET | 200
PRIV-04440 | 0.9093 | 2.4364 | 0.7113 | DATA_PRIVACY_SECURE | MAINTAIN_BASELINE_PRIVACY_BUDGET | 200
PRIV-04441 | 0.5557 | 3.3417 | 0.1114 | DATA_PRIVACY_SECURE | MAINTAIN_BASELINE_PRIVACY_BUDGET | 200
PRIV-04442 | 0.5765 | 2.6374 | 0.1877 | DATA_PRIVACY_SECURE | MAINTAIN_BASELINE_PRIVACY_BUDGET | 200
PRIV-04443 | 0.9117 | 0.1180 | 0.4233 | DATA_PRIVACY_SECURE | MAINTAIN_BASELINE_PRIVACY_BUDGET | 200
PRIV-04444 | 0.7928 | 0.5326 | 0.3412 | DATA_PRIVACY_SECURE | MAINTAIN_BASELINE_PRIVACY_BUDGET | 200
PRIV-04445 | 0.7849 | 2.1796 | 0.357 | DATA_PRIVACY_SECURE | MAINTAIN_BASELINE_PRIVACY_BUDGET | 200
PRIV-04446 | 0.6033 | 2.5043 | 0.1725 | DATA_PRIVACY_SECURE | MAINTAIN_BASELINE_PRIVACY_BUDGET | 200
PRIV-04447 | 0.7422 | 2.8967 | 0.3524 | DATA_PRIVACY_SECURE | MAINTAIN_BASELINE_PRIVACY_BUDGET | 200
PRIV-04448 | 0.5614 | 1.6911 | 0.1534 | DATA_PRIVACY_SECURE | MAINTAIN_BASELINE_PRIVACY_BUDGET | 200
PRIV-04449 | 0.9595 | 2.4938 | 0.8352 | CRITICAL_MEMORIZATION_LEAK_HAZARD | TRIGGER_DYNAMIC_DIFFERENTIAL_PRIVACY_NOISE | 422
PRIV-04450 | 0.6669 | 1.4973 | 0.3022 | DATA_PRIVACY_SECURE | MAINTAIN_BASELINE_PRIVACY_BUDGET | 200
PRIV-04451 | 0.8717 | 2.8366 | 0.6059 | DATA_PRIVACY_SECURE | MAINTAIN_BASELINE_PRIVACY_BUDGET | 200
PRIV-04452 | 0.7262 | 2.7137 | 0.3392 | DATA_PRIVACY_SECURE | MAINTAIN_BASELINE_PRIVACY_BUDGET | 200
PRIV-04453 | 0.8792 | 2.6780 | 0.6819 | DATA_PRIVACY_SECURE | MAINTAIN_BASELINE_PRIVACY_BUDGET | 200
PRIV-04454 | 0.9527 | 2.0076 | 0.7742 | CRITICAL_MEMORIZATION_LEAK_HAZARD | TRIGGER_DYNAMIC_DIFFERENTIAL_PRIVACY_NOISE | 422
PRIV-04455 | 0.7183 | 0.2063 | 0.2551 | DATA_PRIVACY_SECURE | MAINTAIN_BASELINE_PRIVACY_BUDGET | 200
PRIV-04456 | 0.8654 | 0.8928 | 0.4714 | DATA_PRIVACY_SECURE | MAINTAIN_BASELINE_PRIVACY_BUDGET | 200
PRIV-04457 | 0.9879 | 0.2152 | 0.4874 | DATA_PRIVACY_SECURE | MAINTAIN_BASELINE_PRIVACY_BUDGET | 200
PRIV-04458 | 0.9501 | 0.5295 | 0.4865 | DATA_PRIVACY_SECURE | MAINTAIN_BASELINE_PRIVACY_BUDGET | 200
PRIV-04459 | 0.9712 | 0.8866 | 0.5867 | DATA_PRIVACY_SECURE | MAINTAIN_BASELINE_PRIVACY_BUDGET | 200
PRIV-04460 | 0.5116 | 2.0048 | 0.1445 | DATA_PRIVACY_SECURE | MAINTAIN_BASELINE_PRIVACY_BUDGET | 200
PRIV-04461 | 0.7814 | 3.1014 | 0.5041 | DATA_PRIVACY_SECURE | MAINTAIN_BASELINE_PRIVACY_BUDGET | 200
PRIV-04462 | 0.6892 | 3.1428 | 0.3878 | DATA_PRIVACY_SECURE | MAINTAIN_BASELINE_PRIVACY_BUDGET | 200
PRIV-04463 | 0.6622 | 3.1821 | 0.3126 | DATA_PRIVACY_SECURE | MAINTAIN_BASELINE_PRIVACY_BUDGET | 200
PRIV-04464 | 0.9895 | 2.4266 | 0.9366 | CRITICAL_MEMORIZATION_LEAK_HAZARD | TRIGGER_DYNAMIC_DIFFERENTIAL_PRIVACY_NOISE | 422
PRIV-04465 | 0.5277 | 2.8332 | 0.1156 | DATA_PRIVACY_SECURE | MAINTAIN_BASELINE_PRIVACY_BUDGET | 200
PRIV-04466 | 0.8382 | 1.5717 | 0.4414 | DATA_PRIVACY_SECURE | MAINTAIN_BASELINE_PRIVACY_BUDGET | 200
PRIV-04467 | 0.6976 | 2.1184 | 0.337 | DATA_PRIVACY_SECURE | MAINTAIN_BASELINE_PRIVACY_BUDGET | 200
PRIV-04468 | 0.6624 | 2.4206 | 0.2836 | DATA_PRIVACY_SECURE | MAINTAIN_BASELINE_PRIVACY_BUDGET | 200
PRIV-04469 | 0.6079 | 0.7664 | 0.1577 | DATA_PRIVACY_SECURE | MAINTAIN_BASELINE_PRIVACY_BUDGET | 200
PRIV-04470 | 0.8961 | 1.3331 | 0.585 | DATA_PRIVACY_SECURE | MAINTAIN_BASELINE_PRIVACY_BUDGET | 200
PRIV-04471 | 0.8800 | 1.8012 | 0.5978 | DATA_PRIVACY_SECURE | MAINTAIN_BASELINE_PRIVACY_BUDGET | 200
PRIV-04472 | 0.6777 | 2.0888 | 0.3283 | DATA_PRIVACY_SECURE | MAINTAIN_BASELINE_PRIVACY_BUDGET | 200
PRIV-04473 | 0.6084 | 2.0211 | 0.2507 | DATA_PRIVACY_SECURE | MAINTAIN_BASELINE_PRIVACY_BUDGET | 200
PRIV-04474 | 0.9773 | 1.4309 | 0.7751 | CRITICAL_MEMORIZATION_LEAK_HAZARD | TRIGGER_DYNAMIC_DIFFERENTIAL_PRIVACY_NOISE | 422
PRIV-04475 | 0.6001 | 1.4626 | 0.2093 | DATA_PRIVACY_SECURE | MAINTAIN_BASELINE_PRIVACY_BUDGET | 200
PRIV-04476 | 0.7307 | 0.1145 | 0.2268 | DATA_PRIVACY_SECURE | MAINTAIN_BASELINE_PRIVACY_BUDGET | 200
PRIV-04477 | 0.8731 | 3.1835 | 0.6206 | DATA_PRIVACY_SECURE | MAINTAIN_BASELINE_PRIVACY_BUDGET | 200
PRIV-04478 | 0.9154 | 2.5981 | 0.7442 | DATA_PRIVACY_SECURE | MAINTAIN_BASELINE_PRIVACY_BUDGET | 200
PRIV-04479 | 0.8785 | 0.2280 | 0.3216 | DATA_PRIVACY_SECURE | MAINTAIN_BASELINE_PRIVACY_BUDGET | 200
PRIV-04480 | 0.9729 | 0.8351 | 0.6844 | DATA_PRIVACY_SECURE | MAINTAIN_BASELINE_PRIVACY_BUDGET | 200
PRIV-04481 | 0.6042 | 2.2241 | 0.1513 | DATA_PRIVACY_SECURE | MAINTAIN_BASELINE_PRIVACY_BUDGET | 200
PRIV-04482 | 0.7706 | 2.1270 | 0.4203 | DATA_PRIVACY_SECURE | MAINTAIN_BASELINE_PRIVACY_BUDGET | 200
PRIV-04483 | 0.9310 | 1.3774 | 0.6107 | DATA_PRIVACY_SECURE | MAINTAIN_BASELINE_PRIVACY_BUDGET | 200
PRIV-04484 | 0.5140 | 2.5273 | 0.1479 | DATA_PRIVACY_SECURE | MAINTAIN_BASELINE_PRIVACY_BUDGET | 200
PRIV-04485 | 0.6110 | 2.4969 | 0.2094 | DATA_PRIVACY_SECURE | MAINTAIN_BASELINE_PRIVACY_BUDGET | 200
PRIV-04486 | 0.8729 | 2.8463 | 0.5649 | DATA_PRIVACY_SECURE | MAINTAIN_BASELINE_PRIVACY_BUDGET | 200
PRIV-04487 | 0.5087 | 2.8609 | 0.1414 | DATA_PRIVACY_SECURE | MAINTAIN_BASELINE_PRIVACY_BUDGET | 200
PRIV-04488 | 0.9256 | 0.3158 | 0.4355 | DATA_PRIVACY_SECURE | MAINTAIN_BASELINE_PRIVACY_BUDGET | 200
PRIV-04489 | 0.5506 | 1.1465 | 0.1619 | DATA_PRIVACY_SECURE | MAINTAIN_BASELINE_PRIVACY_BUDGET | 200
PRIV-04490 | 0.9468 | 1.1686 | 0.6476 | DATA_PRIVACY_SECURE | MAINTAIN_BASELINE_PRIVACY_BUDGET | 200
PRIV-04491 | 0.5940 | 3.1635 | 0.2169 | DATA_PRIVACY_SECURE | MAINTAIN_BASELINE_PRIVACY_BUDGET | 200
PRIV-04492 | 0.7586 | 2.7721 | 0.3726 | DATA_PRIVACY_SECURE | MAINTAIN_BASELINE_PRIVACY_BUDGET | 200
PRIV-04493 | 0.6724 | 2.6250 | 0.2599 | DATA_PRIVACY_SECURE | MAINTAIN_BASELINE_PRIVACY_BUDGET | 200
PRIV-04494 | 0.6241 | 0.8643 | 0.1527 | DATA_PRIVACY_SECURE | MAINTAIN_BASELINE_PRIVACY_BUDGET | 200
PRIV-04495 | 0.7313 | 2.0656 | 0.3814 | DATA_PRIVACY_SECURE | MAINTAIN_BASELINE_PRIVACY_BUDGET | 200
PRIV-04496 | 0.6325 | 1.8790 | 0.2866 | DATA_PRIVACY_SECURE | MAINTAIN_BASELINE_PRIVACY_BUDGET | 200
PRIV-04497 | 0.6431 | 1.6360 | 0.1905 | DATA_PRIVACY_SECURE | MAINTAIN_BASELINE_PRIVACY_BUDGET | 200
PRIV-04498 | 0.6946 | 0.5744 | 0.2575 | DATA_PRIVACY_SECURE | MAINTAIN_BASELINE_PRIVACY_BUDGET | 200
PRIV-04499 | 0.6774 | 2.0066 | 0.1872 | DATA_PRIVACY_SECURE | MAINTAIN_BASELINE_PRIVACY_BUDGET | 200
PRIV-04500 | 0.8301 | 3.3556 | 0.5049 | DATA_PRIVACY_SECURE | MAINTAIN_BASELINE_PRIVACY_BUDGET | 200
